id,formula,tc,origin,cls,n_nbr,nbr_median,nbr_min,nbr_max,nearest,nearest_tc,nearest_dist,chemsys
Bi1.6Pb0.35V0.05Sr2Ca2Cu3O10.12-MP-mp-1209015.cif,Bi1.6Pb0.35V0.05Sr2Ca2Cu3O10.12,103.7,new,high-in-zero-cloud,4,0.0,0.0,102.5,Bi1.6Pb0.3Sr2Ca2Cu3V0.1O10.12,102.5,0.005,Bi-Ca-Cu-O-Pb-Sr-V
Ba2Ca0.8Ce0.2Cu2Tl2O8-MP-mp-6885-synth_doped.cif,Ba2Ca0.8Ce0.2Cu2Tl2O8,103.0,V45,high-in-zero-cloud,3,0.0,0.0,100.0,Ba2Ca0.9Ce0.1Cu2Tl2O8,100.0,0.013,Ba-Ca-Ce-Cu-O-Tl
Bi1.6Pb0.3Sr2Ca2Cu3V0.1O10.12-MP-mp-1209015.cif,Bi1.6Pb0.3Sr2Ca2Cu3V0.1O10.12,102.5,new,high-in-zero-cloud,4,0.0,0.0,103.7,Bi1.6Pb0.35V0.05Sr2Ca2Cu3O10.12,103.7,0.005,Bi-Ca-Cu-O-Pb-Sr-V
Cr0.9Cu1Fe0.1O2-MP-mp-510625-synth_doped.cif,Cr0.9Cu1Fe0.1O2,98.0,V45,high-in-zero-cloud,3,0.0,0.0,117.5,Cu(Cr0.94Fe0.06)O2,0.0,0.02,Cr-Cu-Fe-O
Y1Ba2Cu2.94Zr0.06O6.81-MP-mp-20674.cif,Y1Ba2Cu2.94Zr0.06O6.81,92.3,new,high-in-zero-cloud,5,0.0,0.0,90.2,Y1Ba2Cu2.94Zr0.06O6.82,0.0,0.001,Ba-Cu-O-Y-Zr
Y1Ba2Cu2.98Zr0.02O6.84-MP-mp-20674.cif,Y1Ba2Cu2.98Zr0.02O6.84,90.2,new,high-in-zero-cloud,5,0.0,0.0,92.3,Y1Ba2Cu2.94Zr0.06O6.82,0.0,0.007,Ba-Cu-O-Y-Zr
Bi2Ca0.8Cu2Sr2.2O8-MP-mp-1218930-synth_doped.cif,Bi2Ca0.8Cu2Sr2.2O8,89.9,V45,high-in-zero-cloud,8,0.0,0.0,95.3,Bi2Ca0.92Cu2Sr2.08O8,95.3,0.016,Bi-Ca-Cu-O-Sr
Y1Ba2Cu2.98Zr0.2O6.75-MP-mp-1228425.cif,Y1Ba2Cu2.98Zr0.2O6.75,89.8,new,high-in-zero-cloud,5,0.0,0.0,92.3,Y1Ba2Cu2.91Zr0.09O6.73,0.0,0.021,Ba-Cu-O-Y-Zr
Y1Ba2Cu2.6Fe0.4O7.401-MP-icsd-63321.cif,Y1Ba2Cu2.6Fe0.4O7.401,82.0,new,high-in-zero-cloud,11,0.0,0.0,82.0,Fe0.5Ba2Y1Cu2.5O7.41,80.0,0.015,Ba-Cu-Fe-O-Y
Pr1Ba2Cu3O6.8-MP-mp-20936.cif,Pr1Ba2Cu3O6.8,81.0,new,high-in-zero-cloud,9,0.0,0.0,0.0,Pr1Ba2Cu3O6.849,0.0,0.004,Ba-Cu-O-Pr
Fe0.5Ba2Y1Cu2.5O7.41-MP-icsd-63321.cif,Fe0.5Ba2Y1Cu2.5O7.41,80.0,new,high-in-zero-cloud,7,0.0,0.0,82.0,Y1Ba2Cu2.5Fe0.5O7.35,80.0,0.004,Ba-Cu-Fe-O-Y
Y1Ba2Cu2.5Fe0.5O7.35-MP-icsd-63321.cif,Y1Ba2Cu2.5Fe0.5O7.35,80.0,new,high-in-zero-cloud,9,0.0,0.0,82.0,Fe0.5Ba2Y1Cu2.5O7.41,80.0,0.004,Ba-Cu-Fe-O-Y
Nd1.08Ba1.92Cu3O6.17-MP-mp-1228184.cif,Nd1.08Ba1.92Cu3O6.17,77.5,new,high-in-zero-cloud,5,0.0,0.0,90.5,Nd1Ba2Cu3O6.13,0.0,0.016,Ba-Cu-Nd-O
Cu1Sr2O3.1-MP-mp-5456-synth_doped.cif,Cu1Sr2O3.1,70.0,V45,high-in-zero-cloud,5,0.0,0.0,0.0,Cu1Sr2O3.02,0.0,0.013,Cu-O-Sr
Y0.6Pr0.4Ba1Sr1Cu3O6.89-MP-mp-1228182.cif,Y0.6Pr0.4Ba1Sr1Cu3O6.89,56.75,new,high-in-zero-cloud,3,0.0,0.0,36.0,Y0.6Pr0.4Ba1Sr1Cu3O6.95,0.0,0.004,Ba-Cu-O-Pr-Sr-Y
Er1Ba2Cu3O6.31-MP-mp-1229210.cif,Er1Ba2Cu3O6.31,55.0,new,high-in-zero-cloud,7,0.0,0.0,85.0,Er1Ba2Cu3O6.25,0.0,0.005,Ba-Cu-Er-O
Cu2Fe1Sr2Y1O7.51-MP-mvc-771-synth_doped.cif,Cu2Fe1Sr2Y1O7.51,53.5,V45,high-in-zero-cloud,5,0.0,0.0,53.0,Cu2Fe1Sr2Y1O7.6,0.0,0.006,Cu-Fe-O-Sr-Y
Cu2Fe1Sr2Y1O7.68-MP-mvc-771-synth_doped.cif,Cu2Fe1Sr2Y1O7.68,53.0,V45,high-in-zero-cloud,5,0.0,0.0,53.5,Cu2Fe1Sr2Y1O7.66,43.5,0.001,Cu-Fe-O-Sr-Y
Nd1.2Ba1.6Ca0.2Cu3O6.929-MP-mp-1228353.cif,Nd1.2Ba1.6Ca0.2Cu3O6.929,51.0,new,high-in-zero-cloud,5,0.0,0.0,65.0,Ca0.1Ba1.65Nd1.25Cu3O6.96,0.0,0.017,Ba-Ca-Cu-Nd-O
Y1Ba2Cu2.7Zn0.3O6.92-MP-mp-20674.cif,Y1Ba2Cu2.7Zn0.3O6.92,47.2,new,high-in-zero-cloud,26,0.0,0.0,64.0,Y1Ba2Cu2.7Zn0.3O6.89,0.0,0.002,Ba-Cu-O-Y-Zn
Y1Ba2Cu2.7Zn0.3O6.74-MP-mp-1228425.cif,Y1Ba2Cu2.7Zn0.3O6.74,45.0,new,high-in-zero-cloud,22,0.0,0.0,54.7,Y1Ba2Cu2.7Zn0.3O6.85,0.0,0.008,Ba-Cu-O-Y-Zn
Ru1Sr2Gd1.4Ce0.6Cu2O10-MP-mp-1218883.cif,Ru1Sr2Gd1.4Ce0.6Cu2O10,45.0,new,high-in-zero-cloud,4,0.0,0.0,34.0,RuSr2Gd1.4Ce0.6Cu2O10,0.0,0.0,Ce-Cu-Gd-O-Ru-Sr
Cu2Fe1Sr2Y1O7.66-MP-mvc-771-synth_doped.cif,Cu2Fe1Sr2Y1O7.66,43.5,V45,high-in-zero-cloud,5,0.0,0.0,53.5,Cu2Fe1Sr2Y1O7.68,53.0,0.001,Cu-Fe-O-Sr-Y
Eu1.2Ba1.8Cu3O7.18-MP-mp-772788.cif,Eu1.2Ba1.8Cu3O7.18,42.0,new,high-in-zero-cloud,8,0.0,0.0,83.2,Eu1.2Ba1.8Cu3O6.956,0.0,0.016,Ba-Cu-Eu-O
Eu1.3Ba1.7Cu3O7.15-MP-mp-772788.cif,Eu1.3Ba1.7Cu3O7.15,39.5,new,high-in-zero-cloud,7,0.0,0.0,42.0,Eu1.3Ba1.7Cu3O6.983,0.0,0.012,Ba-Cu-Eu-O
Tb1Sr2Cu2.7Mo0.3O7.15-MP-mp-1079351.cif,Tb1Sr2Cu2.7Mo0.3O7.15,37.0,new,high-in-zero-cloud,3,0.0,0.0,34.5,Tb1Sr2Cu2.7Mo0.3O7.12,0.0,0.002,Cu-Mo-O-Sr-Tb
La1.75Sr0.25Cu0.94Ni0.06O4-MP-mp-1077929.cif,La1.75Sr0.25Cu0.94Ni0.06O4,36.5,new,high-in-zero-cloud,31,0.0,0.0,34.4,La1.77Sr0.23Cu0.94Ni0.06O4,31.5,0.006,Cu-La-Ni-O-Sr
Nd1.3Ba1.5Ca0.2Cu3O6.952-MP-mp-1228353.cif,Nd1.3Ba1.5Ca0.2Cu3O6.952,36.0,new,high-in-zero-cloud,5,0.0,0.0,51.0,Nd1.4Ba1.4Ca0.2Cu3O6.976,0.0,0.017,Ba-Ca-Cu-Nd-O
Er1Ba2Cu3O6.15-MP-mp-1229210.cif,Er1Ba2Cu3O6.15,35.0,new,high-in-zero-cloud,5,0.0,0.0,55.0,Er1Ba2Cu3O6.16,0.0,0.001,Ba-Cu-Er-O
Tb1Sr2Cu2.69Mo0.31O7-MP-mp-1079351.cif,Tb1Sr2Cu2.69Mo0.31O7,34.5,new,high-in-zero-cloud,3,0.0,0.0,37.0,TbSr2Cu2.69Mo0.31O6.97,0.0,0.002,Cu-Mo-O-Sr-Tb
La1.855Sr0.145Cu0.99Ni0.01O4-MP-mp-1077929.cif,La1.855Sr0.145Cu0.99Ni0.01O4,33.0,new,high-in-zero-cloud,54,0.0,0.0,33.0,La1.86Sr0.14Cu0.99Ni0.01O4,0.0,0.001,Cu-La-Ni-O-Sr
Eu0.1La1.7Sr0.2Cu1O4-MP-mp-1077929.cif,Eu0.1La1.7Sr0.2Cu1O4,33.0,new,high-in-zero-cloud,7,0.0,0.0,10.0,La1.75Eu0.1Sr0.15CuO4,0.0,0.014,Cu-Eu-La-O-Sr
La1.85Sr0.15Cu0.993Ni0.007O4-MP-mp-1077929.cif,La1.85Sr0.15Cu0.993Ni0.007O4,32.6,new,high-in-zero-cloud,54,0.0,0.0,33.0,La1.85Sr0.15Cu0.99Ni0.01O4,30.675,0.001,Cu-La-Ni-O-Sr
Sm1.39Ba1.61Cu3O7.07-MP-icsd-68194.cif,Sm1.39Ba1.61Cu3O7.07,31.8,new,high-in-zero-cloud,10,0.0,0.0,50.05,Sm1.35Ba1.65Cu3O7.07,26.2,0.006,Ba-Cu-O-Sm
La1.77Sr0.23Cu0.94Ni0.06O4-MP-mp-1077929.cif,La1.77Sr0.23Cu0.94Ni0.06O4,31.5,new,high-in-zero-cloud,42,0.0,0.0,36.5,La1.78Sr0.22Cu0.94Ni0.06O4,0.0,0.003,Cu-La-Ni-O-Sr
Bi0.066Mo0.264Cu2.67Sr2Y1O7.32-MP-mp-1520951.cif,Bi0.066Mo0.264Cu2.67Sr2Y1O7.32,31.0,new,high-in-zero-cloud,5,0.0,0.0,29.0,Bi0.1155Mo0.2145Cu2.67Sr2Y1O7.25,0.0,0.012,Bi-Cu-Mo-O-Sr-Y
La1.85Sr0.15Cu0.99Ni0.01O4-MP-mp-1077929.cif,La1.85Sr0.15Cu0.99Ni0.01O4,30.675,new,high-in-zero-cloud,54,0.0,0.0,33.0,La1.85Sr0.15Cu0.993Ni0.007O4,32.6,0.001,Cu-La-Ni-O-Sr
La2Cu0.99Zn0.01O4.099-MP-mp-757399.cif,La2Cu0.99Zn0.01O4.099,29.3,new,high-in-zero-cloud,9,0.0,0.0,19.2,La2Cu0.98Zn0.02O4.099,19.2,0.003,Cu-La-O-Zn
Bi0.132Mo0.198Cu2.67Sr2Y1O7.2-MP-mp-1520951.cif,Bi0.132Mo0.198Cu2.67Sr2Y1O7.2,29.0,new,high-in-zero-cloud,6,0.0,0.0,31.0,Bi0.1485Mo0.1815Cu2.67Sr2Y1O7.21,20.6,0.003,Bi-Cu-Mo-O-Sr-Y
Ba0.77Bi1K0.23O3-MP-mp-559051-synth_doped.cif,Ba0.77Bi1K0.23O3,28.0,V45,high-in-zero-cloud,3,0.0,0.0,29.9,Ba0.75Bi1K0.25O3,0.0,0.008,Ba-Bi-K-O
Eu1.4Ba1.6Cu3O7.16-MP-mp-772788.cif,Eu1.4Ba1.6Cu3O7.16,28.0,new,high-in-zero-cloud,5,0.0,0.0,39.5,Eu1.4Ba1.6Cu3O7.006,0.0,0.011,Ba-Cu-Eu-O
Cu1La1.929Na0.071O4-MP-mp-1077929-synth_doped.cif,Cu1La1.929Na0.071O4,28.0,V45,high-in-zero-cloud,5,0.0,0.0,16.0,Cu1La1.95Na0.05O4,0.0,0.006,Cu-La-Na-O
La1.85Sr0.15Cu0.985Ni0.015O4-MP-mp-1077929.cif,La1.85Sr0.15Cu0.985Ni0.015O4,27.8,new,high-in-zero-cloud,57,0.0,0.0,33.0,La1.85Sr0.15Cu0.982Ni0.018O4,22.5,0.001,Cu-La-Ni-O-Sr
Eu0.5Pr0.5Ba2Cu4O8-MP-mp-6779.cif,Eu0.5Pr0.5Ba2Cu4O8,27.5,new,high-in-zero-cloud,3,0.0,0.0,40.0,Eu0.4Pr0.6Ba2Cu4O8,0.0,0.013,Ba-Cu-Eu-O-Pr
La1.2Ba1.8Cu3O7.3-MP-mp-505315.cif,La1.2Ba1.8Cu3O7.3,27.0,new,high-in-zero-cloud,11,0.0,0.0,80.0,La1.2Ba1.8Cu3O7.35,0.0,0.003,Ba-Cu-La-O
Y1Sr2Cu2.7Co0.3O6.7-MP-mp-985569.cif,Y1Sr2Cu2.7Co0.3O6.7,27.0,new,high-in-zero-cloud,3,0.0,0.0,13.0,Y1Sr2Cu2.7Co0.3O6.5,13.0,0.015,Co-Cu-O-Sr-Y
Nd2Cu1F0.24O3.76-MP-mp-4158.cif,Nd2Cu1F0.24O3.76,27.0,new,high-in-zero-cloud,4,0.0,0.0,24.5,Nd2Cu1F0.22O3.78,24.5,0.006,Cu-F-Nd-O
Nd1.45Ba1.55Cu3O7.08-MP-mp-1228592.cif,Nd1.45Ba1.55Cu3O7.08,26.5,new,high-in-zero-cloud,13,0.0,0.0,69.0,Nd1.4Ba1.6Cu3O7.09,38.0,0.008,Ba-Cu-Nd-O
Ba1Fe1.82Ru0.18As2-MP-mp-2903350.cif,Ba1Fe1.82Ru0.18As2,25.8,new,high-in-zero-cloud,3,0.0,0.0,0.0,Ba1Fe1.854Ru0.146As2,0.0,0.014,As-Ba-Fe-Ru
Nd2Cu1F0.22O3.78-MP-mp-4158.cif,Nd2Cu1F0.22O3.78,24.5,new,high-in-zero-cloud,5,0.0,0.0,27.0,Nd2Cu1F0.24O3.76,27.0,0.006,Cu-F-Nd-O
Ce0.14Cu1Nd1.86O4-MP-mp-4158-synth_doped.cif,Ce0.14Cu1Nd1.86O4,22.9,V45,high-in-zero-cloud,24,0.0,0.0,25.0,Ce0.13Cu1Nd1.87O4,0.0,0.003,Ce-Cu-Nd-O
Y1Ba2Cu3.7Zn0.3O8-MP-mp-6790.cif,Y1Ba2Cu3.7Zn0.3O8,22.5,new,high-in-zero-cloud,4,0.0,0.0,31.5,Y1Ba2Cu3.72Zn0.28O8,0.0,0.003,Ba-Cu-O-Y-Zn
La1.85Sr0.15Cu0.982Ni0.018O4-MP-mp-1077929.cif,La1.85Sr0.15Cu0.982Ni0.018O4,22.5,new,high-in-zero-cloud,59,0.0,0.0,33.0,La1.85Sr0.15Cu0.985Ni0.015O4,27.8,0.001,Cu-La-Ni-O-Sr
Nd1.85Ce0.15Cu1O3.95-MP-mp-4158.cif,Nd1.85Ce0.15Cu1O3.95,22.1,new,high-in-zero-cloud,23,0.0,0.0,25.0,Nd1.85Ce0.15Cu1O3.97,20.8,0.002,Ce-Cu-Nd-O
Y1Ba2Cu3O6.29-MP-mp-1229067.cif,Y1Ba2Cu3O6.29,21.9,new,high-in-zero-cloud,29,0.0,0.0,60.55,Y1Ba2Cu3O6.31,0.0,0.002,Ba-Cu-O-Y
Nd1.86Ce0.14Cu1O3.96-MP-mp-4158.cif,Nd1.86Ce0.14Cu1O3.96,21.3,new,high-in-zero-cloud,23,0.0,0.0,25.0,Nd1.85Ce0.15Cu1O3.95,22.1,0.003,Ce-Cu-Nd-O
Y1Sr2Cu2.65Ga0.35O6.7-MP-mp-556575.cif,Y1Sr2Cu2.65Ga0.35O6.7,21.0,new,high-in-zero-cloud,3,0.0,0.0,17.0,Y1Sr2Cu2.65Ga0.35O6.6,17.0,0.007,Cu-Ga-O-Sr-Y
La1.78Sr0.22Cu0.92Ni0.08O4-MP-mp-1077929.cif,La1.78Sr0.22Cu0.92Ni0.08O4,21.0,new,high-in-zero-cloud,38,0.0,0.0,36.5,La1.78Sr0.22Cu0.93Ni0.07O4,0.0,0.003,Cu-La-Ni-O-Sr
Nd1.85Ce0.15Cu1O3.97-MP-mp-4158.cif,Nd1.85Ce0.15Cu1O3.97,20.8,new,high-in-zero-cloud,23,0.0,0.0,25.0,Nd1.85Ce0.15Cu1O3.95,22.1,0.002,Ce-Cu-Nd-O
Bi0.1485Mo0.1815Cu2.67Sr2Y1O7.21-MP-mp-1520951.cif,Bi0.1485Mo0.1815Cu2.67Sr2Y1O7.21,20.6,new,high-in-zero-cloud,6,0.0,0.0,31.0,Bi0.165Mo0.165Cu2.67Sr2Y1O7.21,0.0,0.002,Bi-Cu-Mo-O-Sr-Y
Y0.35Pr0.65Ba1Sr1Cu3O6.9-MP-mp-1228182.cif,Y0.35Pr0.65Ba1Sr1Cu3O6.9,20.3,new,high-in-zero-cloud,10,0.0,0.0,36.0,Y0.35Pr0.65Ba1Sr1Cu3O6.95,0.0,0.004,Ba-Cu-O-Pr-Sr-Y
Nd1.5Ba1.5Cu3O7.14-MP-mp-1228592.cif,Nd1.5Ba1.5Cu3O7.14,20.0,new,high-in-zero-cloud,11,0.0,0.0,38.0,Nd1.5Ba1.5Cu3O7.12,15.4,0.001,Ba-Cu-Nd-O
Y0.9Ca0.1Sr2Cu2.5Fe0.5O6.9-MP-mp-1218669.cif,Y0.9Ca0.1Sr2Cu2.5Fe0.5O6.9,20.0,new,high-in-zero-cloud,5,0.0,0.0,19.0,Y0.88Ca0.12Sr2Cu2.5Fe0.5O6.89,19.0,0.004,Ca-Cu-Fe-O-Sr-Y
La2Cu0.98Zn0.02O4.099-MP-icsd-41494.cif,La2Cu0.98Zn0.02O4.099,19.2,new,high-in-zero-cloud,9,0.0,0.0,29.3,La2Cu0.99Zn0.01O4.099,29.3,0.003,Cu-La-O-Zn
Y1Ba2Cu3O6.375-MP-mp-1229067.cif,Y1Ba2Cu3O6.375,19.0,new,high-in-zero-cloud,31,0.0,0.0,93.4,Y1Ba2Cu3O6.346,12.3,0.002,Ba-Cu-O-Y
Y0.88Ca0.12Sr2Cu2.5Fe0.5O6.89-MP-mp-1218669.cif,Y0.88Ca0.12Sr2Cu2.5Fe0.5O6.89,19.0,new,high-in-zero-cloud,5,0.0,0.0,20.0,Y0.9Ca0.1Sr2Cu2.5Fe0.5O6.9,20.0,0.004,Ca-Cu-Fe-O-Sr-Y
Pb0.5Cd0.5Sr2Tb0.6Ca0.4Cu2O7-MP-mp-1208525.cif,Pb0.5Cd0.5Sr2Tb0.6Ca0.4Cu2O7,19.0,new,high-in-zero-cloud,3,0.0,0.0,19.0,Pb0.5Cd0.5Sr2Tb0.5Ca0.5Cu2O7,19.0,0.015,Ca-Cd-Cu-O-Pb-Sr-Tb
As1Fe0.94Ir0.06Sm1O1-MP-mp-20349-synth_doped.cif,As1Fe0.94Ir0.06Sm1O1,18.0,V45,high-in-zero-cloud,3,0.0,0.0,18.3,As1Fe0.96Ir0.04Sm1O1,0.0,0.01,As-Fe-Ir-O-Sm
Y1Sr2Cu2.65Ga0.35O6.6-MP-mp-556575.cif,Y1Sr2Cu2.65Ga0.35O6.6,17.0,new,high-in-zero-cloud,3,0.0,0.0,21.0,Y1Sr2Cu2.65Ga0.35O6.7,21.0,0.007,Cu-Ga-O-Sr-Y
Cu1La1.89Na0.11O4-MP-mp-1077929-synth_doped.cif,Cu1La1.89Na0.11O4,16.0,V45,high-in-zero-cloud,5,0.0,0.0,28.0,Cu1La1.9Na0.1O4,0.0,0.003,Cu-La-Na-O
Y1Sr2Cu2.8V0.2O6.5-MP-mp-985569.cif,Y1Sr2Cu2.8V0.2O6.5,16.0,new,high-in-zero-cloud,3,0.0,0.0,0.0,Y1Sr2Cu2.75V0.25O6.5,0.0,0.008,Cu-O-Sr-V-Y
Nd1.85Ce0.15Cu0.999Co0.001O4-MP-mp-4158.cif,Nd1.85Ce0.15Cu0.999Co0.001O4,15.475,new,high-in-zero-cloud,5,0.0,0.0,4.725,Nd1.85Ce0.15Cu0.995Co0.005O4,4.725,0.001,Ce-Co-Cu-Nd-O
Nd1.5Ba1.5Cu3O7.12-MP-mp-1228592.cif,Nd1.5Ba1.5Cu3O7.12,15.4,new,high-in-zero-cloud,11,0.0,0.0,38.0,Nd1.5Ba1.5Cu3O7.14,20.0,0.001,Ba-Cu-Nd-O
La1.83Sr0.17Cu0.97Ni0.03O4-MP-mp-1077929.cif,La1.83Sr0.17Cu0.97Ni0.03O4,14.8,new,high-in-zero-cloud,63,0.0,0.0,33.0,La1.83Sr0.17Cu0.96Ni0.04O4,7.233333333,0.003,Cu-La-Ni-O-Sr
Y0.3Pr0.7Ba1Sr1Cu3O6.95-MP-mp-1227458.cif,Y0.3Pr0.7Ba1Sr1Cu3O6.95,14.0,new,high-in-zero-cloud,8,0.0,0.0,23.0,Y0.3Pr0.7Ba1Sr1Cu3O6.9,0.0,0.004,Ba-Cu-O-Pr-Sr-Y
La1.85Sr0.15Cu0.971Ni0.029O4-MP-mp-1077929.cif,La1.85Sr0.15Cu0.971Ni0.029O4,13.975,new,high-in-zero-cloud,62,0.0,0.0,33.0,La1.85Sr0.15Cu0.966Ni0.034O4,9.4,0.001,Cu-La-Ni-O-Sr
La1.82Ba0.18Cu0.99Zn0.01O4-MP-mp-1077929.cif,La1.82Ba0.18Cu0.99Zn0.01O4,13.9,new,high-in-zero-cloud,7,0.0,0.0,12.4,La1.84Ba0.16Cu0.99Zn0.01O4,12.4,0.006,Ba-Cu-La-O-Zn
La2.8Ba3.2Cu6O14.07-MP-mp-558557.cif,La2.8Ba3.2Cu6O14.07,13.0,new,high-in-zero-cloud,10,0.0,0.0,40.0,La3.5Ba3.5Cu7O16.415,0.0,0.015,Ba-Cu-La-O
Ce0.02Cu2Gd0.98Ru1Sr2O8-MP-mp-1194240-synth_doped.cif,Ce0.02Cu2Gd0.98Ru1Sr2O8,13.0,V45,high-in-zero-cloud,3,0.0,0.0,0.0,Ce0.05Cu2Gd0.95Ru1Sr2O8,0.0,0.004,Ce-Cu-Gd-O-Ru-Sr
Nd2Cu1F0.2O4-MP-mp-1097048.cif,Nd2Cu1F0.2O4,13.0,new,high-in-zero-cloud,7,0.0,0.0,19.0,Nd2Cu1F0.15O3.85,0.0,0.024,Cu-F-Nd-O
La1.84Ba0.16Cu0.99Zn0.01O4-MP-mp-1077929.cif,La1.84Ba0.16Cu0.99Zn0.01O4,12.4,new,high-in-zero-cloud,8,0.0,0.0,13.9,La1.82Ba0.18Cu0.99Zn0.01O4,13.9,0.006,Ba-Cu-La-O-Zn
Y1Ba2Cu3O6.346-MP-mp-1229067.cif,Y1Ba2Cu3O6.346,12.3,new,high-in-zero-cloud,32,0.0,0.0,93.4,Y1Ba2Cu3O6.375,19.0,0.002,Ba-Cu-O-Y
Y1Ba2Cu2.6Co0.4O7.03-MP-icsd-63321.cif,Y1Ba2Cu2.6Co0.4O7.03,11.3,new,high-in-zero-cloud,17,0.0,0.0,66.2,Y1Ba2Cu2.58Co0.42O7.019,0.0,0.004,Ba-Co-Cu-O-Y
Fe0.98Ni0.02Se0.82-MP-mp-1106121.cif,Fe0.98Ni0.02Se0.82,11.3,new,high-in-zero-cloud,3,0.0,0.0,6.65,Fe0.99Ni0.01Se0.82,6.65,0.011,Fe-Ni-Se
Nd1Ba2Cu3O6.09-MP-mp-1228184.cif,Nd1Ba2Cu3O6.09,90.5,new,mid-outlier,4,30.2,0.0,77.5,Nd1Ba2Cu3O6.13,0.0,0.003,Ba-Cu-Nd-O
Y1Ba2Cu2.9955Zn0.0045O6.95-MP-mp-20674.cif,Y1Ba2Cu2.9955Zn0.0045O6.95,90.0,new,mid-outlier,78,42.7,0.0,89.2,Y1Ba2Cu2.985Zn0.015O6.95,87.0,0.002,Ba-Cu-O-Y-Zn
Y1Ba2Cu2.982Zn0.018O6.9-MP-mp-20674.cif,Y1Ba2Cu2.982Zn0.018O6.9,89.2,new,mid-outlier,85,41.0,0.0,90.0,Y1Ba2Cu2.97Zn0.03O6.9,81.0,0.002,Ba-Cu-O-Y-Zn
Y1Ba2Cu2.9925Zn0.0075O6.92-MP-mp-20674.cif,Y1Ba2Cu2.9925Zn0.0075O6.92,88.0,new,mid-outlier,81,42.5,0.0,90.0,Y1Ba2Cu2.9955Zn0.0045O6.95,90.0,0.002,Ba-Cu-O-Y-Zn
Y1Ba2Cu2.985Zn0.015O6.95-MP-mp-20674.cif,Y1Ba2Cu2.985Zn0.015O6.95,87.0,new,mid-outlier,79,42.5,0.0,90.0,Y1Ba2Cu2.9955Zn0.0045O6.95,90.0,0.002,Ba-Cu-O-Y-Zn
Gd1Ba1.5Sr0.5Cu3O6.93-MP-mp-19813.cif,Gd1Ba1.5Sr0.5Cu3O6.93,85.5,new,mid-outlier,3,32.0,17.0,50.0,Gd1Ba1.5Sr0.5Cu3O6.73,50.0,0.015,Ba-Cu-Gd-O-Sr
Ba2Cu3Nd0.97Pr0.03O7-MP-mp-22719-synth_doped.cif,Ba2Cu3Nd0.97Pr0.03O7,85.1,V45,mid-outlier,10,41.0,4.1,68.2,Ba2Cu3Nd0.92Pr0.08O7,68.2,0.008,Ba-Cu-Nd-O-Pr
Dy1Ba1Sr1Cu3O6.93-MP-mp-622105.cif,Dy1Ba1Sr1Cu3O6.93,82.25,new,mid-outlier,4,22.4,0.0,78.275,Dy1Ba1Sr1Cu3O6.89,78.275,0.003,Ba-Cu-Dy-O-Sr
Y1Ba2Cu2.68Fe0.32O7.343-MP-icsd-63321.cif,Y1Ba2Cu2.68Fe0.32O7.343,82.0,new,mid-outlier,15,32.0,0.0,85.0,Y1Ba2Cu2.64Fe0.36O7.12,32.0,0.015,Ba-Cu-Fe-O-Y
Y1Ba2Cu2.97Zn0.03O6.9-MP-mp-20674.cif,Y1Ba2Cu2.97Zn0.03O6.9,81.0,new,mid-outlier,86,40.5,0.0,90.0,Y1Ba2Cu2.982Zn0.018O6.9,89.2,0.002,Ba-Cu-O-Y-Zn
La1.2Ba1.8Cu3O6.98-MP-mp-622210.cif,La1.2Ba1.8Cu3O6.98,80.0,new,mid-outlier,8,27.0,0.0,52.0,La2.4Ba3.6Cu6O14.01,39.0,0.002,Ba-Cu-La-O
La1Ba1.5Ca0.5Cu3O6.96-MP-mp-1228470.cif,La1Ba1.5Ca0.5Cu3O6.96,79.9,new,mid-outlier,24,39.0,0.0,79.0,La1Ba1.5Ca0.5Cu3O7.011,78.0,0.004,Ba-Ca-Cu-La-O
Dy1Ba1Sr1Cu3O6.89-MP-mp-622105.cif,Dy1Ba1Sr1Cu3O6.89,78.275,new,mid-outlier,4,22.4,0.0,82.25,Dy1Ba1Sr1Cu3O6.93,82.25,0.003,Ba-Cu-Dy-O-Sr
Y1Sr2Mo0.25Cu2.75O7.54-MP-mp-1079351.cif,Y1Sr2Mo0.25Cu2.75O7.54,78.0,new,mid-outlier,4,38.0,29.0,65.0,Bi0Mo0.33Cu2.67Sr2Y1O7.41,33.0,0.017,Cu-Mo-O-Sr-Y
Bi2Ca0.9Ce0.1Cu2Sr2O8-MP-mp-1218930-synth_doped.cif,Bi2Ca0.9Ce0.1Cu2Sr2O8,75.455,V45,mid-outlier,3,17.0,0.0,80.0,Bi2Ca0.95Ce0.05Cu2Sr2O8,80.0,0.007,Bi-Ca-Ce-Cu-O-Sr
Tl1Sr2Ca1Cu2O6.68-MP-mp-20824.cif,Tl1Sr2Ca1Cu2O6.68,75.0,new,mid-outlier,9,23.0,0.0,52.0,Tl1Sr2Ca1Cu2O6.75,40.0,0.005,Ca-Cu-O-Sr-Tl
Y1Ba2Cu2.75Co0.25O7.06-MP-icsd-63321.cif,Y1Ba2Cu2.75Co0.25O7.06,66.2,new,mid-outlier,20,29.0,0.0,71.0,Y1Ba2Cu2.76Co0.24O6.999,50.7,0.006,Ba-Co-Cu-O-Y
Nd1.1Ba1.7Ca0.2Cu3O6.894-MP-mp-22719.cif,Nd1.1Ba1.7Ca0.2Cu3O6.894,65.0,new,mid-outlier,4,25.5,0.0,73.0,Nd1Ba1.8Ca0.2Cu3O6.866,73.0,0.017,Ba-Ca-Cu-Nd-O
Nd1Ba2Cu3O6.23-MP-mp-1228184.cif,Nd1Ba2Cu3O6.23,60.5,new,mid-outlier,6,7.0,0.0,90.5,Nd1Ba2Cu3O6.3,0.0,0.006,Ba-Cu-Nd-O
La1.8Sr0.2Ca1Cu2O5.98-MP-mp-1213978.cif,La1.8Sr0.2Ca1Cu2O5.98,60.0,new,mid-outlier,11,15.0,0.0,54.0,La1.8Sr0.2Ca1Cu2O5.96,54.0,0.002,Ca-Cu-La-O-Sr
Y1Sr2Cu2.7Ti0.3O7-MP-mp-985569.cif,Y1Sr2Cu2.7Ti0.3O7,58.0,new,mid-outlier,9,21.0,0.0,56.0,Y1Sr2Cu2.7Ti0.3O7.098,0.0,0.007,Cu-O-Sr-Ti-Y
Y1Sr2Cu2.675Ti0.325O7.1-MP-mp-1046189.cif,Y1Sr2Cu2.675Ti0.325O7.1,56.0,new,mid-outlier,7,21.0,0.0,58.0,Y1Sr2Cu2.65Ti0.35O7.1,53.0,0.004,Cu-O-Sr-Ti-Y
La1.8Sr0.2Ca1Cu2O5.96-MP-mp-1213978.cif,La1.8Sr0.2Ca1Cu2O5.96,54.0,new,mid-outlier,11,15.0,0.0,60.0,La1.8Sr0.2Ca1Cu2O5.98,60.0,0.002,Ca-Cu-La-O-Sr
Nd1Ba2Cu2.95Ga0.05O6.59-MP-mp-22719.cif,Nd1Ba2Cu2.95Ga0.05O6.59,53.0,new,mid-outlier,3,23.0,0.0,38.0,Nd1Ba2Cu2.9Ga0.1O6.61,38.0,0.009,Ba-Cu-Ga-Nd-O
Y1Sr2Cu2.65Ti0.35O7.1-MP-mp-1046189.cif,Y1Sr2Cu2.65Ti0.35O7.1,53.0,new,mid-outlier,7,21.0,0.0,58.0,Y1Sr2Cu2.675Ti0.325O7.1,56.0,0.004,Cu-O-Sr-Ti-Y
Tl1Sr2Ca1Cu2O6.61-MP-mp-20824.cif,Tl1Sr2Ca1Cu2O6.61,52.0,new,mid-outlier,9,23.0,0.0,75.0,Tl1Sr2Ca1Cu2O6.58,43.0,0.002,Ca-Cu-O-Sr-Tl
La1.77Sr0.23Ca1Cu2O6.03-MP-mp-1213978.cif,La1.77Sr0.23Ca1Cu2O6.03,51.5,new,mid-outlier,11,15.0,0.0,60.0,La1.8Sr0.2Ca1Cu2O6.03,51.0,0.005,Ca-Cu-La-O-Sr
La1.8Sr0.2Ca1Cu2O6.03-MP-mp-1213978.cif,La1.8Sr0.2Ca1Cu2O6.03,51.0,new,mid-outlier,11,15.0,0.0,60.0,La1.8Sr0.2Ca1Cu2O5.98,60.0,0.004,Ca-Cu-La-O-Sr
Nd0.8Pr0.2Ba2Cu3O6.81-MP-mp-22719.cif,Nd0.8Pr0.2Ba2Cu3O6.81,50.0,new,mid-outlier,19,16.8,0.0,57.2,Nd0.8Pr0.2Ba2Cu3O6.85,30.2,0.003,Ba-Cu-Nd-O-Pr
Y1Ba1.9La0.1Cu3.972Zn0.028O8-MP-mp-6790.cif,Y1Ba1.9La0.1Cu3.972Zn0.028O8,48.7,new,mid-outlier,3,17.8,16.2,33.3,Y1Ba1.9La0.1Cu3.95Zn0.05O8,33.3,0.003,Ba-Cu-La-O-Y-Zn
Bi2Sr2Ca0.57Pr0.43Cu2O8-MP-mp-1218930.cif,Bi2Sr2Ca0.57Pr0.43Cu2O8,48.0,new,mid-outlier,6,23.7,0.0,88.0,Bi2Sr2Ca0.6Pr0.4Cu2O8,42.2,0.004,Bi-Ca-Cu-O-Pr-Sr
La3.1Gd0.2Ca0.4Ba3.3Cu7O16.473-MP-icsd-64631.cif,La3.1Gd0.2Ca0.4Ba3.3Cu7O16.473,48.0,new,mid-outlier,3,15.0,0.0,39.0,La1.9Gd0.1Ba2Ca0.2Cu4.2O9.839,15.0,0.009,Ba-Ca-Cu-Gd-La-O
La1.85Sr0.15Ca1Cu2O6.03-MP-mp-1213978.cif,La1.85Sr0.15Ca1Cu2O6.03,47.5,new,mid-outlier,11,15.0,0.0,60.0,La1.83Ca1.006Sr0.164Cu2O6.08,14.1,0.007,Ca-Cu-La-O-Sr
Y0.8Pr0.2Ba2Cu3.975Fe0.025O8-MP-mp-1229203.cif,Y0.8Pr0.2Ba2Cu3.975Fe0.025O8,46.0,new,mid-outlier,3,10.0,0.0,33.0,Y0.8Pr0.2Ba2Cu3.95Fe0.05O8,33.0,0.003,Ba-Cu-Fe-O-Pr-Y
Bi1.6Pb0.4Sr2Cu3Ca2O10.04-MP-mp-1209015.cif,Bi1.6Pb0.4Sr2Cu3Ca2O10.04,45.0,new,mid-outlier,10,102.0,67.1,108.6,Bi1.6Pb0.4Sr2Ca2Cu3O10.07,81.15,0.001,Bi-Ca-Cu-O-Pb-Sr
La1.9Sr0.1Ca1Cu2O6.03-MP-mp-1213978.cif,La1.9Sr0.1Ca1Cu2O6.03,43.0,new,mid-outlier,11,15.0,0.0,60.0,La1.9Sr0.1Ca1Cu2O6.02,0.0,0.001,Ca-Cu-La-O-Sr
La1.25Ba1.75Cu3O7.07-MP-mp-558557.cif,La1.25Ba1.75Cu3O7.07,40.0,new,mid-outlier,10,19.5,0.0,80.0,La2.6Ba3.4Cu6O14.06,26.0,0.01,Ba-Cu-La-O
La1Ba1Cu2.88Co0.12O7-MP-mp-1214652.cif,La1Ba1Cu2.88Co0.12O7,40.0,new,mid-outlier,3,14.0,0.0,57.0,La1Ba1Cu2.82Co0.18O7,14.0,0.01,Ba-Co-Cu-La-O
La1.98Sr0.02Cu1O4.09-MP-mp-757399.cif,La1.98Sr0.02Cu1O4.09,40.0,new,mid-outlier,34,16.9,0.0,40.0,La1.97Sr0.03Cu1O4.06,39.0,0.004,Cu-La-O-Sr
La1.99Sr0.01Cu1O4.13-MP-mp-757399.cif,La1.99Sr0.01Cu1O4.13,40.0,new,mid-outlier,26,8.1,0.0,40.0,La1.98Sr0.02Cu1O4.09,40.0,0.005,Cu-La-O-Sr
La1Ba1.5Ca0.5Cu3O6.79-MP-mp-1228470.cif,La1Ba1.5Ca0.5Cu3O6.79,40.0,new,mid-outlier,22,17.0,0.0,79.9,La1Ba1.5Ca0.5Cu3O6.8,0.0,0.001,Ba-Ca-Cu-La-O
Sm1.15Ba1.85Cu3O6.955-MP-mp-21451.cif,Sm1.15Ba1.85Cu3O6.955,38.65,new,mid-outlier,19,78.5,0.0,91.1,Ba1.85Cu3Sm1.15O7,83.0,0.003,Ba-Cu-O-Sm
Sm1Ba2Cu3O6.75-MP-mp-21451.cif,Sm1Ba2Cu3O6.75,38.4,new,mid-outlier,21,83.6,0.0,93.5,Sm1Ba2Cu3O6.73,56.275,0.001,Ba-Cu-O-Sm
Nd1.4Ba1.6Cu3O7.09-MP-mp-1228592.cif,Nd1.4Ba1.6Cu3O7.09,38.0,new,mid-outlier,13,15.4,0.0,69.0,Nd1.4Ba1.6Cu3O7.002,0.0,0.006,Ba-Cu-Nd-O
Ba2Cu3Eu0.6Pr0.4O7-MP-mp-1228601-synth_doped.cif,Ba2Cu3Eu0.6Pr0.4O7,37.8,V45,mid-outlier,5,15.0,0.0,53.8,Eu0.6Pr0.4Ba2Cu3O6.97,15.0,0.002,Ba-Cu-Eu-O-Pr
Ba2Cu1Hg1O4.37-MP-mp-6562-synth_doped.cif,Ba2Cu1Hg1O4.37,37.5,V45,mid-outlier,17,82.0,0.0,97.4,Ba2Cu1Hg1O4.39,24.2,0.002,Ba-Cu-Hg-O
Cu1Nd0.14Sr0.86O2-MP-mp-5787-synth_doped.cif,Cu1Nd0.14Sr0.86O2,37.5,V45,mid-outlier,5,18.0,0.0,40.0,Sr0.84Nd0.16Cu1O2.01,40.0,0.012,Cu-Nd-O-Sr
La1.67Sr0.33Cu1O4-MP-mp-1218244.cif,La1.67Sr0.33Cu1O4,37.0,new,mid-outlier,20,6.5,0.0,37.0,La1.65Sr0.35Cu1O4,0.0,0.006,Cu-La-O-Sr
Ba2Cu1Hg1O4.032-MP-mp-6562-synth_doped.cif,Ba2Cu1Hg1O4.032,36.0,V45,mid-outlier,35,88.0,0.0,98.0,Ba2Cu1Hg1O4.033,48.0,0.0,Ba-Cu-Hg-O
Y0.5Pr0.5Ba1Sr1Cu3O6.9-MP-mp-1228182.cif,Y0.5Pr0.5Ba1Sr1Cu3O6.9,36.0,new,mid-outlier,8,9.0,0.0,56.75,Y0.5Pr0.5Ba1Sr1Cu3O6.95,0.0,0.004,Ba-Cu-O-Pr-Sr-Y
Tl1Sr2Ca0.4Y0.6Cu2O7-MP-mp-1218486.cif,Tl1Sr2Ca0.4Y0.6Cu2O7,35.0,new,mid-outlier,3,92.0,92.0,92.0,Tl1Sr2Ca0.4Y0.6Cu2O6.93,92.0,0.005,Ca-Cu-O-Sr-Tl-Y
La1.1Ba1.5Ca0.4Cu3O7.25-MP-mp-505315.cif,La1.1Ba1.5Ca0.4Cu3O7.25,35.0,new,mid-outlier,20,71.0,0.0,79.8,La1.1Ba1.5Ca0.4Cu3O7.17,70.0,0.006,Ba-Ca-Cu-La-O
Hg0.85Re0.15Ba2Cu1O4.58-MP-mp-1147523.cif,Hg0.85Re0.15Ba2Cu1O4.58,34.85,new,mid-outlier,6,95.0,93.7,96.8,Hg0.85Re0.15Ba2Cu1O4.55,93.7,0.003,Ba-Cu-Hg-O-Re
La1.85Sr0.15Cu0.9975Co0.0025O4-MP-mp-1077929.cif,La1.85Sr0.15Cu0.9975Co0.0025O4,34.8,new,mid-outlier,12,12.9,0.0,31.8,La1.85Sr0.15Cu0.996Co0.004O4,30.6,0.0,Co-Cu-La-O-Sr
La1.85Sr0.15Cu0.9975Zn0.0025O4-MP-mp-1077929.cif,La1.85Sr0.15Cu0.9975Zn0.0025O4,34.8,new,mid-outlier,63,13.1,0.0,30.8375,La1.85Sr0.15Cu0.9925Zn0.0075O4,30.8375,0.001,Cu-La-O-Sr-Zn
La1.73Sr0.27Cu0.94Ni0.06O4-MP-mp-1077929.cif,La1.73Sr0.27Cu0.94Ni0.06O4,34.4,new,mid-outlier,23,4.7,0.0,36.5,La1.71Sr0.29Cu0.94Ni0.06O4,30.4,0.006,Cu-La-Ni-O-Sr
Sm1Ba2Cu3O6.62-MP-mp-21451.cif,Sm1Ba2Cu3O6.62,34.2,new,mid-outlier,18,71.7,0.0,91.1,Sm1Ba2Cu3O6.64,0.0,0.002,Ba-Cu-O-Sm
Y1Ba1Sr1Cu3O6.685-MP-icsd-63321.cif,Y1Ba1Sr1Cu3O6.685,34.0,new,mid-outlier,8,81.9,58.5,86.1,Y1Ba1Sr1Cu3O6.83,58.5,0.011,Ba-Cu-O-Sr-Y
La1.1Ba1.5Ca0.4Cu3O6.76-MP-mp-1228470.cif,La1.1Ba1.5Ca0.4Cu3O6.76,34.0,new,mid-outlier,17,70.0,0.0,79.9,La1.1Ba1.5Ca0.4Cu3O6.82,72.0,0.004,Ba-Ca-Cu-La-O
La1.85Sr0.15Cu0.997Fe0.003O4-MP-mp-1077929.cif,La1.85Sr0.15Cu0.997Fe0.003O4,33.6,new,mid-outlier,13,15.0,0.0,32.5,La1.85Sr0.15Cu0.996Fe0.004O4,27.825,0.0,Cu-Fe-La-O-Sr
Ba0.105Cu1La1.895O4-MP-mp-1077929-synth_doped.cif,Ba0.105Cu1La1.895O4,33.1,V45,mid-outlier,40,13.1,0.0,32.0,Ba0.103Cu1La1.897O4,14.5,0.001,Ba-Cu-La-O
Y0.8Pr0.2Ba2Cu3.95Fe0.05O8-MP-mp-1229203.cif,Y0.8Pr0.2Ba2Cu3.95Fe0.05O8,33.0,new,mid-outlier,3,10.0,0.0,46.0,Y0.8Pr0.2Ba2Cu3.975Fe0.025O8,46.0,0.003,Ba-Cu-Fe-O-Pr-Y
La1.835Sr0.165Cu0.995Ni0.005O4-MP-mp-1077929.cif,La1.835Sr0.165Cu0.995Ni0.005O4,33.0,new,mid-outlier,57,0.0,0.0,33.0,La1.83Sr0.17Cu0.99Ni0.01O4,30.1,0.003,Cu-La-Ni-O-Sr
Ba1.9Cu3La0.1Y1O6.5-MP-mp-20897-synth_doped.cif,Ba1.9Cu3La0.1Y1O6.5,32.9,V45,mid-outlier,11,67.0,0.0,99.0,Y1Ba1.9La0.1Cu3O6.6,50.6,0.008,Ba-Cu-La-O-Y
Sm1Ba2Cu3O6.65-MP-mp-21451.cif,Sm1Ba2Cu3O6.65,32.8,new,mid-outlier,20,71.7,0.0,91.1,Sm1Ba2Cu3O6.64,0.0,0.001,Ba-Cu-O-Sm
La1.84Sr0.16Cu0.99Fe0.01O4-MP-mp-1077929.cif,La1.84Sr0.16Cu0.99Fe0.01O4,32.5,new,mid-outlier,14,14.8,0.0,33.6,La1.85Sr0.15Cu0.988Fe0.012O4,8.4,0.003,Cu-Fe-La-O-Sr
Y0.8Ca0.2Ba2Cu3O6.41-MP-mp-20897.cif,Y0.8Ca0.2Ba2Cu3O6.41,32.4,new,mid-outlier,20,68.0,0.0,84.2,Y0.8Ca0.2Ba2Cu3O6.4,52.6,0.001,Ba-Ca-Cu-O-Y
Ba0.094Cu1La1.906O4-MP-mp-1077929-synth_doped.cif,Ba0.094Cu1La1.906O4,32.0,V45,mid-outlier,39,12.3,0.0,33.1,Ba0.095Cu1La1.905O4,29.0,0.0,Ba-Cu-La-O
La1.85Sr0.038Ba0.112Cu1O4-MP-mp-1077929.cif,La1.85Sr0.038Ba0.112Cu1O4,32.0,new,mid-outlier,6,12.8,6.0,31.7,La1.875Ba0.1Sr0.025Cu1O4,6.0,0.007,Ba-Cu-La-O-Sr
La1.81Sr0.15Ho0.04Cu1O4-MP-mp-1077929.cif,La1.81Sr0.15Ho0.04Cu1O4,31.825,new,mid-outlier,3,12.8,9.95,27.85,La1.85Sr0.11Ho0.04Cu1O4,12.8,0.011,Cu-Ho-La-O-Sr
La1.875Ba0.04Sr0.085Cu1O4-MP-mp-1077929.cif,La1.875Ba0.04Sr0.085Cu1O4,31.7,new,mid-outlier,7,15.2,6.0,32.0,La1.875Ba0.05Sr0.075Cu1O4,15.25,0.003,Ba-Cu-La-O-Sr
Nd1Ba2Cu3O6.67-MP-mp-22719.cif,Nd1Ba2Cu3O6.67,31.65,new,mid-outlier,16,77.8,0.0,94.0,Nd1Ba2Cu3O6.6,14.0,0.005,Ba-Cu-Nd-O
La1.875Ba0.005Sr0.12Cu1O4-MP-mp-1077929.cif,La1.875Ba0.005Sr0.12Cu1O4,31.1,new,mid-outlier,6,12.8,6.0,31.7,La1.875Ba0.025Sr0.1Cu1O4,29.65,0.006,Ba-Cu-La-O-Sr
La1.85Sr0.15Cu0.9925Zn0.0075O4-MP-mp-1077929.cif,La1.85Sr0.15Cu0.9925Zn0.0075O4,30.8375,new,mid-outlier,65,13.0,0.0,34.8,La1.85Sr0.15Cu0.99Zn0.01O4,28.36,0.001,Cu-La-O-Sr-Zn
Y1Ba2Cu2.9Fe0.1O6.72-MP-mp-1228425.cif,Y1Ba2Cu2.9Fe0.1O6.72,30.75,new,mid-outlier,42,65.7,0.0,91.8,Y1Ba2Cu2.9Fe0.1O6.75,37.4,0.002,Ba-Cu-Fe-O-Y
La1.85Sr0.15Cu0.996Co0.004O4-MP-mp-1077929.cif,La1.85Sr0.15Cu0.996Co0.004O4,30.6,new,mid-outlier,12,12.9,0.0,34.8,La1.85Sr0.15Cu0.9975Co0.0025O4,34.8,0.0,Co-Cu-La-O-Sr
La1.71Sr0.29Cu0.94Ni0.06O4-MP-mp-1077929.cif,La1.71Sr0.29Cu0.94Ni0.06O4,30.4,new,mid-outlier,17,4.7,0.0,36.5,La1.73Sr0.27Cu0.94Ni0.06O4,34.4,0.006,Cu-La-Ni-O-Sr
La1.83Sr0.17Cu0.99Ni0.01O4-MP-mp-1077929.cif,La1.83Sr0.17Cu0.99Ni0.01O4,30.1,new,mid-outlier,59,0.0,0.0,33.0,La1.835Sr0.165Cu0.995Ni0.005O4,33.0,0.003,Cu-La-Ni-O-Sr
Dy1Ba1Sr1Cu3O6.7-MP-mp-622105.cif,Dy1Ba1Sr1Cu3O6.7,29.9,new,mid-outlier,5,14.8,0.0,82.25,Dy1Ba1Sr1Cu3O6.6,14.85,0.007,Ba-Cu-Dy-O-Sr
La1.85Sr0.15Cu0.995Ga0.005O4-MP-mp-1077929.cif,La1.85Sr0.15Cu0.995Ga0.005O4,29.8,new,mid-outlier,6,0.6,0.0,26.9,La1.85Sr0.15Cu0.985Ga0.015O4,13.7,0.003,Cu-Ga-La-O-Sr
Ba0.095Cu1La1.905O4-MP-mp-1077929-synth_doped.cif,Ba0.095Cu1La1.905O4,29.0,V45,mid-outlier,40,13.1,0.0,33.1,Ba0.094Cu1La1.906O4,32.0,0.0,Ba-Cu-La-O
Ba0.102Cu1La1.898O4-MP-mp-1077929-synth_doped.cif,Ba0.102Cu1La1.898O4,29.0,V45,mid-outlier,40,13.1,0.0,33.1,Ba0.103Cu1La1.897O4,14.5,0.0,Ba-Cu-La-O
Y1Ba2Cu2.9Ni0.1O6.71-MP-mp-1228425.cif,Y1Ba2Cu2.9Ni0.1O6.71,29.0,new,mid-outlier,32,64.8,0.0,90.5,Y1.01Ba2.01Cu2.906Ni0.094O6.7,71.0,0.003,Ba-Cu-Ni-O-Y
Sm1Ba2Cu2.9Zn0.1O6.83-MP-mp-21451.cif,Sm1Ba2Cu2.9Zn0.1O6.83,29.0,new,mid-outlier,5,59.0,0.0,81.0,Sm1Ba2Cu2.92Zn0.08O6.85,49.0,0.004,Ba-Cu-O-Sm-Zn
Sr0.2La1.8Cu0.99Zn0.01O4-MP-mp-1077929.cif,Sr0.2La1.8Cu0.99Zn0.01O4,29.0,new,mid-outlier,58,14.1,0.0,34.8,La1.8Sr0.2Cu0.9883Zn0.0117O4,23.6,0.0,Cu-La-O-Sr-Zn
Y1Sr2Cu2.65Mo0.35O7.2-MP-mp-1079351.cif,Y1Sr2Cu2.65Mo0.35O7.2,29.0,new,mid-outlier,5,65.0,33.0,78.0,Y1Sr2Cu2.65Mo0.35O7.4,43.0,0.014,Cu-Mo-O-Sr-Y
Sm1Ba2Cu3O6.554-MP-mp-21451.cif,Sm1Ba2Cu3O6.554,28.75,new,mid-outlier,15,59.8,0.0,91.1,Sm1Ba2Cu3O6.53,0.0,0.002,Ba-Cu-O-Sm
La1.85Sr0.15Cu0.99Zn0.01O4-MP-mp-1077929.cif,La1.85Sr0.15Cu0.99Zn0.01O4,28.36,new,mid-outlier,65,13.0,0.0,34.8,La1.85Sr0.15Cu0.9925Zn0.0075O4,30.8375,0.001,Cu-La-O-Sr-Zn
La1.79Sr0.21Cu0.94Ni0.06O4-MP-mp-1077929.cif,La1.79Sr0.21Cu0.94Ni0.06O4,28.3,new,mid-outlier,55,2.0,0.0,36.5,La1.8Sr0.2Cu0.94Ni0.06O4,0.0,0.003,Cu-La-Ni-O-Sr
Y1Ba1.8La0.2Cu3O6.6-MP-mp-1228425.cif,Y1Ba1.8La0.2Cu3O6.6,28.1,new,mid-outlier,17,61.4,0.0,92.85,Y1Ba1.8La0.2Cu3O6.7,44.3,0.007,Ba-Cu-La-O-Y
La1.76Sr0.2Ho0.04Cu1O4-MP-mp-1077929.cif,La1.76Sr0.2Ho0.04Cu1O4,27.85,new,mid-outlier,3,12.8,9.95,31.825,La1.81Sr0.15Ho0.04Cu1O4,31.825,0.014,Cu-Ho-La-O-Sr
Y1Ba2Cu2.8Fe0.2O6.76-MP-mp-1228903.cif,Y1Ba2Cu2.8Fe0.2O6.76,27.8,new,mid-outlier,37,63.8,0.0,91.8,Y1Ba2Cu2.8Fe0.2O6.8,43.9,0.003,Ba-Cu-Fe-O-Y
As1Ce1F0.08Fe1O0.92-MP-mp-605060-synth_doped.cif,As1Ce1F0.08Fe1O0.92,27.6,V45,mid-outlier,7,11.8,0.0,47.0,As1Ce1F0.06Fe1O0.94,0.0,0.01,As-Ce-F-Fe-O
Y0.5Pr0.5Ba2Cu3O6.68-MP-mp-1228182.cif,Y0.5Pr0.5Ba2Cu3O6.68,27.1,new,mid-outlier,35,11.0,0.0,47.0,Y0.5Pr0.5Ba2Cu3O6.66,3.5,0.001,Ba-Cu-O-Pr-Y
La1.2Ba1.8Cu3O7.2-MP-mp-505315.cif,La1.2Ba1.8Cu3O7.2,27.0,new,mid-outlier,10,13.0,0.0,80.0,La1.2Ba1.8Cu3O7.3,27.0,0.007,Ba-Cu-La-O
La1.836Sr0.164Cu0.99Ga0.01O4-MP-mp-1077929.cif,La1.836Sr0.164Cu0.99Ga0.01O4,26.9,new,mid-outlier,7,0.3,0.0,29.8,La1.83Sr0.17Cu0.98Ga0.02O4,0.0,0.005,Cu-Ga-La-O-Sr
La1.834Sr0.166Cu0.99Zn0.01O4-MP-mp-1077929.cif,La1.834Sr0.166Cu0.99Zn0.01O4,26.5,new,mid-outlier,63,13.1,0.0,34.8,La1.83Sr0.17Cu0.99Zn0.01O4,25.0,0.001,Cu-La-O-Sr-Zn
Ba0.6K0.4Bi0.99Pr0.01O3-MP-mp-1516766.cif,Ba0.6K0.4Bi0.99Pr0.01O3,26.4,new,mid-outlier,6,12.8,0.0,23.5,Ba0.6K0.4Bi0.979Pr0.021O3,23.5,0.004,Ba-Bi-K-O-Pr
La1.81Sr0.19Cu0.94Ni0.06O4-MP-mp-1077929.cif,La1.81Sr0.19Cu0.94Ni0.06O4,26.4,new,mid-outlier,60,2.3,0.0,36.5,La1.8Sr0.2Cu0.94Ni0.06O4,0.0,0.003,Cu-La-Ni-O-Sr
Y1Ba2Cu2.95Fe0.05O6.6-MP-mp-1228425.cif,Y1Ba2Cu2.95Fe0.05O6.6,26.2,new,mid-outlier,27,63.8,0.0,91.8,Y1Ba2Cu2.95Fe0.05O6.64,37.4,0.003,Ba-Cu-Fe-O-Y
Y1Ba2Cu2.68Fe0.32O6.999-MP-mp-1228213.cif,Y1Ba2Cu2.68Fe0.32O6.999,26.0,new,mid-outlier,24,53.5,0.0,87.7,YBa2(Cu0.9Fe0.1)3O7.01,0.0,0.004,Ba-Cu-Fe-O-Y
La1Fe0.98Zn0.02As1F0.1O0.9-MP-mp-1281007.cif,La1Fe0.98Zn0.02As1F0.1O0.9,25.5,new,mid-outlier,5,0.2,0.0,25.4,La1Fe0.973Zn0.027As1F0.08O0.9,0.0,0.011,As-F-Fe-La-O-Zn
La1Fe0.95Zn0.05As1F0.1O0.9-MP-mp-1281007.cif,La1Fe0.95Zn0.05As1F0.1O0.9,25.4,new,mid-outlier,5,0.2,0.0,25.5,La1Fe0.959Zn0.041As1F0.08O0.9,0.0,0.014,As-F-Fe-La-O-Zn
Y1Ba1.75Cu2.75Co0.25O6.95-MP-icsd-63321.cif,Y1Ba1.75Cu2.75Co0.25O6.95,25.0,new,mid-outlier,5,63.0,43.0,79.0,Y1Ba1.75Cu2.75Co0.25O7.06,63.0,0.008,Ba-Co-Cu-O-Y
Nd1.85Ce0.15Cu1O4.014-MP-icsd-39476.cif,Nd1.85Ce0.15Cu1O4.014,25.0,new,mid-outlier,22,4.5,0.0,24.0,Ce0.153Cu1Nd1.847O4,22.5,0.002,Ce-Cu-Nd-O
La1.825Sr0.175Cu0.985Ni0.015O4-MP-mp-1077929.cif,La1.825Sr0.175Cu0.985Ni0.015O4,25.0,new,mid-outlier,61,0.0,0.0,33.0,La1.83Sr0.17Cu0.99Ni0.01O4,30.1,0.003,Cu-La-Ni-O-Sr
La1.425Nd0.4Sr0.175Cu1O4-MP-mp-1223089.cif,La1.425Nd0.4Sr0.175Cu1O4,25.0,new,mid-outlier,6,3.5,0.0,8.906666667,La1.44Nd0.4Sr0.16Cu1O4,0.0,0.004,Cu-La-Nd-O-Sr
Ba0.078Cu1La1.922O4-MP-mp-1077929-synth_doped.cif,Ba0.078Cu1La1.922O4,24.95,V45,mid-outlier,39,12.3,0.0,33.1,Ba0.075Cu1La1.925O4,24.0,0.001,Ba-Cu-La-O
Ca0.4Ba1.35La1.25Cu3O6.95-MP-mp-1228470.cif,Ca0.4Ba1.35La1.25Cu3O6.95,24.8,new,mid-outlier,37,63.5,0.0,80.5,Ca0.4Ba1.35La1.25Cu3O6.92,14.4,0.002,Ba-Ca-Cu-La-O
Ba2Cu1Hg1O4.39-MP-mp-6562-synth_doped.cif,Ba2Cu1Hg1O4.39,24.2,V45,mid-outlier,16,83.0,0.0,97.4,Ba2Cu1Hg1O4.37,37.5,0.002,Ba-Cu-Hg-O
Ba0.075Cu1La1.925O4-MP-mp-1077929-synth_doped.cif,Ba0.075Cu1La1.925O4,24.0,V45,mid-outlier,38,10.8,0.0,33.1,Ba0.074Cu1La1.926O4,0.0,0.0,Ba-Cu-La-O
Nd1.85Ce0.15Cu1O3.93-MP-mp-4158.cif,Nd1.85Ce0.15Cu1O3.93,24.0,new,mid-outlier,22,4.5,0.0,25.0,Nd1.85Ce0.15Cu1O3.95,22.1,0.002,Ce-Cu-Nd-O
La1.9Sr0.1Cu0.9975Zn0.0025O4-MP-mp-1077929.cif,La1.9Sr0.1Cu0.9975Zn0.0025O4,23.655,new,mid-outlier,47,8.6,0.0,34.8,La1.9Sr0.1Cu0.9925Zn0.0075O4,17.255,0.001,Cu-La-O-Sr-Zn
Ce0.04Cu1Pr1.96O4-MP-mp-4181-synth_doped.cif,Ce0.04Cu1Pr1.96O4,23.6,V45,mid-outlier,8,9.2,0.0,21.5,Ce0.05Cu1Pr1.95O4,0.0,0.003,Ce-Cu-O-Pr
La1.85Nd0Ca1.15Cu2O5.99-MP-mp-1213978.cif,La1.85Nd0Ca1.15Cu2O5.99,23.0,new,mid-outlier,3,47.7,0.0,55.0,La1.82Ca1.18Cu2O6,55.0,0.006,Ca-Cu-La-O
Y0.4Pr0.6Ba1Sr1Cu3O7-MP-mp-1228182.cif,Y0.4Pr0.6Ba1Sr1Cu3O7,23.0,new,mid-outlier,8,7.0,0.0,36.0,Y0.4Pr0.6Ba1Sr1Cu3O6.95,0.0,0.004,Ba-Cu-O-Pr-Sr-Y
Ce0.14Cu1Sm1.86O4-MP-mp-4210-synth_doped.cif,Ce0.14Cu1Sm1.86O4,22.7,V45,mid-outlier,14,1.9,0.0,22.3,Ce0.143Cu1Sm1.857O4,22.3,0.001,Ce-Cu-O-Sm
Ba0.066Cu1La1.934O4-MP-mp-1077929-synth_doped.cif,Ba0.066Cu1La1.934O4,22.6,V45,mid-outlier,35,9.3,0.0,33.1,Ba0.074Cu1La1.926O4,0.0,0.002,Ba-Cu-La-O
Ce0.153Cu1Nd1.847O4-MP-mp-4158-synth_doped.cif,Ce0.153Cu1Nd1.847O4,22.5,V45,mid-outlier,22,4.5,0.0,25.0,Ce0.15Cu1Nd1.85O4,21.2325,0.001,Ce-Cu-Nd-O
La1.83Sr0.17Cu0.98Ni0.02O4-MP-mp-1077929.cif,La1.83Sr0.17Cu0.98Ni0.02O4,22.45,new,mid-outlier,62,0.0,0.0,33.0,La1.84Sr0.16Cu0.98Ni0.02O4,0.0,0.003,Cu-La-Ni-O-Sr
Ce0.143Cu1Sm1.857O4-MP-mp-4210-synth_doped.cif,Ce0.143Cu1Sm1.857O4,22.3,V45,mid-outlier,14,1.9,0.0,22.7,Ce0.14Cu1Sm1.86O4,22.7,0.001,Ce-Cu-O-Sm
Y2Ba4Cu7O14.33-MP-mp-1228264.cif,Y2Ba4Cu7O14.33,22.0,new,mid-outlier,16,74.0,20.15,90.9,Y2Ba4Cu7O14.38,50.0,0.002,Ba-Cu-O-Y
Y1Ba2Cu2.79Co0.21O7-MP-mp-20674.cif,Y1Ba2Cu2.79Co0.21O7,22.0,new,mid-outlier,27,55.0,0.0,92.0,Y1Ba2Cu2.775Co0.225O6.99,58.0,0.003,Ba-Co-Cu-O-Y
La2.85Ca0.3Ba2.85Cu6O14.252-MP-mp-558557.cif,La2.85Ca0.3Ba2.85Cu6O14.252,22.0,new,mid-outlier,19,50.2,13.5,76.0,La2.77Ca0.46Ba2.77Cu6O14.246,42.0,0.012,Ba-Ca-Cu-La-O
Sm1.85Ce0.15Cu1O3.97-MP-mp-4210.cif,Sm1.85Ce0.15Cu1O3.97,21.8,new,mid-outlier,14,1.9,0.0,22.7,Sm1.85Ce0.15Cu1O3.98,19.7,0.001,Ce-Cu-O-Sm
Ca0.4Ba1.25La1.35Cu3O7.04-MP-mp-558557.cif,Ca0.4Ba1.25La1.35Cu3O7.04,21.3,new,mid-outlier,34,51.7,0.0,80.5,Ca0.4Ba1.25La1.35Cu3O6.99,0.0,0.004,Ba-Ca-Cu-La-O
Ce0.15Cu1Nd1.85O4-MP-mp-4158-synth_doped.cif,Ce0.15Cu1Nd1.85O4,21.2325,V45,mid-outlier,22,4.5,0.0,25.0,Ce0.153Cu1Nd1.847O4,22.5,0.001,Ce-Cu-Nd-O
Nd1.85Ce0.15Cu1O4.03-MP-mp-662567.cif,Nd1.85Ce0.15Cu1O4.03,21.1,new,mid-outlier,22,4.5,0.0,25.0,Nd1.85Ce0.15Cu1O4.034,9.1,0.0,Ce-Cu-Nd-O
As2Ba1Fe1.25Ru0.75-MP-mp-1227957-synth_doped.cif,As2Ba1Fe1.25Ru0.75,21.0,V45,mid-outlier,5,8.9,5.02,19.7,As2Ba1Fe1.24Ru0.76,7.1,0.004,As-Ba-Fe-Ru
La1.775Sr0.225Cu0.995Ni0.005O4-MP-mp-1077929.cif,La1.775Sr0.225Cu0.995Ni0.005O4,21.0,new,mid-outlier,52,4.8,0.0,36.5,La1.77Sr0.23Cu0.99Ni0.01O4,18.0,0.003,Cu-La-Ni-O-Sr
Ba1Fe1.889Co0.102Cu0.009As2-MP-mp-2903350.cif,Ba1Fe1.889Co0.102Cu0.009As2,20.95,new,mid-outlier,7,8.7,0.0,15.55,Ba1Fe1.868Co0.094Cu0.038As2,15.55,0.012,As-Ba-Co-Cu-Fe
Y1Ba2Cu2.9Ni0.1O6.61-MP-mp-1228425.cif,Y1Ba2Cu2.9Ni0.1O6.61,20.5,new,mid-outlier,29,65.0,0.0,90.5,Y1Ba2Cu2.9Ni0.1O6.56,4.3,0.004,Ba-Cu-Ni-O-Y
Y1Ba2Cu2.9Fe0.1O6.64-MP-mp-1228425.cif,Y1Ba2Cu2.9Fe0.1O6.64,20.5,new,mid-outlier,34,65.7,0.0,91.8,Y1Ba2Cu2.9Fe0.1O6.62,4.2,0.002,Ba-Cu-Fe-O-Y
Y2Ba4Cu7O14.03-MP-mp-1228264.cif,Y2Ba4Cu7O14.03,20.15,new,mid-outlier,11,60.0,22.0,89.1,Y2Ba4Cu7O14.13,35.5,0.004,Ba-Cu-O-Y
Ba2Cu1Hg1O4.025-MP-mp-6562-synth_doped.cif,Ba2Cu1Hg1O4.025,20.0,V45,mid-outlier,34,88.2,0.0,98.0,Ba2Cu1Hg1O4.02,72.0,0.001,Ba-Cu-Hg-O
Y1Ba2Cu2.82Al0.18O7-MP-mp-20674.cif,Y1Ba2Cu2.82Al0.18O7,20.0,new,mid-outlier,13,75.0,0.0,92.0,Y1Ba2Cu2.8Al0.2O6.91,85.0,0.007,Al-Ba-Cu-O-Y
Sm1.85Ce0.15Cu1O3.98-MP-mp-4210.cif,Sm1.85Ce0.15Cu1O3.98,19.7,new,mid-outlier,14,1.9,0.0,22.7,Sm1.85Ce0.15Cu1O3.97,21.8,0.001,Ce-Cu-O-Sm
Tm1Ba2Cu3O6.41-MP-mp-1228146.cif,Tm1Ba2Cu3O6.41,19.0,new,mid-outlier,7,50.0,0.0,92.5,Tm1Ba2Cu3O6.44,28.0,0.002,Ba-Cu-O-Tm
La1.842Ba0.158Cu0.99Ni0.01O4-MP-mp-1077929.cif,La1.842Ba0.158Cu0.99Ni0.01O4,19.0,new,mid-outlier,10,3.5,0.0,18.2,La1.86Ba0.14Cu0.99Ni0.01O4,11.0,0.005,Ba-Cu-La-Ni-O
Ba1.72Cu4La0.28Y1O8-MP-mp-6790-synth_doped.cif,Ba1.72Cu4La0.28Y1O8,18.9,V45,mid-outlier,7,60.1,37.9,62.7,Ba1.7Cu4La0.3Y1O8,52.6,0.003,Ba-Cu-La-O-Y
Y1Ba2Cu2.94Zn0.06O6.65-MP-mp-1228425.cif,Y1Ba2Cu2.94Zn0.06O6.65,18.9,new,mid-outlier,84,38.4,0.0,90.0,Y1Ba2Cu2.94Zn0.06O6.68,22.5,0.002,Ba-Cu-O-Y-Zn
La0.95Y0.05Fe0.995Mn0.005As1F0.11O0.89-MP-mp-1281007.cif,La0.95Y0.05Fe0.995Mn0.005As1F0.11O0.89,18.6,new,mid-outlier,3,7.5,2.89,24.1,La0.99Y0.01Fe0.995Mn0.005As1F0.11O0.89,7.5,0.02,As-F-Fe-La-Mn-O-Y
Nd1.85Ce0.15Cu0.999Ni0.001O4-MP-mp-4158.cif,Nd1.85Ce0.15Cu0.999Ni0.001O4,18.525,new,mid-outlier,4,4.2,0.0,15.65,Nd1.85Ce0.15Cu0.997Ni0.003O4,15.65,0.001,Ce-Cu-Nd-Ni-O
Yb0.45Pr0.55Ba2Cu3O6.92-MP-mp-20936.cif,Yb0.45Pr0.55Ba2Cu3O6.92,18.3,new,mid-outlier,4,36.8,0.0,50.5,Yb0.5Pr0.5Ba2Cu3O6.9,34.8,0.009,Ba-Cu-O-Pr-Yb
La1.822Ba0.178Cu0.99Ni0.01O4-MP-mp-1077929.cif,La1.822Ba0.178Cu0.99Ni0.01O4,18.2,new,mid-outlier,9,7.0,0.0,19.0,La1.842Ba0.158Cu0.99Ni0.01O4,19.0,0.006,Ba-Cu-La-Ni-O
Ce0.15Cu1Sm1.85O4-MP-mp-4210-synth_doped.cif,Ce0.15Cu1Sm1.85O4,18.05714286,V45,mid-outlier,14,1.9,0.0,22.7,Ce0.156Cu1Sm1.844O4,16.4,0.002,Ce-Cu-O-Sm
Bi2Sr2Ca0.5Y0.5Cu2O8.36-MP-icsd-173899.cif,Bi2Sr2Ca0.5Y0.5Cu2O8.36,18.0,new,mid-outlier,6,70.0,40.0,86.0,Bi2Sr2Ca0.5Y0.5Cu2O8.39,66.0,0.002,Bi-Ca-Cu-O-Sr-Y
Cu1Nd0.19Sr0.81O2-MP-mp-5787-synth_doped.cif,Cu1Nd0.19Sr0.81O2,18.0,V45,mid-outlier,3,37.5,35.0,40.0,Cu1Nd0.17Sr0.83O2,35.0,0.01,Cu-Nd-O-Sr
Y0.4Pr0.6Ba1Sr1Cu3O6.92-MP-mp-1228182.cif,Y0.4Pr0.6Ba1Sr1Cu3O6.92,18.0,new,mid-outlier,8,7.0,0.0,36.0,Y0.4Pr0.6Ba1Sr1Cu3O6.95,0.0,0.002,Ba-Cu-O-Pr-Sr-Y
La1.77Sr0.23Cu0.99Ni0.01O4-MP-mp-1077929.cif,La1.77Sr0.23Cu0.99Ni0.01O4,18.0,new,mid-outlier,52,4.8,0.0,36.5,La1.775Sr0.225Cu0.995Ni0.005O4,21.0,0.003,Cu-La-Ni-O-Sr
Y1Ba2Cu2.95Fe0.05O6.55-MP-mp-1228425.cif,Y1Ba2Cu2.95Fe0.05O6.55,17.8,new,mid-outlier,24,56.4,0.0,91.8,Y1Ba2Cu2.95Fe0.05O6.52,0.0,0.002,Ba-Cu-Fe-O-Y
Y1Ba2Cu2.79Zn0.21O6.97-MP-mp-20674.cif,Y1Ba2Cu2.79Zn0.21O6.97,17.1,new,mid-outlier,44,39.5,0.0,80.05,Y1Ba2Cu2.775Zn0.225O6.93,25.0,0.004,Ba-Cu-O-Y-Zn
Gd1Ba1.5Sr0.5Cu3O6.63-MP-mp-1229327.cif,Gd1Ba1.5Sr0.5Cu3O6.63,17.0,new,mid-outlier,3,50.0,32.0,85.5,Gd1Ba1.5Sr0.5Cu3O6.72,32.0,0.007,Ba-Cu-Gd-O-Sr
Y1Ba2Cu2.919Zn0.081O6.7-MP-mp-1228425.cif,Y1Ba2Cu2.919Zn0.081O6.7,17.0,new,mid-outlier,94,38.4,0.0,90.0,Y1Ba2Cu2.91Zn0.09O6.7,20.0,0.001,Ba-Cu-O-Y-Zn
Bi2Ca0.8Ce0.2Cu2Sr2O8-MP-mp-1218930-synth_doped.cif,Bi2Ca0.8Ce0.2Cu2Sr2O8,17.0,V45,mid-outlier,3,75.5,0.0,80.0,Bi2Ca0.9Ce0.1Cu2Sr2O8,75.455,0.013,Bi-Ca-Ce-Cu-O-Sr
La1.9Ba0.1Cu0.99Ni0.01O4-MP-mp-1077929.cif,La1.9Ba0.1Cu0.99Ni0.01O4,17.0,new,mid-outlier,10,3.5,0.0,19.0,La1.882Ba0.118Cu0.99Ni0.01O4,12.7,0.005,Ba-Cu-La-Ni-O
Y1Ba2Cu2.7Co0.3O6.93-MP-mp-20674.cif,Y1Ba2Cu2.7Co0.3O6.93,16.9,new,mid-outlier,19,36.0,0.0,71.0,Y1Ba2Cu2.7Co0.3O6.88,22.0,0.004,Ba-Co-Cu-O-Y
Nd0.9Pr0.1Ba2Cu3O6.65-MP-mp-22719.cif,Nd0.9Pr0.1Ba2Cu3O6.65,16.8,new,mid-outlier,12,38.6,0.0,68.2,Nd0.9Pr0.1Ba2Cu3O6.75,35.9,0.007,Ba-Cu-Nd-O-Pr
As1Fe1Li1-MP-mp-21471.cif,As1Fe1Li1,16.475,V45,mid-outlier,3,4.6,0.0,14.0,As1Fe1.01Li0.99,14.0,0.007,As-Fe-Li
Ce0.156Cu1Sm1.844O4-MP-mp-4210-synth_doped.cif,Ce0.156Cu1Sm1.844O4,16.4,V45,mid-outlier,14,1.9,0.0,22.7,Ce0.15Cu1Sm1.85O4,18.05714286,0.002,Ce-Cu-O-Sm
Y0.65Pr0.35Ba2Cu3O6.85-MP-mp-1229245.cif,Y0.65Pr0.35Ba2Cu3O6.85,16.3,new,mid-outlier,33,33.0,0.0,69.8,Y0.65Pr0.35Ba2Cu3O6.95,33.0,0.007,Ba-Cu-O-Pr-Y
Y1Ba1.8La0.2Cu3.97Zn0.03O8-MP-mp-6790.cif,Y1Ba1.8La0.2Cu3.97Zn0.03O8,16.2,new,mid-outlier,3,33.3,17.8,48.7,Y1Ba1.9La0.1Cu3.972Zn0.028O8,48.7,0.014,Ba-Cu-La-O-Y-Zn
Nd1.84Ce0.16Cu1O3.96-MP-mp-4158.cif,Nd1.84Ce0.16Cu1O3.96,16.1,new,mid-outlier,22,4.5,0.0,25.0,Nd1.85Ce0.15Cu1O3.97,20.8,0.003,Ce-Cu-Nd-O
Ba2Cu1Tl2O6.08-MP-mp-6027-synth_doped.cif,Ba2Cu1Tl2O6.08,16.0,V45,mid-outlier,17,49.0,0.0,87.8,Ba2Cu1Tl2O6.056,40.0,0.002,Ba-Cu-O-Tl
Y0.9Ca0.1Ba2Cu2.8Zn0.2O6.74-MP-mp-1228425.cif,Y0.9Ca0.1Ba2Cu2.8Zn0.2O6.74,15.8,new,mid-outlier,5,43.0,3.5,50.0,Y0.95Ca0.05Ba2Cu2.8Zn0.2O6.74,3.5,0.008,Ba-Ca-Cu-O-Y-Zn
Nd1.85Ce0.15Cu0.997Ni0.003O4-MP-mp-4158.cif,Nd1.85Ce0.15Cu0.997Ni0.003O4,15.65,new,mid-outlier,4,4.2,0.0,18.525,Nd1.85Ce0.15Cu0.999Ni0.001O4,18.525,0.001,Ce-Cu-Nd-Ni-O
La1Fe0.991Zn0.009As1F0.08O0.9-MP-mp-1281007.cif,La1Fe0.991Zn0.009As1F0.08O0.9,15.6,new,mid-outlier,4,0.1,0.0,25.5,La1Fe0.985Zn0.015As1F0.08O0.9,0.2,0.003,As-F-Fe-La-O-Zn
Ba1Fe1.868Co0.094Cu0.038As2-MP-mp-2903350.cif,Ba1Fe1.868Co0.094Cu0.038As2,15.55,new,mid-outlier,9,5.3,0.0,20.95,Ba1Fe1.889Co0.102Cu0.009As2,20.95,0.012,As-Ba-Co-Cu-Fe
Eu0.6Pr0.4Ba2Cu3O6.97-MP-mp-1228601.cif,Eu0.6Pr0.4Ba2Cu3O6.97,15.0,new,mid-outlier,5,37.8,0.0,53.8,Ba2Cu3Eu0.6Pr0.4O7,37.8,0.002,Ba-Cu-Eu-O-Pr
La1.8Ca1.032Sr0.168Cu2O6.08-MP-mp-1213978.cif,La1.8Ca1.032Sr0.168Cu2O6.08,15.0,new,mid-outlier,11,43.0,0.0,60.0,La1.83Ca1.006Sr0.164Cu2O6.08,14.1,0.005,Ca-Cu-La-O-Sr
Sm1.05Gd0.8Ce0.15Cu1O3.97-MP-mp-4860.cif,Sm1.05Gd0.8Ce0.15Cu1O3.97,15.0,new,mid-outlier,3,0.0,0.0,16.8,Sm1.11Gd0.74Ce0.15Cu1O4,0.0,0.02,Ce-Cu-Gd-O-Sm
Dy1Ba1Sr1Cu3O6.6-MP-mp-1099602.cif,Dy1Ba1Sr1Cu3O6.6,14.85,new,mid-outlier,5,29.9,0.0,82.25,Dy1Ba1Sr1Cu3O6.7,29.9,0.007,Ba-Cu-Dy-O-Sr
As1F0.082Fe1Pr1O0.918-MP-mp-22491-synth_doped.cif,As1F0.082Fe1Pr1O0.918,14.6,V45,mid-outlier,3,43.5,0.0,45.0,As1F0.1Fe1Pr1O0.9,43.5,0.009,As-F-Fe-O-Pr
Y0.45Pr0.55Ba2Cu3O6.953-MP-mp-1228182.cif,Y0.45Pr0.55Ba2Cu3O6.953,14.4,new,mid-outlier,34,4.0,0.0,47.0,Y0.44Pr0.56Ba2Cu3O6.93,2.1,0.003,Ba-Cu-O-Pr-Y
Ca0.4Ba1.35La1.25Cu3O6.92-MP-mp-1228470.cif,Ca0.4Ba1.35La1.25Cu3O6.92,14.4,new,mid-outlier,35,60.0,0.0,80.5,Ca0.4Ba1.35La1.25Cu3O6.9,5.0,0.001,Ba-Ca-Cu-La-O
La1.83Ca1.006Sr0.164Cu2O6.08-MP-mp-1446283.cif,La1.83Ca1.006Sr0.164Cu2O6.08,14.1,new,mid-outlier,11,43.0,0.0,60.0,La1.8Ca1.032Sr0.168Cu2O6.08,15.0,0.005,Ca-Cu-La-O-Sr
As1F0.085Fe1Sm1O0.915-MP-mp-20349-synth_doped.cif,As1F0.085Fe1Sm1O0.915,14.0,V45,mid-outlier,6,33.0,24.7,42.0,As1F0.09Fe1Sm1O0.91,42.0,0.002,As-F-Fe-O-Sm
Nd1Ba2Cu3O6.6-MP-mp-1173386.cif,Nd1Ba2Cu3O6.6,14.0,new,mid-outlier,15,63.0,0.0,94.0,Nd1Ba2Cu3O6.67,31.65,0.005,Ba-Cu-Nd-O
La1Ba1Cu2.82Co0.18O7-MP-mp-1214652.cif,La1Ba1Cu2.82Co0.18O7,14.0,new,mid-outlier,3,40.0,0.0,57.0,La1Ba1Cu2.88Co0.12O7,40.0,0.01,Ba-Co-Cu-La-O
La0.65Ca0.05Pr0.3Ba1.5Sr0.5Cu3O6.896-MP-mp-1228253.cif,La0.65Ca0.05Pr0.3Ba1.5Sr0.5Cu3O6.896,14.0,new,mid-outlier,7,34.0,26.0,47.0,La0.6Ca0.1Pr0.3Ba1.5Sr0.5Cu3O6.872,26.0,0.009,Ba-Ca-Cu-La-O-Pr-Sr
Eu1Ba2Cu2.8Ga0.2O6.63-MP-mp-622211.cif,Eu1Ba2Cu2.8Ga0.2O6.63,14.0,new,mid-outlier,4,47.5,0.0,79.0,Eu1Ba2Cu2.85Ga0.15O6.76,43.0,0.013,Ba-Cu-Eu-Ga-O
Hg1Ba2Cu0.97Zn0.03O4.032-MP-mp-1229200.cif,Hg1Ba2Cu0.97Zn0.03O4.032,14.0,new,mid-outlier,5,75.0,53.0,83.0,Hg1Ba2Cu0.97Zn0.03O4.043,53.0,0.001,Ba-Cu-Hg-O-Zn
La1.85Sr0.15Cu0.985Ga0.015O4-MP-mp-1077929.cif,La1.85Sr0.15Cu0.985Ga0.015O4,13.7,new,mid-outlier,7,0.3,0.0,29.8,La1.85Sr0.15Cu0.977Ga0.023O4,0.9,0.002,Cu-Ga-La-O-Sr
Cu1La1.763Sr0.237O4-MP-mp-1077929-synth_doped.cif,Cu1La1.763Sr0.237O4,13.0,V45,mid-outlier,43,28.0,0.0,40.0,Cu1La1.762Sr0.238O4,19.5,0.0,Cu-La-O-Sr
Dy1Ba2Cu2.8Zn0.2O6.95-MP-mp-622105.cif,Dy1Ba2Cu2.8Zn0.2O6.95,13.0,new,mid-outlier,5,44.0,0.0,70.0,Dy1Ba2Cu2.9Zn0.1O6.96,44.0,0.016,Ba-Cu-Dy-O-Zn
La1.85Ca0.989Sr0.161Cu2O5.93-MP-mp-1213978.cif,La1.85Ca0.989Sr0.161Cu2O5.93,13.0,new,mid-outlier,11,43.0,0.0,60.0,La1.85Sr0.15Ca1Cu2O6.03,47.5,0.009,Ca-Cu-La-O-Sr
La1.84Sr0.16Cu0.985Ni0.015O4-MP-mp-1077929.cif,La1.84Sr0.16Cu0.985Ni0.015O4,12.5,new,mid-outlier,60,0.0,0.0,33.0,La1.84Sr0.16Cu0.98Ni0.02O4,0.0,0.001,Cu-La-Ni-O-Sr
La1.725Nd0.15Sr0.125Cu1O4-MP-mp-1077929.cif,La1.725Nd0.15Sr0.125Cu1O4,12.5,new,mid-outlier,21,26.0,0.0,35.0,La1.735Nd0.15Sr0.115Cu1O4,16.5,0.003,Cu-La-Nd-O-Sr
Ca0.2Ba1.55La1.25Cu3O6.98-MP-mp-1228365.cif,Ca0.2Ba1.55La1.25Cu3O6.98,12.4,new,mid-outlier,35,45.0,0.0,76.0,Ca0.2Ba1.55La1.25Cu3O7.01,25.1,0.002,Ba-Ca-Cu-La-O
La1.9Sr0.1Cu0.99Ni0.01O4-MP-mp-1077929.cif,La1.9Sr0.1Cu0.99Ni0.01O4,12.3,new,mid-outlier,40,1.1,0.0,33.0,La1.9Sr0.1Cu0.98Ni0.02O4,0.0,0.003,Cu-La-Ni-O-Sr
Sm0.9Pr0.1Ba2Cu3O6.55-MP-mp-21451.cif,Sm0.9Pr0.1Ba2Cu3O6.55,12.2,new,mid-outlier,6,28.1,0.0,42.2,Sm0.9Pr0.1Ba2Cu3O6.65,30.6,0.008,Ba-Cu-O-Pr-Sm
Cu1La1.931Sr0.069O4-MP-mp-1077929-synth_doped.cif,Cu1La1.931Sr0.069O4,12.0,V45,mid-outlier,55,28.4,0.0,40.0,Cu1La1.93Sr0.07O4,17.2,0.0,Cu-La-O-Sr
Cu1La1.937Sr0.063O4-MP-mp-1077929-synth_doped.cif,Cu1La1.937Sr0.063O4,11.7,V45,mid-outlier,52,28.4,0.0,40.0,Cu1La1.943Sr0.057O4,4.51,0.002,Cu-La-O-Sr
La1.685Nd0.2Sr0.115Cu1O4-MP-mp-1223089.cif,La1.685Nd0.2Sr0.115Cu1O4,11.0,new,mid-outlier,19,25.5,0.0,35.0,La1.675Nd0.2Sr0.125Cu1O4,10.5,0.003,Cu-La-Nd-O-Sr
Bi1.95Sr1.65La0.4Cu1O6.414-MP-icsd-63210.cif,Bi1.95Sr1.65La0.4Cu1O6.414,10.4,new,mid-outlier,11,27.6,20.0,35.5,Bi1.95Sr1.65La0.4Cu1O6.36,23.0,0.004,Bi-Cu-La-O-Sr
La1.875Ba0.065Sr0.06Cu1O4-MP-mp-1077929.cif,La1.875Ba0.065Sr0.06Cu1O4,10.4,new,mid-outlier,7,29.6,6.0,32.0,La1.875Ba0.075Sr0.05Cu1O4,8.8,0.003,Ba-Cu-La-O-Sr
La0.8Y0.2Fe0.975Mn0.025As1F0.11O0.89-MP-mp-1223197.cif,La0.8Y0.2Fe0.975Mn0.025As1F0.11O0.89,10.1,new,mid-outlier,6,24.0,0.0,27.9,La0.8Y0.2Fe0.98Mn0.02As1F0.11O0.89,14.1,0.003,As-F-Fe-La-Mn-O-Y
Ba1.6Sr0.4Yb1Cu3O6.48-MP-mp-21129.cif,Ba1.6Sr0.4Yb1Cu3O6.48,10.0,new,mid-outlier,9,47.0,0.0,81.0,Ba1.6Sr0.4Yb1Cu3O6.53,34.0,0.004,Ba-Cu-O-Sr-Yb
Tl2Ba2Cu1O5.989-MP-mp-6027.cif,Tl2Ba2Cu1O5.989,10.0,new,mid-outlier,16,50.0,0.0,87.8,Ba2Cu1Tl2O6.01,81.0,0.002,Ba-Cu-O-Tl
Gd1Ba1.65Pr0.35Cu3O6.97-MP-mp-1228407.cif,Gd1Ba1.65Pr0.35Cu3O6.97,10.0,new,mid-outlier,5,22.9,0.0,44.5,Gd1Ba1.6Pr0.4Cu3O6.99,0.0,0.009,Ba-Cu-Gd-O-Pr
Y1Ba2Cu2.91Zn0.09O6.65-MP-mp-1228425.cif,Y1Ba2Cu2.91Zn0.09O6.65,10.0,new,mid-outlier,92,39.2,0.0,90.0,Y1Ba2Cu2.91Zn0.09O6.63,0.0,0.002,Ba-Cu-O-Y-Zn
Y0.8Pr0.2Ba2Cu3.925Fe0.075O8-MP-mp-1229203.cif,Y0.8Pr0.2Ba2Cu3.925Fe0.075O8,10.0,new,mid-outlier,3,33.0,0.0,46.0,Y0.8Pr0.2Ba2Cu3.9Fe0.1O8,0.0,0.003,Ba-Cu-Fe-O-Pr-Y
La0.9Pr0.85Sr0.25Cu1O4-MP-mp-1218202.cif,La0.9Pr0.85Sr0.25Cu1O4,10.0,new,mid-outlier,5,28.0,17.0,32.0,La0.92Pr0.85Sr0.23Cu1O4,17.0,0.006,Cu-La-O-Pr-Sr
Nd0.8Pr0.2Ba2Cu3O6.75-MP-mp-22719.cif,Nd0.8Pr0.2Ba2Cu3O6.75,9.8,new,mid-outlier,17,30.2,0.0,57.2,Nd0.8Pr0.2Ba2Cu3O6.81,50.0,0.004,Ba-Cu-Nd-O-Pr
Ca0.3Ba1.45La1.25Cu3O6.96-MP-mp-1228365.cif,Ca0.3Ba1.45La1.25Cu3O6.96,9.6,new,mid-outlier,36,51.1,0.0,79.8,Ca0.3Ba1.45La1.25Cu3O7,28.3,0.003,Ba-Ca-Cu-La-O
Cu1La1.74Sr0.26O4-MP-mp-1077929-synth_doped.cif,Cu1La1.74Sr0.26O4,9.5875,V45,mid-outlier,38,20.5,0.0,39.35,Cu1La1.737Sr0.263O4,8.0,0.001,Cu-La-O-Sr
Ba0.119Cu1La1.881O4-MP-mp-1077929-synth_doped.cif,Ba0.119Cu1La1.881O4,9.3,V45,mid-outlier,39,21.6,0.0,33.1,Ba0.118Cu1La1.882O4,9.0,0.0,Ba-Cu-La-O
Ce0.15Cu1La1.85O4-MP-mp-1077929-synth_doped.cif,Ce0.15Cu1La1.85O4,9.25,V45,mid-outlier,12,21.5,0.0,30.3,Ce0.16Cu1La1.84O4,1.5,0.003,Ce-Cu-La-O
Ca0.075Cu1La1.925O4-MP-mp-1077929-synth_doped.cif,Ca0.075Cu1La1.925O4,9.2,V45,mid-outlier,16,21.8,0.0,34.0,Ca0.08Cu1La1.92O4,15.0,0.001,Ca-Cu-La-O
Ba0.118Cu1La1.882O4-MP-mp-1077929-synth_doped.cif,Ba0.118Cu1La1.882O4,9.0,V45,mid-outlier,39,21.6,0.0,33.1,Ba0.119Cu1La1.881O4,9.3,0.0,Ba-Cu-La-O
La1.07Pr0.85Sr0.08Cu1O4-MP-mp-1218202.cif,La1.07Pr0.85Sr0.08Cu1O4,9.0,new,mid-outlier,6,23.5,17.0,28.0,La1.04Pr0.85Sr0.11Cu1O4,17.0,0.009,Cu-La-O-Pr-Sr
La1.875Ba0.075Sr0.05Cu1O4-MP-mp-1077929.cif,La1.875Ba0.075Sr0.05Cu1O4,8.8,new,mid-outlier,7,29.6,6.0,32.0,La1.875Ba0.065Sr0.06Cu1O4,10.4,0.003,Ba-Cu-La-O-Sr
La1.85Sr0.15Cu0.988Fe0.012O4-MP-mp-1077929.cif,La1.85Sr0.15Cu0.988Fe0.012O4,8.4,new,mid-outlier,13,25.5,0.0,33.6,La1.85Sr0.15Cu0.982Fe0.018O4,0.05,0.002,Cu-Fe-La-O-Sr
Sr0.2La1.8Cu0.95Co0.05O4-MP-mp-1077929.cif,Sr0.2La1.8Cu0.95Co0.05O4,8.0,new,mid-outlier,18,27.4,0.0,36.4,La1.81Sr0.19Cu0.94Co0.06O4,31.8,0.006,Co-Cu-La-O-Sr
Cu1La1.737Sr0.263O4-MP-mp-1077929-synth_doped.cif,Cu1La1.737Sr0.263O4,8.0,V45,mid-outlier,38,20.5,0.0,39.35,Cu1La1.74Sr0.26O4,9.5875,0.001,Cu-La-O-Sr
Ba1Fe1.924Co0.076As2-MP-mp-2903350.cif,Ba1Fe1.924Co0.076As2,7.852500000000001,new,mid-outlier,14,20.2,0.0,25.0,Ba1Fe1.92Co0.08As2,7.833333333,0.002,As-Ba-Co-Fe
Ba1Fe1.92Co0.08As2-MP-mp-2903350.cif,Ba1Fe1.92Co0.08As2,7.833333333,new,mid-outlier,14,20.2,0.0,25.0,Ba1Fe1.924Co0.076As2,7.852500000000001,0.002,As-Ba-Co-Fe
Ba0.91La0.09Fe2As2-MP-mp-2903350.cif,Ba0.91La0.09Fe2As2,7.76,new,mid-outlier,3,22.4,0.0,22.7,Ba0.88La0.12Fe2As2,22.4,0.012,As-Ba-Fe-La
Ca0.4Ba1.15La1.45Cu3O7.12-MP-mp-558557.cif,Ca0.4Ba1.15La1.45Cu3O7.12,7.6,new,mid-outlier,19,55.0,0.0,80.5,Ca0.4Ba1.15La1.45Cu3O7.08,0.0,0.003,Ba-Ca-Cu-La-O
Tl1Sr2Ca1Cu2O6.88-MP-mp-20824.cif,Tl1Sr2Ca1Cu2O6.88,7.6,new,mid-outlier,9,27.8,0.0,75.0,Tl1Sr2Ca1Cu2O6.85,27.75,0.002,Ca-Cu-O-Sr-Tl
Ba1Fe1.83Zn0.08Co0.09As2-MP-mp-2903350.cif,Ba1Fe1.83Zn0.08Co0.09As2,7.54,new,mid-outlier,10,17.8,3.37,20.0,Ba1Fe1.83Zn0.06Co0.11As2,17.0,0.008,As-Ba-Co-Fe-Zn
Ce0.179Cu1La1.821O4-MP-mp-1077929-synth_doped.cif,Ce0.179Cu1La1.821O4,7.225,V45,mid-outlier,10,23.1,1.5,30.3,Ce0.16Cu1La1.84O4,1.5,0.005,Ce-Cu-La-O
B0.04C0.96Cu1Sr2O5-MP-mp-1198030-synth_doped.cif,B0.04C0.96Cu1Sr2O5,7.0,V45,mid-outlier,10,22.0,0.0,32.0,B0.05C0.95Cu1Sr2O5,12.5,0.002,B-C-Cu-O-Sr
La1Fe1As1F0.055O0.945-MP-mp-1281007.cif,La1Fe1As1F0.055O0.945,7.0,new,mid-outlier,10,23.1,0.0,26.34666667,La1F0.05Fe1As1O0.95,24.652,0.003,As-F-Fe-La-O
Ca0.1Ba1.65La1.25Cu3O6.98-MP-mp-622210.cif,Ca0.1Ba1.65La1.25Cu3O6.98,6.5,new,mid-outlier,26,38.7,0.0,68.5,Ca0.1Ba1.65La1.25Cu3O7.01,19.5,0.002,Ba-Ca-Cu-La-O
Y0.65Pr0.35Ba2Cu3O6.75-MP-mp-1229245.cif,Y0.65Pr0.35Ba2Cu3O6.75,6.3,new,mid-outlier,35,31.7,0.0,69.8,Y0.65Pr0.35Ba2Cu3O6.85,16.3,0.007,Ba-Cu-O-Pr-Y
Ba1Fe1.856Ni0.144As2-MP-mp-2903350.cif,Ba1Fe1.856Ni0.144As2,6.185,new,mid-outlier,11,17.0,6.4,20.15,Ba1Fe1.85Ni0.15As2,13.93333333,0.002,As-Ba-Fe-Ni
Y1Ba2Cu2.91Zn0.09O6.6-MP-mp-1228425.cif,Y1Ba2Cu2.91Zn0.09O6.6,6.0,new,mid-outlier,86,38.4,0.0,90.0,Y1Ba2Cu2.91Zn0.09O6.63,0.0,0.002,Ba-Cu-O-Y-Zn
La1.875Ba0.1Sr0.025Cu1O4-MP-mp-1077929.cif,La1.875Ba0.1Sr0.025Cu1O4,6.0,new,mid-outlier,7,29.6,8.8,32.0,La1.85Sr0.038Ba0.112Cu1O4,32.0,0.007,Ba-Cu-La-O-Sr
Ca0.065Cu1La1.935O4-MP-mp-1077929-synth_doped.cif,Ca0.065Cu1La1.935O4,5.55,V45,mid-outlier,16,21.8,0.0,34.0,Ca0.075Cu1La1.925O4,9.2,0.003,Ca-Cu-La-O
Bi2Sr2Ca0.5Pr0.5Cu2O8.329-MP-mp-1218884.cif,Bi2Sr2Ca0.5Pr0.5Cu2O8.329,5.1,new,mid-outlier,5,48.0,0.0,60.8,Bi2Sr2Ca0.6Pr0.4Cu2O8.316,57.0,0.014,Bi-Ca-Cu-O-Pr-Sr
Ba1Fe1.76Co0.24As2-MP-mp-2903350.cif,Ba1Fe1.76Co0.24As2,5.1,new,mid-outlier,10,17.4,0.0,22.0,Ba1Fe1.75Co0.25As2,22.0,0.004,As-Ba-Co-Fe
As2Ba1Fe1.2Ru0.8-MP-mp-1227957-synth_doped.cif,As2Ba1Fe1.2Ru0.8,5.02,V45,mid-outlier,3,21.0,7.1,22.5,As2Ba1Fe1.24Ru0.76,7.1,0.016,As-Ba-Fe-Ru
Sm0.7Pr0.3Ba2Cu3O6.8-MP-mp-21451.cif,Sm0.7Pr0.3Ba2Cu3O6.8,5.0,new,mid-outlier,10,15.8,0.0,39.65,Sm0.7Pr0.3Ba2Cu3O6.85,4.4,0.004,Ba-Cu-O-Pr-Sm
Ca0.4Ba1.35La1.25Cu3O6.9-MP-mp-1228470.cif,Ca0.4Ba1.35La1.25Cu3O6.9,5.0,new,mid-outlier,34,58.5,0.0,80.5,Ca0.4Ba1.35La1.25Cu3O6.92,14.4,0.001,Ba-Ca-Cu-La-O
Cu1La1.72Sr0.28O4-MP-mp-1077929-synth_doped.cif,Cu1La1.72Sr0.28O4,4.98,V45,mid-outlier,28,17.5,0.0,37.0,La1.73Sr0.27Cu1O3.99,0.0,0.004,Cu-La-O-Sr
Ba0.13Cu1La1.87O4-MP-mp-1077929-synth_doped.cif,Ba0.13Cu1La1.87O4,4.96,V45,mid-outlier,35,22.6,0.0,33.1,Ba0.135Cu1La1.865O4,2.99,0.001,Ba-Cu-La-O
Cu1La1.943Sr0.057O4-MP-mp-1077929-synth_doped.cif,Cu1La1.943Sr0.057O4,4.51,V45,mid-outlier,49,27.0,0.0,40.0,Cu1La1.945Sr0.055O4,0.0,0.001,Cu-La-O-Sr
Ba0.6K0.4Bi0.925Pr0.075O3-MP-mp-1516766.cif,Ba0.6K0.4Bi0.925Pr0.075O3,4.5,new,mid-outlier,6,16.4,0.0,26.4,Ba0.6K0.4Bi0.918Pr0.082O3,0.0,0.003,Ba-Bi-K-O-Pr
Sm0.7Pr0.3Ba2Cu3O6.85-MP-mp-21451.cif,Sm0.7Pr0.3Ba2Cu3O6.85,4.4,new,mid-outlier,10,15.8,0.0,39.65,Sm0.7Pr0.3Ba2Cu3O6.8,5.0,0.004,Ba-Cu-O-Pr-Sm
La1.85Sr0.15Cu0.976Co0.024O4-MP-mp-1077929.cif,La1.85Sr0.15Cu0.976Co0.024O4,4.4,new,mid-outlier,13,18.6,0.0,34.8,La1.85Sr0.15Cu0.973Co0.027O4,1.25,0.001,Co-Cu-La-O-Sr
Y1Ba2Cu2.9Zn0.1O6.88-MP-mp-20674.cif,Y1Ba2Cu2.9Zn0.1O6.88,4.3,new,mid-outlier,87,41.0,0.0,90.0,Y1Ba2Cu2.9Zn0.1O6.85,50.08,0.002,Ba-Cu-O-Y-Zn
Y1Ba2Cu2.9Ni0.1O6.56-MP-mp-1228425.cif,Y1Ba2Cu2.9Ni0.1O6.56,4.3,new,mid-outlier,26,63.4,0.0,90.5,Y1Ba2Cu2.9Ni0.1O6.61,20.5,0.004,Ba-Cu-Ni-O-Y
Y1Ba2Cu2.9Fe0.1O6.62-MP-mp-1228425.cif,Y1Ba2Cu2.9Fe0.1O6.62,4.2,new,mid-outlier,33,63.8,0.0,91.8,Y1Ba2Cu2.9Fe0.1O6.64,20.5,0.002,Ba-Cu-Fe-O-Y
Nd0.95Pr0.05Ba2Cu3O6.6-MP-mp-22719.cif,Nd0.95Pr0.05Ba2Cu3O6.6,4.1,new,mid-outlier,9,35.9,0.0,85.1,Nd0.95Pr0.05Ba2Cu3O6.65,26.7,0.004,Ba-Cu-Nd-O-Pr
Ba1Fe1.958Pd0.042As2-MP-mp-2903350.cif,Ba1Fe1.958Pd0.042As2,4.1,new,mid-outlier,4,14.8,12.3,18.9,Ba1Fe1.946Pd0.054As2,12.3,0.005,As-Ba-Fe-Pd
Y0.95Ca0.05Ba2Cu2.8Zn0.2O6.74-MP-mp-1228425.cif,Y0.95Ca0.05Ba2Cu2.8Zn0.2O6.74,3.5,new,mid-outlier,6,43.2,15.8,65.0,Y0.9Ca0.1Ba2Cu2.8Zn0.2O6.74,15.8,0.008,Ba-Ca-Cu-O-Y-Zn
Ba1Fe1.952Ni0.048As2-MP-mp-2903350.cif,Ba1Fe1.952Ni0.048As2,3.463333333,new,mid-outlier,12,16.4,0.0,20.15,Ba1Fe1.945Ni0.055As2,7.4,0.003,As-Ba-Fe-Ni
La1.78Sr0.22Cu0.97Zn0.03O4-MP-mp-532700.cif,La1.78Sr0.22Cu0.97Zn0.03O4,3.3,new,mid-outlier,48,14.9,0.0,34.8,La1.78Sr0.22Cu0.96Zn0.04O4,0.0,0.003,Cu-La-O-Sr-Zn
Ce0.2Cu1Pr1.8O4-MP-mp-4181-synth_doped.cif,Ce0.2Cu1Pr1.8O4,3.0,V45,mid-outlier,14,15.7,0.0,20.0,Ce0.18Cu1Pr1.82O4,0.0,0.006,Ce-Cu-O-Pr
La1.82Sr0.18Cu0.97Co0.03O4-MP-mp-1077929.cif,La1.82Sr0.18Cu0.97Co0.03O4,3.0,new,mid-outlier,15,25.2,0.0,36.4,La1.83Sr0.17Cu0.98Co0.02O4,17.0,0.006,Co-Cu-La-O-Sr
Ba0.135Cu1La1.865O4-MP-mp-1077929-synth_doped.cif,Ba0.135Cu1La1.865O4,2.99,V45,mid-outlier,35,22.6,0.0,33.1,Ba0.13Cu1La1.87O4,4.96,0.001,Ba-Cu-La-O
La1.79Sr0.21Cu0.94Fe0.06O4-MP-mp-1077929.cif,La1.79Sr0.21Cu0.94Fe0.06O4,2.8,new,mid-outlier,15,28.4,0.0,32.5,La1.81Sr0.19Cu0.94Fe0.06O4,28.6,0.006,Cu-Fe-La-O-Sr
As1Co0.05Fe0.95Sm1O1-MP-mp-20349-synth_doped.cif,As1Co0.05Fe0.95Sm1O1,2.565,V45,mid-outlier,3,13.3,0.0,15.96666667,As1Co0.075Fe0.925Sm1O1,13.3,0.012,As-Co-Fe-O-Sm
La1.8Sr0.2Cu0.96Zn0.04O4-MP-mp-1077929.cif,La1.8Sr0.2Cu0.96Zn0.04O4,2.3,new,mid-outlier,54,14.1,0.0,34.8,La1.8Sr0.2Cu0.9676Zn0.0324O4,5.5,0.002,Cu-La-O-Sr-Zn
La1.8Nd0.05Ca0.074Ba0.076Cu1O4-MP-mp-1077929.cif,La1.8Nd0.05Ca0.074Ba0.076Cu1O4,2.05,new,mid-outlier,3,20.6,18.0,23.7,La1.8Nd0.05Ca0.074Ba0.076Cu1O4.01,23.7,0.001,Ba-Ca-Cu-La-Nd-O
Ce0.16Cu1La1.84O4-MP-mp-1077929-synth_doped.cif,Ce0.16Cu1La1.84O4,1.5,V45,mid-outlier,12,21.5,0.0,30.3,Ce0.15Cu1La1.85O4,9.25,0.003,Ce-Cu-La-O
La1.85Sr0.15Cu0.973Co0.027O4-MP-mp-1077929.cif,La1.85Sr0.15Cu0.973Co0.027O4,1.25,new,mid-outlier,13,18.6,0.0,34.8,La1.85Sr0.15Cu0.976Co0.024O4,4.4,0.001,Co-Cu-La-O-Sr
Ba1.5Cu3La0.5Y1O7-MP-mp-1228381.cif,Ba1.5Cu3La0.5Y1O7,0.3,V45,mid-outlier,16,41.2,0.0,69.075,Y1Ba1.5La0.5Cu3O7.06,22.0,0.004,Ba-Cu-La-O-Y
La1Fe0.985Zn0.015As1F0.08O0.9-MP-mp-1281007.cif,La1Fe0.985Zn0.015As1F0.08O0.9,0.2,new,mid-outlier,5,15.6,0.0,25.5,La1Fe0.991Zn0.009As1F0.08O0.9,15.6,0.003,As-F-Fe-La-O-Zn
La1.85Sr0.15Cu0.982Fe0.018O4-MP-mp-1077929.cif,La1.85Sr0.15Cu0.982Fe0.018O4,0.05,new,mid-outlier,14,20.2,0.0,33.6,La1.85Sr0.15Cu0.988Fe0.012O4,8.4,0.002,Cu-Fe-La-O-Sr
Gd0.71Sm1.14Ce0.15Cu1O4-MP-mp-4860.cif,Gd0.71Sm1.14Ce0.15Cu1O4,0.01,new,mid-outlier,3,15.0,0.0,16.8,Sm1.15Gd0.7Ce0.15Cu1O3.97,16.8,0.006,Ce-Cu-Gd-O-Sm
As1Ce1F0.04Fe1O0.96-MP-mp-605060-synth_doped.cif,As1Ce1F0.04Fe1O0.96,0.0,V45,zero-in-high-cloud,5,11.8,0.0,36.33333333,As1Ce1F0.05Fe1O0.95,11.8,0.005,As-Ce-F-Fe-O
As1Ce1F0.06Fe1O0.94-MP-mp-605060-synth_doped.cif,As1Ce1F0.06Fe1O0.94,0.0,V45,zero-in-high-cloud,7,27.6,0.0,47.0,As1Ce1F0.05Fe1O0.95,11.8,0.005,As-Ce-F-Fe-O
As1Co0.1Fe0.9Na1-MP-mp-22152-synth_doped.cif,As1Co0.1Fe0.9Na1,0.0,V45,zero-in-high-cloud,5,10.6,0.0,14.0,As1Co0.109Fe0.891Na1,0.0,0.006,As-Co-Fe-Na
As1F0.04Fe1Nd1O0.96-MP-mp-622621-synth_doped.cif,As1F0.04Fe1Nd1O0.96,0.0,V45,zero-in-high-cloud,3,47.5,35.0,50.525,As1F0.06Fe1Nd1O0.94,47.5,0.01,As-F-Fe-Nd-O
As1Fe1.03Li0.97-MP-mp-21471-synth_doped.cif,As1Fe1.03Li0.97,0.0,V45,zero-in-high-cloud,3,14.0,4.61,16.475,As1Fe1.02Li0.98,4.61,0.007,As-Fe-Li
Ba1Fe1.5Ru0.5As2-MP-mp-1227957.cif,Ba1Fe1.5Ru0.5As2,0.0,new,zero-in-high-cloud,4,15.3,8.18,20.05,Ba1Fe1.48Ru0.52As2,20.05,0.008,As-Ba-Fe-Ru
B0.015C0.985Cu1Sr2O5-MP-mp-1198030-synth_doped.cif,B0.015C0.985Cu1Sr2O5,0.0,V45,zero-in-high-cloud,10,22.0,0.0,32.0,Sr2Cu1C0.983B0.018O5,0.0,0.001,B-C-Cu-O-Sr
B0.027C0.973Cu1Sr2O5-MP-mp-1198030-synth_doped.cif,B0.027C0.973Cu1Sr2O5,0.0,V45,zero-in-high-cloud,10,22.0,0.0,32.0,Sr2Cu1C0.983B0.018O5,0.0,0.002,B-C-Cu-O-Sr
Sr2Cu1C0.983B0.018O5-MP-mp-686590.cif,Sr2Cu1C0.983B0.018O5,0.0,new,zero-in-high-cloud,10,22.0,0.0,32.0,B0.015C0.985Cu1Sr2O5,0.0,0.001,B-C-Cu-O-Sr
B2C1La0.09Lu0.91Ni2-MP-mp-6544-synth_doped.cif,B2C1La0.09Lu0.91Ni2,0.0,V45,zero-in-high-cloud,5,15.1,13.6,16.2,B2C1La0.08Lu0.92Ni2,13.6,0.003,B-C-La-Lu-Ni
B2Cr0.05Mg0.95-MP-mp-763-synth_doped.cif,B2Cr0.05Mg0.95,0.0,V45,zero-in-high-cloud,3,35.3,35.1,36.7,B2Cr0.03Mg0.97,35.1,0.013,B-Cr-Mg
Ba0.054Cu1La1.946O4-MP-mp-1077929-synth_doped.cif,Ba0.054Cu1La1.946O4,0.0,V45,zero-in-high-cloud,34,10.8,0.0,33.1,Ba0.045Cu1La1.955O4,0.0,0.003,Ba-Cu-La-O
Ba0.074Cu1La1.926O4-MP-mp-1077929-synth_doped.cif,Ba0.074Cu1La1.926O4,0.0,V45,zero-in-high-cloud,38,13.1,0.0,33.1,Ba0.075Cu1La1.925O4,24.0,0.0,Ba-Cu-La-O
Ba0.158Cu1La1.842O4-MP-mp-1077929-synth_doped.cif,Ba0.158Cu1La1.842O4,0.0,V45,zero-in-high-cloud,33,23.1,0.0,33.1,Ba0.157Cu1La1.843O4,25.3,0.0,Ba-Cu-La-O
Ba0.174Cu1La1.826O4-MP-mp-1077929-synth_doped.cif,Ba0.174Cu1La1.826O4,0.0,V45,zero-in-high-cloud,32,23.3,0.0,33.1,Ba0.175Cu1La1.825O4,26.2,0.0,Ba-Cu-La-O
Ba0.25Cu1La1.75O4-MP-mp-1077929-synth_doped.cif,Ba0.25Cu1La1.75O4,0.0,V45,zero-in-high-cloud,16,22.4,0.0,28.0,Ba0.249Cu1La1.751O4,13.7,0.0,Ba-Cu-La-O
Ba0.275Cu1La1.725O4-MP-mp-1077929-synth_doped.cif,Ba0.275Cu1La1.725O4,0.0,V45,zero-in-high-cloud,11,14.0,0.0,26.2,Ba0.25Cu1La1.75O4,0.0,0.007,Ba-Cu-La-O
Ba0.75Bi1K0.25O3-MP-mp-1223500.cif,Ba0.75Bi1K0.25O3,0.0,V45,zero-in-high-cloud,3,28.0,0.0,29.9,Ba0.77Bi1K0.23O3,28.0,0.008,Ba-Bi-K-O
Y1La0.4Ba1.6Cu3O6.65-MP-mp-1228381.cif,Y1La0.4Ba1.6Cu3O6.65,0.0,new,zero-in-high-cloud,3,52.0,32.2,55.5,Y1Ba1.6La0.4Cu3O7,32.2,0.026,Ba-Cu-La-O-Y
Y1La0.2Ba1.8Cu3O6.31-MP-mp-1229067.cif,Y1La0.2Ba1.8Cu3O6.31,0.0,new,zero-in-high-cloud,3,32.9,28.1,44.3,Y1Ba1.8La0.2Cu3O6.6,28.1,0.022,Ba-Cu-La-O-Y
Y2La1.2Ba2.8Cu6O14.27-MP-icsd-63321.cif,Y2La1.2Ba2.8Cu6O14.27,0.0,new,zero-in-high-cloud,10,31.5,0.0,55.55,Y1Ba1.5La0.5Cu3O7.17,55.55,0.017,Ba-Cu-La-O-Y
Ba1.75Cu4Sr0.25Y1O8-MP-mp-6790-synth_doped.cif,Ba1.75Cu4Sr0.25Y1O8,0.0,V45,zero-in-high-cloud,11,78.0,0.0,82.0,Ba1.76Cu4Sr0.24Y1O8,76.0,0.001,Ba-Cu-O-Sr-Y
Ba1.78Cu4Sr0.22Y1O8-MP-mp-6790-synth_doped.cif,Ba1.78Cu4Sr0.22Y1O8,0.0,V45,zero-in-high-cloud,11,78.0,0.0,82.0,Ba1.8Cu4Sr0.2Y1O8,77.7,0.003,Ba-Cu-O-Sr-Y
Y1Ba1.38Sr0.62Cu4O8-MP-mp-1227433.cif,Y1Ba1.38Sr0.62Cu4O8,0.0,new,zero-in-high-cloud,7,79.5,78.5,82.0,Y1Ba1.36Sr0.64Cu4O8,81.0,0.003,Ba-Cu-O-Sr-Y
Y1Ba1.68Sr0.32Cu4O8-MP-mp-1227433.cif,Y1Ba1.68Sr0.32Cu4O8,0.0,new,zero-in-high-cloud,11,79.0,0.0,82.0,Y1Ba1.65Sr0.35Cu4O8,80.8,0.004,Ba-Cu-O-Sr-Y
Nd1.4Ba1.6Cu3O7.19-MP-mp-1228592.cif,Nd1.4Ba1.6Cu3O7.19,0.0,new,zero-in-high-cloud,12,17.7,0.0,69.0,Nd1.4Ba1.6Cu3O7.09,38.0,0.007,Ba-Cu-Nd-O
Nd1.42Ba1.58Cu3O6.94-MP-mp-1228353.cif,Nd1.42Ba1.58Cu3O6.94,0.0,new,zero-in-high-cloud,12,23.2,0.0,69.0,Nd1.4Ba1.6Cu3O7.002,0.0,0.006,Ba-Cu-Nd-O
Nd1.4Ba1.6Cu3O7.002-MP-mp-1228592.cif,Nd1.4Ba1.6Cu3O7.002,0.0,new,zero-in-high-cloud,12,23.2,0.0,69.0,Nd1.4Ba1.6Cu3O7.09,38.0,0.006,Ba-Cu-Nd-O
Nd1.22Ba1.78Cu3O6.84-MP-mp-22719.cif,Nd1.22Ba1.78Cu3O6.84,0.0,new,zero-in-high-cloud,12,67.2,32.0,92.0,Nd1.2Ba1.8Cu3O6.91,47.6,0.007,Ba-Cu-Nd-O
Nd1.05Ba1.95Cu3O6.68-MP-mp-22719.cif,Nd1.05Ba1.95Cu3O6.68,0.0,new,zero-in-high-cloud,18,79.2,0.0,94.0,Nd1Ba2Cu3O6.67,31.65,0.009,Ba-Cu-Nd-O
Nd1Ba2Cu3O6.87-MP-mp-22719.cif,Nd1Ba2Cu3O6.87,0.0,new,zero-in-high-cloud,20,79.7,0.0,95.3,Nd1Ba2Cu3O6.86,73.0,0.001,Ba-Cu-Nd-O
Nd1Ba2Cu3O6.3-MP-mp-1228184.cif,Nd1Ba2Cu3O6.3,0.0,new,zero-in-high-cloud,7,31.6,0.0,90.5,Nd1Ba2Cu3O6.23,60.5,0.006,Ba-Cu-Nd-O
Nd1Ba2Cu3O6.13-MP-mp-1228184.cif,Nd1Ba2Cu3O6.13,0.0,new,zero-in-high-cloud,5,60.5,0.0,90.5,Nd1Ba2Cu3O6.09,90.5,0.003,Ba-Cu-Nd-O
Nd1Ba2Cu3O6.47-MP-mp-1228184.cif,Nd1Ba2Cu3O6.47,0.0,new,zero-in-high-cloud,14,56.6,0.0,94.0,Nd1Ba2Cu3O6.6,14.0,0.01,Ba-Cu-Nd-O
Sm1.3Ba1.7Cu3O6.996-MP-mp-21451.cif,Sm1.3Ba1.7Cu3O6.996,0.0,new,zero-in-high-cloud,13,38.0,0.0,83.0,Sm1.28Ba1.72Cu3O7.03,43.6,0.005,Ba-Cu-O-Sm
Sm1.25Ba1.75Cu3O6.972-MP-mp-21451.cif,Sm1.25Ba1.75Cu3O6.972,0.0,new,zero-in-high-cloud,12,41.1,0.0,83.0,Sm1.27Ba1.73Cu3O7.05,50.05,0.007,Ba-Cu-O-Sm
Sm1.05Ba1.95Cu3O6.94-MP-mp-21451.cif,Sm1.05Ba1.95Cu3O6.94,0.0,new,zero-in-high-cloud,23,83.0,0.0,93.5,Sm1.05Ba1.95Cu3O6.99,88.5,0.004,Ba-Cu-O-Sm
Sm1Ba2Cu3O6.64-MP-mp-21451.cif,Sm1Ba2Cu3O6.64,0.0,new,zero-in-high-cloud,19,83.6,0.0,91.1,Sm1Ba2Cu3O6.65,32.8,0.001,Ba-Cu-O-Sm
Sm1Ba2Cu3O6.53-MP-mp-21451.cif,Sm1Ba2Cu3O6.53,0.0,new,zero-in-high-cloud,14,58.0,0.0,91.1,Sm1Ba2Cu3O6.554,28.75,0.002,Ba-Cu-O-Sm
Sm1Ba2Cu3O6.467-MP-mp-1229115.cif,Sm1Ba2Cu3O6.467,0.0,new,zero-in-high-cloud,12,36.3,0.0,90.5,Sm1Ba2Cu3O6.53,0.0,0.005,Ba-Cu-O-Sm
Sm1.3Ba1.7Cu3O7.16-MP-icsd-68194.cif,Sm1.3Ba1.7Cu3O7.16,0.0,new,zero-in-high-cloud,11,31.8,0.0,56.5,Sm1.28Ba1.72Cu3O7.03,43.6,0.01,Ba-Cu-O-Sm
Sm1Ba2Cu3O7.06-MP-icsd-68194.cif,Sm1Ba2Cu3O7.06,0.0,new,zero-in-high-cloud,19,87.0,0.0,93.5,Sm1Ba2Cu3O7.11,93.5,0.004,Ba-Cu-O-Sm
Pr2Ba4Cu7O15-MP-mp-1228264.cif,Pr2Ba4Cu7O15,0.0,new,zero-in-high-cloud,3,15.5,10.0,21.0,Pr2Ba4Cu7O14.74,15.5,0.009,Ba-Cu-O-Pr
Ba1.6Sr0.4Yb1Cu3O6.42-MP-mp-1099602.cif,Ba1.6Sr0.4Yb1Cu3O6.42,0.0,new,zero-in-high-cloud,8,40.5,0.0,81.0,Ba1.6Sr0.4Yb1Cu3O6.48,10.0,0.005,Ba-Cu-O-Sr-Yb
Ba2Ca0.12Cu3Y0.88O6-MP-mp-22215-synth_doped.cif,Ba2Ca0.12Cu3Y0.88O6,0.0,V45,zero-in-high-cloud,13,24.0,0.0,50.0,Y0.9Ca0.1Ba2Cu3O6.03,19.8,0.005,Ba-Ca-Cu-O-Y
Y0.8Ca0.2Ba2Cu3O6.12-MP-mp-20897.cif,Y0.8Ca0.2Ba2Cu3O6.12,0.0,new,zero-in-high-cloud,19,32.4,0.0,61.8,Y0.8Ca0.2Ba2Cu3O6.1,50.0,0.002,Ba-Ca-Cu-O-Y
Y0.9Ca0.1Ba2Cu3O6.049-MP-mp-1229067.cif,Y0.9Ca0.1Ba2Cu3O6.049,0.0,new,zero-in-high-cloud,12,21.9,0.0,50.0,Y0.9Ca0.1Ba2Cu3O6.03,19.8,0.002,Ba-Ca-Cu-O-Y
Y0.82Ca0.18Ba2Cu3O6.008-MP-mp-20897.cif,Y0.82Ca0.18Ba2Cu3O6.008,0.0,new,zero-in-high-cloud,16,26.8,0.0,50.0,Ba2Ca0.2Cu3Y0.8O6,24.0,0.004,Ba-Ca-Cu-O-Y
Gd1Ba2Cu3O6.52-MP-mp-1229327.cif,Gd1Ba2Cu3O6.52,0.0,new,zero-in-high-cloud,4,86.5,0.0,92.45,Gd1Ba2Cu3O6.3,0.0,0.017,Ba-Cu-Gd-O
Ba2.02Cu1.01Tl1.97O6.16-MP-mp-6027-synth_doped.cif,Ba2.02Cu1.01Tl1.97O6.16,0.0,V45,zero-in-high-cloud,17,49.0,0.0,87.8,Ba2Cu1Tl2O6.16,64.9,0.005,Ba-Cu-O-Tl
Ba2Cu1Tl2O6.164-MP-mp-6027-synth_doped.cif,Ba2Cu1Tl2O6.164,0.0,V45,zero-in-high-cloud,17,49.0,0.0,87.8,Ba2Cu1Tl2O6.16,64.9,0.0,Ba-Cu-O-Tl
Ba2Cu1Tl2O6.23-MP-mp-6027-synth_doped.cif,Ba2Cu1Tl2O6.23,0.0,V45,zero-in-high-cloud,17,49.0,0.0,87.8,Ba2Cu1Tl2O6.19,45.3,0.003,Ba-Cu-O-Tl
Ba2Ca0.7Ce0.3Cu2Tl2O8-MP-mp-6885-synth_doped.cif,Ba2Ca0.7Ce0.3Cu2Tl2O8,0.0,V45,zero-in-high-cloud,3,100.0,0.0,103.0,Tl2Ba2Ca0.6Ce0.4Cu2O8,0.0,0.013,Ba-Ca-Ce-Cu-O-Tl
Y1Ba2Cu2.955Co0.045O7-MP-mp-20674.cif,Y1Ba2Cu2.955Co0.045O7,0.0,new,zero-in-high-cloud,23,70.0,0.0,94.3,Y1Ba2Cu2.96Co0.04O7,91.5,0.001,Ba-Co-Cu-O-Y
Y1Ba2Cu2.6Co0.4O6.95-MP-icsd-63321.cif,Y1Ba2Cu2.6Co0.4O6.95,0.0,new,zero-in-high-cloud,17,11.3,0.0,66.2,Y1Ba2Cu2.61Co0.39O6.91,0.0,0.004,Ba-Co-Cu-O-Y
Y1Ba2Cu2.61Co0.39O6.91-MP-icsd-63321.cif,Y1Ba2Cu2.61Co0.39O6.91,0.0,new,zero-in-high-cloud,16,14.1,0.0,66.2,Y1Ba2Cu2.6Co0.4O6.95,0.0,0.004,Ba-Co-Cu-O-Y
Y1Ba2Cu2.8Co0.2O6.9-MP-mp-1228425.cif,Y1Ba2Cu2.8Co0.2O6.9,0.0,new,zero-in-high-cloud,30,61.0,0.0,94.3,Y1Ba2Cu2.8Co0.2O6.83,53.0,0.005,Ba-Co-Cu-O-Y
Ba2Cu1Hg1O4.04-MP-mp-6562-synth_doped.cif,Ba2Cu1Hg1O4.04,0.0,V45,zero-in-high-cloud,35,88.0,0.0,98.0,Ba2Cu1Hg1O4.045,73.0,0.001,Ba-Cu-Hg-O
Ba2Cu1Hg1O4.14-MP-mp-6562-synth_doped.cif,Ba2Cu1Hg1O4.14,0.0,V45,zero-in-high-cloud,41,82.0,0.0,98.0,Ba2Cu1Hg1O4.15,97.0,0.001,Ba-Cu-Hg-O
Ba2Cu1Hg1O4.32-MP-mp-6562-synth_doped.cif,Ba2Cu1Hg1O4.32,0.0,V45,zero-in-high-cloud,25,89.1,0.0,98.0,Ba2Cu1Hg1O4.31,78.0,0.001,Ba-Cu-Hg-O
Dy0.4Pr0.6Ba2Cu3O6.9-MP-mp-1228179.cif,Dy0.4Pr0.6Ba2Cu3O6.9,0.0,new,zero-in-high-cloud,3,19.0,0.0,27.8,Dy0.5Pr0.5Ba2Cu3O6.9,27.8,0.016,Ba-Cu-Dy-O-Pr
Dy0.8Pr0.2Ba2Cu3O6.9-MP-mp-622105.cif,Dy0.8Pr0.2Ba2Cu3O6.9,0.0,new,zero-in-high-cloud,3,77.4,53.9,91.4,Dy0.85Pr0.15Ba2Cu3O6.9,77.4,0.008,Ba-Cu-Dy-O-Pr
Er1Ba2Cu3O6.88-MP-mp-622110.cif,Er1Ba2Cu3O6.88,0.0,new,zero-in-high-cloud,10,90.2,45.45,93.0,Er1Ba2Cu3O6.91,92.0,0.002,Ba-Cu-Er-O
Er1Ba2Cu3O6.25-MP-mp-1229210.cif,Er1Ba2Cu3O6.25,0.0,new,zero-in-high-cloud,6,17.5,0.0,75.0,Er1Ba2Cu3O6.23,0.0,0.002,Ba-Cu-Er-O
Er1Ba2Cu3O6.23-MP-mp-1229210.cif,Er1Ba2Cu3O6.23,0.0,new,zero-in-high-cloud,6,17.5,0.0,75.0,Er1Ba2Cu3O6.25,0.0,0.002,Ba-Cu-Er-O
Eu0.4Pr0.6Ba2Cu4O8-MP-mp-6779.cif,Eu0.4Pr0.6Ba2Cu4O8,0.0,new,zero-in-high-cloud,3,27.5,0.0,40.0,Ba2Cu4Eu0.3Pr0.7O8,0.0,0.013,Ba-Cu-Eu-O-Pr
Eu0.6Pr0.4Ba2Cu3O6.64-MP-mp-1228601.cif,Eu0.6Pr0.4Ba2Cu3O6.64,0.0,new,zero-in-high-cloud,4,26.4,0.0,41.0,Eu0.7Pr0.3Ba2Cu3O6.66,41.0,0.017,Ba-Cu-Eu-O-Pr
Eu1.15Ba1.85Cu3O6.937-MP-mp-622211.cif,Eu1.15Ba1.85Cu3O6.937,0.0,new,zero-in-high-cloud,12,44.7,0.0,94.0,Eu1.1Ba1.9Cu3O6.932,0.0,0.008,Ba-Cu-Eu-O
Eu1.1Ba1.9Cu3O6.932-MP-mp-622211.cif,Eu1.1Ba1.9Cu3O6.932,0.0,new,zero-in-high-cloud,15,81.0,0.0,94.9,Eu1.05Ba1.95Cu3O6.93,0.0,0.008,Ba-Cu-Eu-O
Eu1.05Ba1.95Cu3O6.93-MP-mp-622211.cif,Eu1.05Ba1.95Cu3O6.93,0.0,new,zero-in-high-cloud,14,82.1,0.0,94.9,Eu1.1Ba1.9Cu3O6.932,0.0,0.008,Ba-Cu-Eu-O
Eu1Ba2Cu3O6.59-MP-mp-622211.cif,Eu1Ba2Cu3O6.59,0.0,new,zero-in-high-cloud,8,91.5,0.0,94.0,Ba2Cu3Eu1O6.5,92.0,0.007,Ba-Cu-Eu-O
Gd1Ba1.6Pr0.4Cu3O6.99-MP-mp-1228407.cif,Gd1Ba1.6Pr0.4Cu3O6.99,0.0,new,zero-in-high-cloud,4,16.4,0.0,39.2,Gd1Ba1.65Pr0.35Cu3O6.97,10.0,0.009,Ba-Cu-Gd-O-Pr
Nd0.75Pr0.25Ba2Cu3O6.75-MP-mp-22719.cif,Nd0.75Pr0.25Ba2Cu3O6.75,0.0,new,zero-in-high-cloud,15,11.7,0.0,50.0,Nd0.75Pr0.25Ba2Cu3O6.85,9.2,0.007,Ba-Cu-Nd-O-Pr
Nd0.85Pr0.15Ba2Cu3O6.65-MP-mp-22719.cif,Nd0.85Pr0.15Ba2Cu3O6.65,0.0,new,zero-in-high-cloud,15,30.2,0.0,57.2,Nd0.85Pr0.15Ba2Cu3O6.75,21.6,0.007,Ba-Cu-Nd-O-Pr
Y0.5Pr0.5Ba2Cu3O6.8-MP-mp-1228182.cif,Y0.5Pr0.5Ba2Cu3O6.8,0.0,new,zero-in-high-cloud,42,12.0,0.0,47.0,Y0.5Pr0.5Ba2Cu3O6.76,4.0,0.003,Ba-Cu-O-Pr-Y
Y0.6Pr0.4Ba2Cu3O6.45-MP-mp-1229245.cif,Y0.6Pr0.4Ba2Cu3O6.45,0.0,new,zero-in-high-cloud,13,14.9,0.0,46.0,Y0.6Pr0.4Ba2Cu3O6.5,14.9,0.004,Ba-Cu-O-Pr-Y
Y0.55Pr0.45Ba2Cu3O6.5-MP-mp-1228182.cif,Y0.55Pr0.45Ba2Cu3O6.5,0.0,new,zero-in-high-cloud,19,13.0,0.0,33.9,Y0.6Pr0.4Ba2Cu3O6.5,14.9,0.008,Ba-Cu-O-Pr-Y
Y0.5Pr0.5Ba2Cu3O7.01-MP-mp-1229245.cif,Y0.5Pr0.5Ba2Cu3O7.01,0.0,new,zero-in-high-cloud,35,14.4,0.0,47.0,Ba2Cu3Pr0.5Y0.5O7,25.93,0.001,Ba-Cu-O-Pr-Y
Sm0.8Pr0.2Ba2Cu3O6.55-MP-mp-21451.cif,Sm0.8Pr0.2Ba2Cu3O6.55,0.0,new,zero-in-high-cloud,10,24.5,0.0,39.65,Sm0.8Pr0.2Ba2Cu3O6.65,21.0,0.008,Ba-Cu-O-Pr-Sm
Sm1Ba1.7Pr0.3Cu3O7.07-MP-icsd-68194.cif,Sm1Ba1.7Pr0.3Cu3O7.07,0.0,new,zero-in-high-cloud,3,26.5,0.0,35.0,Sm1Ba1.65Pr0.35Cu3O7.1,0.0,0.01,Ba-Cu-O-Pr-Sm
Tm1Ba2Cu3O6.37-MP-mp-1228146.cif,Tm1Ba2Cu3O6.37,0.0,new,zero-in-high-cloud,6,39.0,0.0,92.5,Tm1Ba2Cu3O6.41,19.0,0.003,Ba-Cu-O-Tm
Tm1Ba2Cu3O6.07-MP-mp-1228146.cif,Tm1Ba2Cu3O6.07,0.0,new,zero-in-high-cloud,3,19.0,0.0,28.0,Tm1Ba2Cu3O6.37,0.0,0.024,Ba-Cu-O-Tm
Y1Ba2Cu3.72Zn0.28O8-MP-mp-6790.cif,Y1Ba2Cu3.72Zn0.28O8,0.0,new,zero-in-high-cloud,6,26.3,0.0,43.3,Y1Ba2Cu3.7Zn0.3O8,22.5,0.003,Ba-Cu-O-Y-Zn
Y1Ba2Cu3.85Zn0.15O8-MP-mp-6790.cif,Y1Ba2Cu3.85Zn0.15O8,0.0,new,zero-in-high-cloud,11,47.2,0.0,73.3,Y1Ba2Cu3.84Zn0.16O8,31.5,0.001,Ba-Cu-O-Y-Zn
Y1Ba2Cu2.73Zn0.27O7-MP-mp-20674.cif,Y1Ba2Cu2.73Zn0.27O7,0.0,new,zero-in-high-cloud,26,21.1,0.0,64.0,Y1Ba2Cu2.7Zn0.3O6.97,0.0,0.006,Ba-Cu-O-Y-Zn
Y1Ba2Cu2.79Zn0.21O6.9-MP-mp-20674.cif,Y1Ba2Cu2.79Zn0.21O6.9,0.0,new,zero-in-high-cloud,52,42.5,0.0,89.2,Y1Ba2Cu2.8Zn0.2O6.88,54.7,0.003,Ba-Cu-O-Y-Zn
Y1Ba2Cu2.826Zn0.174O6.89-MP-mp-20674.cif,Y1Ba2Cu2.826Zn0.174O6.89,0.0,new,zero-in-high-cloud,70,45.0,0.0,90.0,Y1Ba2Cu2.841Zn0.159O6.89,0.0,0.002,Ba-Cu-O-Y-Zn
Y1Ba2Cu2.883Zn0.117O6.9-MP-mp-20674.cif,Y1Ba2Cu2.883Zn0.117O6.9,0.0,new,zero-in-high-cloud,84,42.7,0.0,90.0,Y1Ba2Cu2.88Zn0.12O6.92,53.0,0.002,Ba-Cu-O-Y-Zn
Y1Ba2Cu2.94Zn0.06O6.91-MP-mp-20674.cif,Y1Ba2Cu2.94Zn0.06O6.91,0.0,new,zero-in-high-cloud,89,41.0,0.0,90.0,Y1Ba2Cu2.94Zn0.06O6.93,75.0,0.001,Ba-Cu-O-Y-Zn
Y1Ba2Cu2.841Zn0.159O6.89-MP-mp-20674.cif,Y1Ba2Cu2.841Zn0.159O6.89,0.0,new,zero-in-high-cloud,77,45.0,0.0,90.0,Y1Ba2Cu2.826Zn0.174O6.89,0.0,0.002,Ba-Cu-O-Y-Zn
Y1Ba2Cu2.79Zn0.21O6.81-MP-mp-20674.cif,Y1Ba2Cu2.79Zn0.21O6.81,0.0,new,zero-in-high-cloud,59,37.0,0.0,77.0,Y1Ba2Cu2.8Zn0.2O6.79,45.0,0.003,Ba-Cu-O-Y-Zn
Y1Ba2Cu2.79Zn0.21O6.74-MP-mp-1228425.cif,Y1Ba2Cu2.79Zn0.21O6.74,0.0,new,zero-in-high-cloud,65,30.0,0.0,74.6,Y1Ba2Cu2.79Zn0.21O6.76,0.0,0.001,Ba-Cu-O-Y-Zn
Y1Ba2Cu2.79Zn0.21O6.76-MP-mp-1228903.cif,Y1Ba2Cu2.79Zn0.21O6.76,0.0,new,zero-in-high-cloud,63,30.7,0.0,75.0,Y1Ba2Cu2.79Zn0.21O6.74,0.0,0.001,Ba-Cu-O-Y-Zn
Y1Ba2Cu2.85Zn0.15O6.76-MP-mp-1228903.cif,Y1Ba2Cu2.85Zn0.15O6.76,0.0,new,zero-in-high-cloud,87,40.0,0.0,90.0,Y1Ba2Cu2.85Zn0.15O6.85,47.6,0.007,Ba-Cu-O-Y-Zn
Y1Ba2Cu2.79Zn0.21O6.7-MP-mp-1228425.cif,Y1Ba2Cu2.79Zn0.21O6.7,0.0,new,zero-in-high-cloud,63,30.0,0.0,74.6,Y1Ba2Cu2.79Zn0.21O6.74,0.0,0.003,Ba-Cu-O-Y-Zn
Y1Ba2Cu2.88Zn0.12O6.63-MP-mp-1228425.cif,Y1Ba2Cu2.88Zn0.12O6.63,0.0,new,zero-in-high-cloud,92,37.5,0.0,89.2,Y1Ba2Cu2.91Zn0.09O6.63,0.0,0.005,Ba-Cu-O-Y-Zn
Y1Ba2Cu2.91Zn0.09O6.63-MP-mp-1228425.cif,Y1Ba2Cu2.91Zn0.09O6.63,0.0,new,zero-in-high-cloud,91,38.7,0.0,90.0,Y1Ba2Cu2.91Zn0.09O6.65,10.0,0.002,Ba-Cu-O-Y-Zn
Y1Ba2Cu2.91Zn0.09O6.56-MP-mp-1228425.cif,Y1Ba2Cu2.91Zn0.09O6.56,0.0,new,zero-in-high-cloud,77,30.0,0.0,90.0,Y1Ba2Cu2.91Zn0.09O6.6,6.0,0.003,Ba-Cu-O-Y-Zn
Y1Ba2Cu2.91Zn0.09O6.44-MP-mp-20897.cif,Y1Ba2Cu2.91Zn0.09O6.44,0.0,new,zero-in-high-cloud,53,25.0,0.0,64.2,Y1Ba2Cu2.91Zn0.09O6.48,0.0,0.003,Ba-Cu-O-Y-Zn
Y1Ba2Cu2.94Zn0.06O6.42-MP-mp-1228903.cif,Y1Ba2Cu2.94Zn0.06O6.42,0.0,new,zero-in-high-cloud,47,23.0,0.0,64.2,Y1Ba2Cu2.94Zn0.06O6.38,0.0,0.003,Ba-Cu-O-Y-Zn
Y1Ba2Cu2.94Zn0.06O6.38-MP-mp-1229067.cif,Y1Ba2Cu2.94Zn0.06O6.38,0.0,new,zero-in-high-cloud,43,22.5,0.0,64.2,Y1Ba2Cu2.94Zn0.06O6.42,0.0,0.003,Ba-Cu-O-Y-Zn
Y1Ba2Cu2.94Zn0.06O6.33-MP-mp-1229067.cif,Y1Ba2Cu2.94Zn0.06O6.33,0.0,new,zero-in-high-cloud,33,18.9,0.0,60.0,Y1Ba2Cu2.94Zn0.06O6.38,0.0,0.004,Ba-Cu-O-Y-Zn
Y1Ba2Cu2.91Zn0.09O6.48-MP-mp-20897.cif,Y1Ba2Cu2.91Zn0.09O6.48,0.0,new,zero-in-high-cloud,59,27.5,0.0,77.0,Y1Ba2Cu2.91Zn0.09O6.5,0.0,0.002,Ba-Cu-O-Y-Zn
Y1Ba2Cu2.91Zn0.09O6.5-MP-mp-20897.cif,Y1Ba2Cu2.91Zn0.09O6.5,0.0,new,zero-in-high-cloud,64,27.8,0.0,89.2,Y1Ba2Cu2.91Zn0.09O6.48,0.0,0.002,Ba-Cu-O-Y-Zn
Y1Ba2Cu2.931Zn0.069O6.5-MP-mp-20897.cif,Y1Ba2Cu2.931Zn0.069O6.5,0.0,new,zero-in-high-cloud,60,27.8,0.0,89.2,Y1Ba2Cu2.94Zn0.06O6.53,0.0,0.003,Ba-Cu-O-Y-Zn
Y1Ba2Cu2.94Zn0.06O6.53-MP-mp-1228425.cif,Y1Ba2Cu2.94Zn0.06O6.53,0.0,new,zero-in-high-cloud,65,29.8,0.0,89.2,Y1Ba2Cu2.95Zn0.05O6.52,23.0,0.002,Ba-Cu-O-Y-Zn
Y1Ba2Cu2.94Zn0.06O6.48-MP-mp-20897.cif,Y1Ba2Cu2.94Zn0.06O6.48,0.0,new,zero-in-high-cloud,56,25.2,0.0,77.0,Y1Ba2Cu2.95Zn0.05O6.47,18.0,0.002,Ba-Cu-O-Y-Zn
DyBa2Cu3O7-MP-mp-622105.cif,DyBa2Cu3O7,0.0,new,zero-in-high-cloud,8,90.0,86.0,94.0,Dy1Ba2Cu3O6.9,92.3,0.007,Ba-Cu-Dy-O
Bi2Sr2Ca0.5Gd0.5Cu2O8-MP-mp-1218930.cif,Bi2Sr2Ca0.5Gd0.5Cu2O8,0.0,new,zero-in-high-cloud,4,15.0,0.0,48.0,Bi2Sr2Ca0.4Gd0.6Cu2O8,0.0,0.013,Bi-Ca-Cu-Gd-O-Sr
Bi2Sr2Ca0.4Y0.6Cu2I1O8-MP-mp-1209124.cif,Bi2Sr2Ca0.4Y0.6Cu2I1O8,0.0,new,zero-in-high-cloud,3,55.0,31.0,66.0,Bi2Sr2Ca0.5Y0.5Cu2I1O8,31.0,0.012,Bi-Ca-Cu-I-O-Sr-Y
Bi2Ca1Cu2Sr2O8.01-MP-mp-1218930-synth_doped.cif,Bi2Ca1Cu2Sr2O8.01,0.0,V45,zero-in-high-cloud,50,81.2,0.0,95.3,Bi2Ca1Cu2Sr2O8,88.25,0.001,Bi-Ca-Cu-O-Sr
Bi2Ca1Cu2Sr2O8.051-MP-mp-1218930-synth_doped.cif,Bi2Ca1Cu2Sr2O8.051,0.0,V45,zero-in-high-cloud,51,81.3,0.0,95.3,Bi2Ca1Cu2Sr2O8.077,0.0,0.002,Bi-Ca-Cu-O-Sr
Bi2Ca1Cu2Sr2O8.077-MP-mp-1218930-synth_doped.cif,Bi2Ca1Cu2Sr2O8.077,0.0,V45,zero-in-high-cloud,51,81.3,0.0,95.3,Bi2Ca1Cu2Sr2O8.1,90.0,0.001,Bi-Ca-Cu-O-Sr
Bi2Ca1Cu2Sr2O8.217-MP-mp-1218930-synth_doped.cif,Bi2Ca1Cu2Sr2O8.217,0.0,V45,zero-in-high-cloud,53,81.0,0.0,95.3,Bi2Ca1Cu2Sr2O8.218,70.0,0.0,Bi-Ca-Cu-O-Sr
Bi2Ca1Cu2Sr2O8.255-MP-mp-1218930-synth_doped.cif,Bi2Ca1Cu2Sr2O8.255,0.0,V45,zero-in-high-cloud,53,81.0,0.0,95.3,Bi2Ca1Cu2Sr2O8.256,67.2,0.0,Bi-Ca-Cu-O-Sr
Bi2Sr2Ca1Cu2O7.93-MP-mp-1218930.cif,Bi2Sr2Ca1Cu2O7.93,0.0,new,zero-in-high-cloud,49,81.3,0.0,95.3,Bi2Sr2Ca1Cu2O7.965,0.0,0.002,Bi-Ca-Cu-O-Sr
Bi2Sr2Ca1Cu2O7.965-MP-mp-1218930.cif,Bi2Sr2Ca1Cu2O7.965,0.0,new,zero-in-high-cloud,50,81.2,0.0,95.3,Bi2Sr2Ca1Cu2O7.975,0.0,0.001,Bi-Ca-Cu-O-Sr
Bi2Sr2Ca1Cu2O7.975-MP-mp-1218930.cif,Bi2Sr2Ca1Cu2O7.975,0.0,new,zero-in-high-cloud,50,81.2,0.0,95.3,Bi2Sr2Ca1Cu2O7.965,0.0,0.001,Bi-Ca-Cu-O-Sr
Bi2.1Sr1.9Ca1Cu2O8.28-MP-icsd-63210.cif,Bi2.1Sr1.9Ca1Cu2O8.28,0.0,new,zero-in-high-cloud,52,79.5,0.0,94.2,Bi2.1Sr1.9Ca1Cu2O8.25,0.0,0.002,Bi-Ca-Cu-O-Sr
Bi2.1Sr1.9Ca1Cu2O8.25-MP-icsd-63210.cif,Bi2.1Sr1.9Ca1Cu2O8.25,0.0,new,zero-in-high-cloud,52,79.5,0.0,94.2,Bi2.1Sr1.9Ca1Cu2O8.28,0.0,0.002,Bi-Ca-Cu-O-Sr
Bi2.1Sr1.9Ca1Cu2O8.22-MP-icsd-63210.cif,Bi2.1Sr1.9Ca1Cu2O8.22,0.0,new,zero-in-high-cloud,52,79.5,0.0,94.2,Bi2.1Sr1.9Ca1Cu2O8.25,0.0,0.002,Bi-Ca-Cu-O-Sr
Bi2Ca1Cu2I0.95Sr2O8.28-MP-mp-1209124-synth_doped.cif,Bi2Ca1Cu2I0.95Sr2O8.28,0.0,V45,zero-in-high-cloud,4,54.2,49.3,58.0,Bi2Sr2Ca1Cu2I1O8.242,53.0,0.006,Bi-Ca-Cu-I-O-Sr
Bi2Sr2Ca1Cu2I0.47O8.28-MP-mp-1209124.cif,Bi2Sr2Ca1Cu2I0.47O8.28,0.0,new,zero-in-high-cloud,5,56.7,53.1,71.6,Bi2Sr2Ca1Cu2I0.43O8.21,63.1,0.006,Bi-Ca-Cu-I-O-Sr
Bi2Sr2Ca1Cu2I0.23O8.28-MP-mp-1209124.cif,Bi2Sr2Ca1Cu2I0.23O8.28,0.0,new,zero-in-high-cloud,6,68.1,56.7,86.6,Bi2Sr2Ca1Cu2I0.2O8.242,64.6,0.004,Bi-Ca-Cu-I-O-Sr
Br2Ca1.875Cu1Na0.125O2-MP-mp-545481-synth_doped.cif,Br2Ca1.875Cu1Na0.125O2,0.0,V45,zero-in-high-cloud,3,10.5,10.0,11.0,Br2Ca1.85Cu1Na0.15O2,10.0,0.007,Br-Ca-Cu-Na-O
C1Cu1K0.2Sr1.8O5-MP-mp-1147662-synth_doped.cif,C1Cu1K0.2Sr1.8O5,0.0,V45,zero-in-high-cloud,3,13.0,0.0,16.0,C1Cu1K0.25Sr1.75O5,13.0,0.011,C-Cu-K-O-Sr
La1.95Ca0.05Cu1O3.975-MP-mp-1077929.cif,La1.95Ca0.05Cu1O3.975,0.0,new,zero-in-high-cloud,13,20.5,5.55,32.0,Ca0.065Cu1La1.935O4,5.55,0.007,Ca-Cu-La-O
Y0.65Ca0.35Sr2Cu2Ga1O6.94-MP-mp-1218712.cif,Y0.65Ca0.35Sr2Cu2Ga1O6.94,0.0,new,zero-in-high-cloud,4,37.2,27.0,41.0,Ca0.35Cu2Ga1Sr2Y0.65O7,27.0,0.004,Ca-Cu-Ga-O-Sr-Y
Ca0.2Cu2Sr2Tl1Y0.8O7-MP-mp-1218486-synth_doped.cif,Ca0.2Cu2Sr2Tl1Y0.8O7,0.0,V45,zero-in-high-cloud,3,92.0,87.0,93.0,Tl1Sr2Ca0.2Y0.8Cu2O6.97,93.0,0.002,Ca-Cu-O-Sr-Tl-Y
Ca1.92Cl2Cu1Na0.08O2-MP-mp-23143-synth_doped.cif,Ca1.92Cl2Cu1Na0.08O2,0.0,V45,zero-in-high-cloud,9,20.0,0.0,27.055,Ca1.94Cl2Cu1Na0.06O2,0.0,0.006,Ca-Cl-Cu-Na-O
Ca1.94Cl2Cu1Na0.06O2-MP-mp-23143-synth_doped.cif,Ca1.94Cl2Cu1Na0.06O2,0.0,V45,zero-in-high-cloud,7,19.7,0.0,25.0,Ca1.92Cl2Cu1Na0.08O2,0.0,0.006,Ca-Cl-Cu-Na-O
Ce0.18Cu1Nd1.82O4-MP-mp-4158-synth_doped.cif,Ce0.18Cu1Nd1.82O4,0.0,V45,zero-in-high-cloud,20,14.5,0.0,25.0,Ce0.17Cu1Nd1.83O4,12.8,0.003,Ce-Cu-Nd-O
Ce0.22Cu1Nd1.78O4-MP-mp-4158-synth_doped.cif,Ce0.22Cu1Nd1.78O4,0.0,V45,zero-in-high-cloud,17,20.8,0.0,25.0,Ce0.18Cu1Nd1.82O4,0.0,0.011,Ce-Cu-Nd-O
Nd1.85Ce0.15Cu1O4.064-MP-mp-662567.cif,Nd1.85Ce0.15Cu1O4.064,0.0,new,zero-in-high-cloud,20,14.5,0.0,25.0,Nd1.85Ce0.15Cu1O4.034,9.1,0.004,Ce-Cu-Nd-O
RuSr2Gd1.4Ce0.6Cu2O10-MP-mp-1218883.cif,RuSr2Gd1.4Ce0.6Cu2O10,0.0,new,zero-in-high-cloud,4,17.0,0.0,45.0,Ru1Sr2Gd1.4Ce0.6Cu2O10,45.0,0.0,Ce-Cu-Gd-O-Ru-Sr
Ce0.05Cu1Pr1.95O4-MP-mp-4181-synth_doped.cif,Ce0.05Cu1Pr1.95O4,0.0,V45,zero-in-high-cloud,10,17.7,0.0,23.6,Ce0.04Cu1Pr1.96O4,23.6,0.003,Ce-Cu-O-Pr
Ce0.18Cu1Pr1.82O4-MP-mp-4181-synth_doped.cif,Ce0.18Cu1Pr1.82O4,0.0,V45,zero-in-high-cloud,16,15.7,0.0,21.5,Ce0.17Cu1Pr1.83O4,15.425,0.003,Ce-Cu-O-Pr
Ce0.1Cu1Pr1.9O4-MP-mp-4181-synth_doped.cif,Ce0.1Cu1Pr1.9O4,0.0,V45,zero-in-high-cloud,15,15.4,0.0,23.6,Pr1.9Ce0.1Cu1O3.98,9.0,0.002,Ce-Cu-O-Pr
Pr1.875Ce0.125CuO4-MP-mp-4181.cif,Pr1.875Ce0.125CuO4,0.0,new,zero-in-high-cloud,17,16.0,0.0,23.6,Ce0.13Cu1Pr1.87O4,9.4,0.001,Ce-Cu-O-Pr
Ce0.06Cu1La1.94O4-MP-mp-1077929-synth_doped.cif,Ce0.06Cu1La1.94O4,0.0,V45,zero-in-high-cloud,11,21.8,1.5,30.3,Ce0.064Cu1La1.936O4,13.8,0.001,Ce-Cu-La-O
Ce0.06Cu1Sm1.94O4-MP-mp-4210-synth_doped.cif,Ce0.06Cu1Sm1.94O4,0.0,V45,zero-in-high-cloud,10,17.2,0.0,22.7,Ce0.09Cu1Sm1.91O4,0.0,0.009,Ce-Cu-O-Sm
Ce0.09Cu1Sm1.91O4-MP-mp-4210-synth_doped.cif,Ce0.09Cu1Sm1.91O4,0.0,V45,zero-in-high-cloud,12,10.1,0.0,22.7,Ce0.11Cu1Sm1.89O4,0.0,0.006,Ce-Cu-O-Sm
Ce0.17Cu1Sm1.83O4-MP-mp-4210-synth_doped.cif,Ce0.17Cu1Sm1.83O4,0.0,V45,zero-in-high-cloud,13,14.7,0.0,22.7,Ce0.156Cu1Sm1.844O4,16.4,0.004,Ce-Cu-O-Sm
Ce0.19Cu1Sm1.81O4-MP-mp-4210-synth_doped.cif,Ce0.19Cu1Sm1.81O4,0.0,V45,zero-in-high-cloud,13,14.7,0.0,22.7,Ce0.2Cu1Sm1.8O4,14.7,0.003,Ce-Cu-O-Sm
Ce0.21Cu1Sm1.79O4-MP-mp-4210-synth_doped.cif,Ce0.21Cu1Sm1.79O4,0.0,V45,zero-in-high-cloud,12,15.5,0.0,22.7,Ce0.2Cu1Sm1.8O4,14.7,0.003,Ce-Cu-O-Sm
Ce0.9Cu2Eu1.1Ru1Sr2O10-MP-mp-1218883-synth_doped.cif,Ce0.9Cu2Eu1.1Ru1Sr2O10,0.0,V45,zero-in-high-cloud,3,30.0,0.0,33.0,Ce0.8Cu2Eu1.2Ru1Sr2O10,30.0,0.012,Ce-Cu-Eu-O-Ru-Sr
La1.83Sr0.17Cu0.94Co0.06O4-MP-mp-1077929.cif,La1.83Sr0.17Cu0.94Co0.06O4,0.0,new,zero-in-high-cloud,16,27.4,1.25,36.4,La1.81Sr0.19Cu0.94Co0.06O4,31.8,0.006,Co-Cu-La-O-Sr
La1.75Sr0.25Cu0.9Co0.1O4-MP-mp-1077929.cif,La1.75Sr0.25Cu0.9Co0.1O4,0.0,new,zero-in-high-cloud,9,31.8,0.0,36.4,La1.75Sr0.25Cu0.94Co0.06O4,36.4,0.011,Co-Cu-La-O-Sr
La1.7Sr0.3Cu0.85Co0.15O4-MP-mp-1077929.cif,La1.7Sr0.3Cu0.85Co0.15O4,0.0,new,zero-in-high-cloud,4,15.5,0.0,33.0,La1.65Sr0.35Cu0.8Co0.2O4,0.0,0.029,Co-Cu-La-O-Sr
Cu0.03Ru0.97Sr2Y1O6-MP-mp-14430-synth_doped.cif,Cu0.03Ru0.97Sr2Y1O6,0.0,V45,zero-in-high-cloud,3,11.9,5.1,17.6,Cu0.04Ru0.96Sr2Y1O6,5.1,0.002,Cu-O-Ru-Sr-Y
La1.7Sr0.3Cu0.85Fe0.15O4-MP-mp-1077929.cif,La1.7Sr0.3Cu0.85Fe0.15O4,0.0,new,zero-in-high-cloud,4,14.2,0.0,32.5,La1.65Sr0.35Cu0.8Fe0.2O4,0.0,0.029,Cu-Fe-La-O-Sr
La1.75Sr0.25Cu0.9Fe0.1O4-MP-mp-1077929.cif,La1.75Sr0.25Cu0.9Fe0.1O4,0.0,new,zero-in-high-cloud,9,28.6,0.0,32.5,La1.75Sr0.25Cu0.94Fe0.06O4,30.5,0.011,Cu-Fe-La-O-Sr
La1.67Sr0.33Cu0.94Fe0.06O4-MP-mp-1218244.cif,La1.67Sr0.33Cu0.94Fe0.06O4,0.0,new,zero-in-high-cloud,5,30.5,28.4,32.5,La1.69Sr0.31Cu0.94Fe0.06O4,28.4,0.006,Cu-Fe-La-O-Sr
La1.9Sr0.1Cu0.95Fe0.05O4-MP-mp-1077929.cif,La1.9Sr0.1Cu0.95Fe0.05O4,0.0,new,zero-in-high-cloud,12,20.8,0.0,33.6,La1.89Sr0.11Cu0.995Fe0.005O4,14.7,0.016,Cu-Fe-La-O-Sr
La1.815Sr0.185Cu0.965Fe0.035O4-MP-mp-1077929.cif,La1.815Sr0.185Cu0.965Fe0.035O4,0.0,new,zero-in-high-cloud,16,26.0,0.0,33.6,La1.82Sr0.18Cu0.97Fe0.03O4,29.0,0.003,Cu-Fe-La-O-Sr
La1.85Sr0.15Cu0.973Fe0.027O4-MP-mp-1077929.cif,La1.85Sr0.15Cu0.973Fe0.027O4,0.0,new,zero-in-high-cloud,14,20.2,0.0,33.6,La1.85Sr0.15Cu0.982Fe0.018O4,0.05,0.003,Cu-Fe-La-O-Sr
Cu1La1.795Sr0.205O4-MP-mp-1077929-synth_doped.cif,Cu1La1.795Sr0.205O4,0.0,V45,zero-in-high-cloud,50,29.2,0.0,40.0,Cu1La1.798Sr0.202O4,30.5,0.001,Cu-La-O-Sr
Cu1La1.945Sr0.055O4-MP-mp-1077929-synth_doped.cif,Cu1La1.945Sr0.055O4,0.0,V45,zero-in-high-cloud,49,27.0,0.0,40.0,Cu1La1.943Sr0.057O4,4.51,0.001,Cu-La-O-Sr
Cu1La1.955Sr0.045O4-MP-mp-1077929-synth_doped.cif,Cu1La1.955Sr0.045O4,0.0,V45,zero-in-high-cloud,45,26.0,0.0,40.0,La1.96Sr0.04Cu1O4.002,0.0,0.002,Cu-La-O-Sr
Cu1La1.962Sr0.038O4-MP-mp-1077929-synth_doped.cif,Cu1La1.962Sr0.038O4,0.0,V45,zero-in-high-cloud,44,25.5,0.0,40.0,Cu1La1.964Sr0.036O4,0.0,0.001,Cu-La-O-Sr
Cu1La1.964Sr0.036O4-MP-mp-1077929-synth_doped.cif,Cu1La1.964Sr0.036O4,0.0,V45,zero-in-high-cloud,44,25.5,0.0,40.0,Cu1La1.962Sr0.038O4,0.0,0.001,Cu-La-O-Sr
Cu1La1.975Sr0.025O4-MP-mp-1077929-synth_doped.cif,Cu1La1.975Sr0.025O4,0.0,V45,zero-in-high-cloud,40,24.8,0.0,40.0,Cu1La1.98Sr0.02O4,0.0,0.001,Cu-La-O-Sr
Cu1La1.983Sr0.017O4-MP-mp-1077929-synth_doped.cif,Cu1La1.983Sr0.017O4,0.0,V45,zero-in-high-cloud,38,23.4,0.0,40.0,Cu1La1.98Sr0.02O4,0.0,0.001,Cu-La-O-Sr
Cu1La1.98Sr0.02O4-MP-mp-1077929-synth_doped.cif,Cu1La1.98Sr0.02O4,0.0,V45,zero-in-high-cloud,38,23.4,0.0,40.0,Cu1La1.983Sr0.017O4,0.0,0.001,Cu-La-O-Sr
Cu1La1.99Sr0.01O4-MP-mp-1077929-synth_doped.cif,Cu1La1.99Sr0.01O4,0.0,V45,zero-in-high-cloud,36,20.3,0.0,40.0,Cu1La1.983Sr0.017O4,0.0,0.002,Cu-La-O-Sr
La1.92Sr0.08Cu1O4.07-MP-mp-757399.cif,La1.92Sr0.08Cu1O4.07,0.0,new,zero-in-high-cloud,56,28.7,0.0,40.0,La1.9Sr0.1Cu1O4.018,40.0,0.008,Cu-La-O-Sr
La1.95Sr0.05Cu1O4.02-MP-mp-757399.cif,La1.95Sr0.05Cu1O4.02,0.0,new,zero-in-high-cloud,48,26.6,0.0,40.0,Cu1La1.945Sr0.055O4,0.0,0.002,Cu-La-O-Sr
La1.73Sr0.27Cu1O3.99-MP-mp-1077929.cif,La1.73Sr0.27Cu1O3.99,0.0,new,zero-in-high-cloud,36,18.6,0.0,39.35,Cu1La1.737Sr0.263O4,8.0,0.003,Cu-La-O-Sr
La1.79Sr0.21Cu1O3.99-MP-mp-1077929.cif,La1.79Sr0.21Cu1O3.99,0.0,new,zero-in-high-cloud,49,29.2,0.0,40.0,La1.788Sr0.213Cu1O4,23.0,0.002,Cu-La-O-Sr
La1.75Sr0.25Cu1O3.99-MP-mp-1077929.cif,La1.75Sr0.25Cu1O3.99,0.0,new,zero-in-high-cloud,39,22.0,0.0,39.35,Cu1La1.76Sr0.24O4,17.7,0.003,Cu-La-O-Sr
La1.95Sr0.05Cu1O3.98-MP-mp-1077929.cif,La1.95Sr0.05Cu1O3.98,0.0,new,zero-in-high-cloud,45,26.0,0.0,40.0,Cu1La1.955Sr0.045O4,0.0,0.002,Cu-La-O-Sr
La1.96Sr0.04Cu1O4.002-MP-mp-757399.cif,La1.96Sr0.04Cu1O4.002,0.0,new,zero-in-high-cloud,44,25.5,0.0,40.0,Cu1La1.962Sr0.038O4,0.0,0.001,Cu-La-O-Sr
La1.82Sr0.18Cu1O3.957-MP-mp-1077929.cif,La1.82Sr0.18Cu1O3.957,0.0,new,zero-in-high-cloud,59,29.2,0.0,40.0,La1.82Sr0.18Cu1O3.967,22.0,0.001,Cu-La-O-Sr
La1.81Sr0.19Cu1O3.949-MP-mp-1077929.cif,La1.81Sr0.19Cu1O3.949,0.0,new,zero-in-high-cloud,56,29.4,0.0,40.0,La1.815Sr0.185Cu1O3.964,33.2,0.002,Cu-La-O-Sr
La1.7Sr0.3Cu1O3.9-MP-mp-1077929.cif,La1.7Sr0.3Cu1O3.9,0.0,new,zero-in-high-cloud,22,15.2,0.0,37.0,La1.73Sr0.27Cu1O3.913,30.6,0.009,Cu-La-O-Sr
La1.83Sr0.17CuO4-MP-icsd-41494.cif,La1.83Sr0.17CuO4,0.0,new,zero-in-high-cloud,62,28.4,0.0,40.0,Cu1La1.828Sr0.172O4,39.35,0.001,Cu-La-O-Sr
Cu1La2O4-MP-mp-1077929.cif,Cu1La2O4,0.0,V45,zero-in-high-cloud,32,31.5,0.0,45.2,Cu1La2O4.003,0.0,0.0,Cu-La-O
Cu1La2O4.003-MP-mp-1077929-synth_doped.cif,Cu1La2O4.003,0.0,V45,zero-in-high-cloud,32,31.5,0.0,45.2,Cu1La2O4.005,32.0,0.0,Cu-La-O
Cu1La2O4.011-MP-mp-1077929-synth_doped.cif,Cu1La2O4.011,0.0,V45,zero-in-high-cloud,32,31.5,0.0,45.2,Cu1La2O4.012,32.0,0.0,Cu-La-O
Cu1La2O4.015-MP-mp-1077929-synth_doped.cif,Cu1La2O4.015,0.0,V45,zero-in-high-cloud,32,31.5,0.0,45.2,Cu1La2O4.017,34.7,0.0,Cu-La-O
Cu1La2O4.02-MP-mp-1077929-synth_doped.cif,Cu1La2O4.02,0.0,V45,zero-in-high-cloud,32,31.5,0.0,45.2,Cu1La2O4.022,42.0,0.0,Cu-La-O
Cu1La2O4.052-MP-mp-1077929-synth_doped.cif,Cu1La2O4.052,0.0,V45,zero-in-high-cloud,32,31.5,0.0,45.2,Cu1La2O4.054,29.1,0.0,Cu-La-O
Cu1La2O4.056-MP-mp-1077929-synth_doped.cif,Cu1La2O4.056,0.0,V45,zero-in-high-cloud,32,31.5,0.0,45.2,Cu1La2O4.054,29.1,0.0,Cu-La-O
Cu1La2O4.1-MP-mp-1077929-synth_doped.cif,Cu1La2O4.1,0.0,V45,zero-in-high-cloud,34,31.5,0.0,45.2,Cu1La2O4.095,37.8,0.001,Cu-La-O
Cu1La2O4.18-MP-mp-1077929-synth_doped.cif,Cu1La2O4.18,0.0,V45,zero-in-high-cloud,34,31.5,0.0,45.2,Cu1La2O4.2,0.0,0.002,Cu-La-O
Cu1La2O4.2-MP-mp-1077929-synth_doped.cif,Cu1La2O4.2,0.0,V45,zero-in-high-cloud,34,31.5,0.0,45.2,Cu1La2O4.18,0.0,0.002,Cu-La-O
Cu1La2O4.33-MP-mp-1077929-synth_doped.cif,Cu1La2O4.33,0.0,V45,zero-in-high-cloud,11,37.8,0.0,45.2,Cu1La2O4.32,37.5,0.001,Cu-La-O
La2Cu1O3.97-MP-mp-1077929.cif,La2Cu1O3.97,0.0,new,zero-in-high-cloud,32,31.5,0.0,45.2,Cu1La2O4,0.0,0.004,Cu-La-O
Cu1Nd0.13Sr0.87O1.95-MP-mp-37514-synth_doped.cif,Cu1Nd0.13Sr0.87O1.95,0.0,V45,zero-in-high-cloud,3,37.5,0.0,40.0,Cu1Nd0.14Sr0.86O2,37.5,0.017,Cu-Nd-O-Sr
Cu2Fe1Sr2Y1O7.32-MP-mvc-771-synth_doped.cif,Cu2Fe1Sr2Y1O7.32,0.0,V45,zero-in-high-cloud,5,43.5,0.0,53.5,Cu2Fe1Sr2Y1O7.36,0.0,0.003,Cu-Fe-O-Sr-Y
Cu2Fe1Sr2Y1O7.36-MP-mvc-771-synth_doped.cif,Cu2Fe1Sr2Y1O7.36,0.0,V45,zero-in-high-cloud,5,43.5,0.0,53.5,Cu2Fe1Sr2Y1O7.32,0.0,0.003,Cu-Fe-O-Sr-Y
Cu2Fe1Sr2Y1O7.6-MP-mvc-771-synth_doped.cif,Cu2Fe1Sr2Y1O7.6,0.0,V45,zero-in-high-cloud,5,43.5,0.0,53.5,Cu2Fe1Sr2Y1O7.66,43.5,0.004,Cu-Fe-O-Sr-Y
Y1Sr2Cu2.6Ga0.4O6.8-MP-mp-556575.cif,Y1Sr2Cu2.6Ga0.4O6.8,0.0,new,zero-in-high-cloud,3,17.0,0.0,21.0,Y1Sr2Cu2.6Ga0.4O6.7,0.0,0.007,Cu-Ga-O-Sr-Y
Y1Sr2Cu2.6Ga0.4O6.7-MP-mp-556575.cif,Y1Sr2Cu2.6Ga0.4O6.7,0.0,new,zero-in-high-cloud,3,17.0,0.0,21.0,Y1Sr2Cu2.6Ga0.4O6.8,0.0,0.007,Cu-Ga-O-Sr-Y
Cu2Gd1Ru0.9Sr2Ti0.1O8-MP-mp-1194240-synth_doped.cif,Cu2Gd1Ru0.9Sr2Ti0.1O8,0.0,V45,zero-in-high-cloud,4,34.2,29.2,40.3,Cu2Gd1Ru0.925Sr2Ti0.075O8,29.2,0.004,Cu-Gd-O-Ru-Sr-Ti
Fe1.049Te0.79Se0.21-MP-mp-1224987.cif,Fe1.049Te0.79Se0.21,0.0,new,zero-in-high-cloud,5,11.7,6.0,13.6,Fe1.049Se0.2Te0.8,11.0,0.01,Fe-Se-Te
Fe1.6K0.8Se2-MP-mp-1070735-synth_doped.cif,Fe1.6K0.8Se2,0.0,V45,zero-in-high-cloud,6,31.8,30.4,32.4,Fe1.63K0.82Se2,32.0,0.01,Fe-K-Se
Y1Ba2Cu2.985Al0.015O7-MP-mp-20674.cif,Y1Ba2Cu2.985Al0.015O7,0.0,new,zero-in-high-cloud,11,75.0,0.0,92.0,Y1Ba2Cu2.97Al0.03O7,0.0,0.002,Al-Ba-Cu-O-Y
Y1Ba2Cu2.97Al0.03O7-MP-mp-20674.cif,Y1Ba2Cu2.97Al0.03O7,0.0,new,zero-in-high-cloud,12,78.5,0.0,92.0,Y1Ba2Cu2.985Al0.015O7,0.0,0.002,Al-Ba-Cu-O-Y
La0.8Y0.2Fe0.96Mn0.06As1F0.11O0.89-MP-mp-1223197.cif,La0.8Y0.2Fe0.96Mn0.06As1F0.11O0.89,0.0,new,zero-in-high-cloud,6,18.4,0.0,27.525,La0.8Y0.2Fe0.975Mn0.025As1F0.11O0.89,10.1,0.017,As-F-Fe-La-Mn-O-Y
La1Fe0.959Zn0.041As1F0.08O0.9-MP-mp-1281007.cif,La1Fe0.959Zn0.041As1F0.08O0.9,0.0,new,zero-in-high-cloud,5,15.6,0.0,25.5,La1Fe0.973Zn0.027As1F0.08O0.9,0.0,0.007,As-F-Fe-La-O-Zn
La1Fe0.973Zn0.027As1F0.08O0.9-MP-mp-1281007.cif,La1Fe0.973Zn0.027As1F0.08O0.9,0.0,new,zero-in-high-cloud,5,15.6,0.0,25.5,La1Fe0.985Zn0.015As1F0.08O0.9,0.2,0.006,As-F-Fe-La-O-Zn
La1Fe1As1F0.02O0.98-MP-mp-1281007.cif,La1Fe1As1F0.02O0.98,0.0,new,zero-in-high-cloud,7,18.0,0.0,25.2,La1Fe1As1F0.025O0.975,0.0,0.003,As-F-Fe-La-O
La1Fe1As1F0.025O0.975-MP-mp-1281007.cif,La1Fe1As1F0.025O0.975,0.0,new,zero-in-high-cloud,7,18.0,0.0,25.2,La1Fe1As1F0.02O0.98,0.0,0.003,As-F-Fe-La-O
La1Fe1As1F0.04O0.96-MP-mp-1281007.cif,La1Fe1As1F0.04O0.96,0.0,new,zero-in-high-cloud,9,21.6,0.0,25.9,La1F0.05Fe1As1O0.95,24.652,0.005,As-F-Fe-La-O
Sm1Fe0.92Mn0.08As1F0.12O0.88-MP-mp-20349.cif,Sm1Fe0.92Mn0.08As1F0.12O0.88,0.0,new,zero-in-high-cloud,4,23.6,0.0,31.3,Sm1Fe0.94Mn0.06As1F0.12O0.88,16.0,0.01,As-F-Fe-Mn-O-Sm
Ba1Fe1.942Co0.048Cu0.01As2-MP-mp-2903350.cif,Ba1Fe1.942Co0.048Cu0.01As2,0.0,new,zero-in-high-cloud,6,10.6,2.35,20.95,Ba1Fe1.936Co0.044Cu0.02As2,2.35,0.004,As-Ba-Co-Cu-Fe
Ba1Fe1.93Co0.07As2-MP-mp-2903350.cif,Ba1Fe1.93Co0.07As2,0.0,new,zero-in-high-cloud,13,18.6,0.0,25.0,Ba1Fe1.924Co0.076As2,7.852500000000001,0.002,As-Ba-Co-Fe
Ba1Fe1.952Co0.048As2-MP-mp-2903350.cif,Ba1Fe1.952Co0.048As2,0.0,new,zero-in-high-cloud,10,16.4,0.0,24.0,Ba1Fe1.93Co0.07As2,0.0,0.009,As-Ba-Co-Fe
Ba1Fe1.968Ni0.032As2-MP-mp-2903350.cif,Ba1Fe1.968Ni0.032As2,0.0,new,zero-in-high-cloud,10,15.0,0.0,20.15,Ba1Fe1.952Ni0.048As2,3.463333333,0.006,As-Ba-Fe-Ni
Ba1Fe1.9866Ni0.0134As2-MP-mp-2903350.cif,Ba1Fe1.9866Ni0.0134As2,0.0,new,zero-in-high-cloud,7,12.9,0.0,18.2,Ba1Fe1.968Ni0.032As2,0.0,0.007,As-Ba-Fe-Ni
Ca0.895La0.105Fe2As2-MP-mp-1068300.cif,Ca0.895La0.105Fe2As2,0.0,new,zero-in-high-cloud,3,44.0,41.2,45.4,Ca0.891La0.109Fe2As2,45.4,0.002,As-Ca-Fe-La
Ca0.75La0.25Fe1As2-MP-mp-1068300.cif,Ca0.75La0.25Fe1As2,0.0,new,zero-in-high-cloud,3,21.9,0.0,26.5,Ca0.76La0.24Fe1As2,0.0,0.005,As-Ca-Fe-La
Ca0.76La0.24Fe1As2-MP-mp-1068300.cif,Ca0.76La0.24Fe1As2,0.0,new,zero-in-high-cloud,4,24.2,0.0,30.03333333,Ca0.75La0.25Fe1As2,0.0,0.005,As-Ca-Fe-La
Ca1Fe1.936Co0.064As2-MP-mp-1068300.cif,Ca1Fe1.936Co0.064As2,0.0,new,zero-in-high-cloud,6,17.5,14.8,20.8,Ca1Fe1.94Co0.06As2,15.5,0.002,As-Ca-Co-Fe
La1.7Nd0.15Ca0.056Ba0.094Cu1O4.02-MP-mp-757399.cif,La1.7Nd0.15Ca0.056Ba0.094Cu1O4.02,0.0,new,zero-in-high-cloud,4,17.0,0.0,20.6,La1.7Nd0.15Ca0.056Ba0.094Cu1O4,16.0,0.002,Ba-Ca-Cu-La-Nd-O
La1.55Nd0.3Ca0.028Ba0.122Cu1O4-MP-mp-1223089.cif,La1.55Nd0.3Ca0.028Ba0.122Cu1O4,0.0,new,zero-in-high-cloud,4,11.5,0.0,23.0,La1.6Nd0.25Ca0.038Ba0.112Cu1O4,0.0,0.017,Ba-Ca-Cu-La-Nd-O
La1.875Ba0.125Cu0.94Ni0.06O4-MP-mp-1077929.cif,La1.875Ba0.125Cu0.94Ni0.06O4,0.0,new,zero-in-high-cloud,9,11.0,0.0,19.0,La1.875Ba0.125Cu0.96Ni0.04O4,0.0,0.006,Ba-Cu-La-Ni-O
Ca0.4Ba1.15La1.45Cu3O7.08-MP-mp-558557.cif,Ca0.4Ba1.15La1.45Cu3O7.08,0.0,new,zero-in-high-cloud,20,52.5,0.0,80.5,Ca0.4Ba1.15La1.45Cu3O7.12,7.6,0.003,Ba-Ca-Cu-La-O
Ca0.4Ba1.15La1.45Cu3O7.02-MP-mp-558557.cif,Ca0.4Ba1.15La1.45Cu3O7.02,0.0,new,zero-in-high-cloud,18,47.7,0.0,80.0,Ca0.4Ba1.15La1.45Cu3O7.08,0.0,0.004,Ba-Ca-Cu-La-O
Ca0.4Ba1.25La1.35Cu3O6.99-MP-mp-1228470.cif,Ca0.4Ba1.25La1.35Cu3O6.99,0.0,new,zero-in-high-cloud,34,51.7,0.0,80.5,Ca0.4Ba1.25La1.35Cu3O7.04,21.3,0.004,Ba-Ca-Cu-La-O
Ca0.4La1.25Ba1.35Cu3O6.875-MP-mp-1228470.cif,Ca0.4La1.25Ba1.35Cu3O6.875,0.0,new,zero-in-high-cloud,33,57.0,0.0,80.5,Ca0.4Ba1.35La1.25Cu3O6.9,5.0,0.002,Ba-Ca-Cu-La-O
La1Ba1.5Ca0.5Cu3O7.14-MP-mp-558557.cif,La1Ba1.5Ca0.5Cu3O7.14,0.0,new,zero-in-high-cloud,20,55.0,0.0,79.9,La1Ba1.5Ca0.5Cu3O7.12,0.0,0.001,Ba-Ca-Cu-La-O
La1Ba1.5Ca0.5Cu3O7.18-MP-mp-558557.cif,La1Ba1.5Ca0.5Cu3O7.18,0.0,new,zero-in-high-cloud,18,39.0,0.0,79.9,La1Ba1.5Ca0.5Cu3O7.14,0.0,0.003,Ba-Ca-Cu-La-O
La1Ba1.5Ca0.5Cu3O7.12-MP-mp-558557.cif,La1Ba1.5Ca0.5Cu3O7.12,0.0,new,zero-in-high-cloud,20,55.0,0.0,79.9,La1Ba1.5Ca0.5Cu3O7.112,72.0,0.001,Ba-Ca-Cu-La-O
La1Ba1.5Ca0.5Cu3O7.1-MP-mp-558557.cif,La1Ba1.5Ca0.5Cu3O7.1,0.0,new,zero-in-high-cloud,20,55.0,0.0,79.9,La1Ba1.5Ca0.5Cu3O7.112,72.0,0.001,Ba-Ca-Cu-La-O
La1Ba1.5Ca0.5Cu3O7.02-MP-mp-558557.cif,La1Ba1.5Ca0.5Cu3O7.02,0.0,new,zero-in-high-cloud,22,55.0,0.0,79.9,La1Ba1.5Ca0.5Cu3O7.011,78.0,0.001,Ba-Ca-Cu-La-O
La1Ba1.5Ca0.5Cu3O6.8-MP-mp-1228470.cif,La1Ba1.5Ca0.5Cu3O6.8,0.0,new,zero-in-high-cloud,22,36.0,0.0,79.9,La1Ba1.5Ca0.5Cu3O6.79,40.0,0.001,Ba-Ca-Cu-La-O
La1.4Ba1.5Ca0.1Cu3O6.688-MP-mp-1228365.cif,La1.4Ba1.5Ca0.1Cu3O6.688,0.0,new,zero-in-high-cloud,12,25.0,0.0,70.0,La1.4Ba1.5Ca0.1Cu3O6.59,0.0,0.007,Ba-Ca-Cu-La-O
La1Ba1.5Ca0.5Cu3O6.76-MP-mp-1228470.cif,La1Ba1.5Ca0.5Cu3O6.76,0.0,new,zero-in-high-cloud,22,36.0,0.0,79.9,La1Ba1.5Ca0.5Cu3O6.79,40.0,0.002,Ba-Ca-Cu-La-O
La1Ba1.5Ca0.5Cu3O6.68-MP-mp-1228470.cif,La1Ba1.5Ca0.5Cu3O6.68,0.0,new,zero-in-high-cloud,15,38.0,0.0,79.9,La1Ba1.5Ca0.5Cu3O6.76,0.0,0.006,Ba-Ca-Cu-La-O
La1.4Ba1.5Ca0.1Cu3O6.59-MP-mp-1228365.cif,La1.4Ba1.5Ca0.1Cu3O6.59,0.0,new,zero-in-high-cloud,8,29.5,0.0,51.0,La1.4Ba1.5Ca0.1Cu3O6.688,0.0,0.007,Ba-Ca-Cu-La-O
La1Ba1.5Ca0.5Cu3O6.6-MP-mp-1228470.cif,La1Ba1.5Ca0.5Cu3O6.6,0.0,new,zero-in-high-cloud,12,36.0,0.0,79.9,La1Ba1.5Ca0.5Cu3O6.68,0.0,0.006,Ba-Ca-Cu-La-O
Ca0.1La1.25Ba1.65Cu3O6.88-MP-mp-622210.cif,Ca0.1La1.25Ba1.65Cu3O6.88,0.0,new,zero-in-high-cloud,25,37.9,0.0,57.15,Ca0.1Ba1.65La1.25Cu3O6.89,0.0,0.001,Ba-Ca-Cu-La-O
Ca0.1Ba1.65La1.25Cu3O6.89-MP-mp-622210.cif,Ca0.1Ba1.65La1.25Cu3O6.89,0.0,new,zero-in-high-cloud,25,37.9,0.0,57.15,Ca0.1La1.25Ba1.65Cu3O6.88,0.0,0.001,Ba-Ca-Cu-La-O
Ca0.1Ba1.65La1.25Cu3O6.8-MP-mp-622210.cif,Ca0.1Ba1.65La1.25Cu3O6.8,0.0,new,zero-in-high-cloud,21,25.0,0.0,70.0,Ca0.1La1.25Ba1.65Cu3O6.88,0.0,0.006,Ba-Ca-Cu-La-O
Ca0.1Ba1.65La1.25Cu3O6.71-MP-mp-622210.cif,Ca0.1Ba1.65La1.25Cu3O6.71,0.0,new,zero-in-high-cloud,18,13.0,0.0,70.0,Ca0.1Ba1.65La1.25Cu3O6.63,0.0,0.006,Ba-Ca-Cu-La-O
Ca0.4Ba1.25La1.25Cu3O6.87-MP-icsd-64631.cif,Ca0.4Ba1.25La1.25Cu3O6.87,0.0,new,zero-in-high-cloud,31,47.1,0.0,80.5,Ca0.4Ba1.25La1.25Cu3O6.78,0.0,0.007,Ba-Ca-Cu-La-O
Ca0.4Ba1.25La1.25Cu3O6.78-MP-icsd-64631.cif,Ca0.4Ba1.25La1.25Cu3O6.78,0.0,new,zero-in-high-cloud,26,43.6,0.0,80.5,Ca0.4Ba1.25La1.25Cu3O6.87,0.0,0.007,Ba-Ca-Cu-La-O
Ca0.4Ba1.25La1.25Cu3O6.69-MP-icsd-64631.cif,Ca0.4Ba1.25La1.25Cu3O6.69,0.0,new,zero-in-high-cloud,20,23.1,0.0,80.5,Ca0.4Ba1.25La1.25Cu3O6.61,0.0,0.006,Ba-Ca-Cu-La-O
Y0.6Pr0.4Ba1Sr1Cu3O6.95-MP-mp-1228182.cif,Y0.6Pr0.4Ba1Sr1Cu3O6.95,0.0,new,zero-in-high-cloud,3,36.0,0.0,56.75,Y0.6Pr0.4Ba1Sr1Cu3O6.89,56.75,0.004,Ba-Cu-O-Pr-Sr-Y
Y0.5Pr0.5Ba1Sr1Cu3O6.95-MP-mp-1228182.cif,Y0.5Pr0.5Ba1Sr1Cu3O6.95,0.0,new,zero-in-high-cloud,8,19.1,0.0,56.75,Y0.5Pr0.5Ba1Sr1Cu3O6.9,36.0,0.004,Ba-Cu-O-Pr-Sr-Y
Y0.4Pr0.6Ba1Sr1Cu3O6.95-MP-mp-1228182.cif,Y0.4Pr0.6Ba1Sr1Cu3O6.95,0.0,new,zero-in-high-cloud,8,16.0,0.0,36.0,Y0.4Pr0.6Ba1Sr1Cu3O6.92,18.0,0.002,Ba-Cu-O-Pr-Sr-Y
Ca0.1Ba1.65Nd1.25Cu3O6.96-MP-mp-22719.cif,Ca0.1Ba1.65Nd1.25Cu3O6.96,0.0,new,zero-in-high-cloud,6,18.0,0.0,65.0,Ca0.1Ba1.65Nd1.25Cu3O7.03,0.0,0.005,Ba-Ca-Cu-Nd-O
Ca0.1Ba1.65Nd1.25Cu3O6.84-MP-mp-22719.cif,Ca0.1Ba1.65Nd1.25Cu3O6.84,0.0,new,zero-in-high-cloud,6,18.0,0.0,65.0,Ca0.1Ba1.65Nd1.25Cu3O6.96,0.0,0.009,Ba-Ca-Cu-Nd-O
DyBaSrCu3O7-MP-mp-622105.cif,DyBaSrCu3O7,0.0,new,zero-in-high-cloud,4,54.1,14.85,82.25,Dy1Ba1Sr1Cu3O6.93,82.25,0.005,Ba-Cu-Dy-O-Sr
Ba0.6K0.4Bi0.918Pr0.082O3-MP-mp-1516766.cif,Ba0.6K0.4Bi0.918Pr0.082O3,0.0,new,zero-in-high-cloud,6,16.4,4.5,26.4,Ba0.6K0.4Bi0.925Pr0.075O3,4.5,0.003,Ba-Bi-K-O-Pr
La3Ca0.1Cd0.9Ba3Cu7O16.217-MP-mp-1228470.cif,La3Ca0.1Cd0.9Ba3Cu7O16.217,0.0,new,zero-in-high-cloud,3,36.0,0.0,48.5,La3Ca0.2Cd0.8Ba3Cu7O16.261,0.0,0.008,Ba-Ca-Cd-Cu-La-O
La3Ca0.2Cd0.8Ba3Cu7O16.261-MP-mp-1228365.cif,La3Ca0.2Cd0.8Ba3Cu7O16.261,0.0,new,zero-in-high-cloud,4,42.2,0.0,59.0,La3Ca0.3Cd0.7Ba3Cu7O16.303,36.0,0.008,Ba-Ca-Cd-Cu-La-O
La1.5Y0.5Ba2Ca1Cu5O11.86-MP-icsd-63321.cif,La1.5Y0.5Ba2Ca1Cu5O11.86,0.0,new,zero-in-high-cloud,3,82.0,79.0,82.0,La2.1Y0.7Ca1.4Ba2.8Cu7O16.433,79.0,0.005,Ba-Ca-Cu-La-O-Y
Ba1.6Sr0.4Yb0.85Ca0.15Cu3O6.17-MP-mp-1099602.cif,Ba1.6Sr0.4Yb0.85Ca0.15Cu3O6.17,0.0,new,zero-in-high-cloud,11,13.0,0.0,48.3,Ba1.6Sr0.4Yb0.85Ca0.15Cu3O6.01,0.0,0.013,Ba-Ca-Cu-O-Sr-Yb
Lu0.45Pr0.55Ba1.7Sr0.3Cu3O6.91-MP-mp-1228451.cif,Lu0.45Pr0.55Ba1.7Sr0.3Cu3O6.91,0.0,new,zero-in-high-cloud,5,20.0,0.0,47.0,Lu0.5Pr0.5Ba1.7Sr0.3Cu3O6.92,20.0,0.008,Ba-Cu-Lu-O-Pr-Sr
Yb0.4Pr0.6Ba1.7Sr0.3Cu3O6.87-MP-mp-1227458.cif,Yb0.4Pr0.6Ba1.7Sr0.3Cu3O6.87,0.0,new,zero-in-high-cloud,4,22.5,0.0,41.0,Yb0.45Pr0.55Ba1.7Sr0.3Cu3O6.91,15.0,0.01,Ba-Cu-O-Pr-Sr-Yb
Y1Ba2Cu3.76Ni0.24O8-MP-mp-6790.cif,Y1Ba2Cu3.76Ni0.24O8,0.0,new,zero-in-high-cloud,8,57.8,0.0,70.4,Y1Ba2Cu3.68Ni0.32O8,0.0,0.011,Ba-Cu-Ni-O-Y
Y1Ba2Cu3.84Ni0.16O8-MP-mp-6790.cif,Y1Ba2Cu3.84Ni0.16O8,0.0,new,zero-in-high-cloud,9,63.5,0.0,78.4,Y1Ba2Cu3.9Ni0.1O8,52.6,0.008,Ba-Cu-Ni-O-Y
Y1Ba2Cu2.7Ni0.3O7-MP-mp-20674.cif,Y1Ba2Cu2.7Ni0.3O7,0.0,new,zero-in-high-cloud,8,59.5,38.6,77.2,Y1Ba2Cu2.72Ni0.28O7,51.0,0.003,Ba-Cu-Ni-O-Y
Y1Ba2Cu2.85Ni0.15O6.6-MP-mp-1228425.cif,Y1Ba2Cu2.85Ni0.15O6.6,0.0,new,zero-in-high-cloud,28,58.4,0.0,86.3,Y1Ba2Cu2.9Ni0.1O6.61,20.5,0.008,Ba-Cu-Ni-O-Y
Y1Ba2Cu2.9Ni0.1O6.48-MP-mp-20897.cif,Y1Ba2Cu2.9Ni0.1O6.48,0.0,new,zero-in-high-cloud,15,43.1,0.0,71.0,Y1Ba2Cu2.9Ni0.1O6.56,4.3,0.006,Ba-Cu-Ni-O-Y
Y1Ba2Cu3.76Fe0.24O8-MP-mp-6790.cif,Y1Ba2Cu3.76Fe0.24O8,0.0,new,zero-in-high-cloud,5,64.0,0.0,70.5,Y1Ba2Cu3.8Fe0.2O8,64.0,0.005,Ba-Cu-Fe-O-Y
Y1Ba2Cu2.7Fe0.3O6.96-MP-mp-20674.cif,Y1Ba2Cu2.7Fe0.3O6.96,0.0,new,zero-in-high-cloud,25,53.0,0.0,87.7,YBa2(Cu0.9Fe0.1)3O7.01,0.0,0.004,Ba-Cu-Fe-O-Y
Y1Ba2Cu2.8Fe0.2O6.7-MP-mp-1228425.cif,Y1Ba2Cu2.8Fe0.2O6.7,0.0,new,zero-in-high-cloud,31,57.7,0.0,87.7,Y1Ba2Cu2.8Fe0.2O6.76,27.8,0.004,Ba-Cu-Fe-O-Y
Y1Ba2Cu2.9Fe0.1O6.58-MP-mp-1228425.cif,Y1Ba2Cu2.9Fe0.1O6.58,0.0,new,zero-in-high-cloud,29,60.0,0.0,91.8,Y1Ba2Cu2.9Fe0.1O6.62,4.2,0.003,Ba-Cu-Fe-O-Y
Y1Ba2Cu2.9Fe0.1O6.52-MP-mp-1228425.cif,Y1Ba2Cu2.9Fe0.1O6.52,0.0,new,zero-in-high-cloud,23,50.5,0.0,91.8,Y1Ba2Cu2.9Fe0.1O6.58,0.0,0.005,Ba-Cu-Fe-O-Y
Y1Ba2Cu2.95Fe0.05O6.52-MP-mp-1228425.cif,Y1Ba2Cu2.95Fe0.05O6.52,0.0,new,zero-in-high-cloud,20,47.0,0.0,91.8,Y1Ba2Cu2.95Fe0.05O6.55,17.8,0.002,Ba-Cu-Fe-O-Y
Y1Ba2Cu2.5Fe0.5O7.23-MP-icsd-63321.cif,Y1Ba2Cu2.5Fe0.5O7.23,0.0,new,zero-in-high-cloud,10,16.0,0.0,82.0,Y1Ba2Cu2.5Fe0.5O7.241,0.0,0.001,Ba-Cu-Fe-O-Y
Y1Ba2Cu2.5Fe0.5O7.241-MP-icsd-63321.cif,Y1Ba2Cu2.5Fe0.5O7.241,0.0,new,zero-in-high-cloud,10,16.0,0.0,82.0,Y1Ba2Cu2.5Fe0.5O7.23,0.0,0.001,Ba-Cu-Fe-O-Y
Y1Ba2Cu2.5Fe0.5O7.2-MP-icsd-63321.cif,Y1Ba2Cu2.5Fe0.5O7.2,0.0,new,zero-in-high-cloud,10,15.5,0.0,82.0,Y1Ba2Cu2.5Fe0.5O7.23,0.0,0.002,Ba-Cu-Fe-O-Y
Y1Ba2Cu2.52Fe0.48O7.08-MP-icsd-63321.cif,Y1Ba2Cu2.52Fe0.48O7.08,0.0,new,zero-in-high-cloud,13,31.0,0.0,82.0,Y1Ba2Cu2.5Fe0.5O7.2,0.0,0.011,Ba-Cu-Fe-O-Y
Y1Ba2Cu2.6Fe0.4O7.024-MP-icsd-63321.cif,Y1Ba2Cu2.6Fe0.4O7.024,0.0,new,zero-in-high-cloud,19,31.0,0.0,82.0,Y1Ba2Cu2.6Fe0.4O7,31.0,0.002,Ba-Cu-Fe-O-Y
YBa2(Cu0.85Fe0.15)3O6.67-MP-icsd-63321.cif,YBa2(Cu0.85Fe0.15)3O6.67,0.0,new,zero-in-high-cloud,3,31.0,0.0,32.0,Y1Ba2Cu2.6Fe0.4O7,31.0,0.024,Ba-Cu-Fe-O-Y
YBa2(Cu0.9Fe0.1)3O7.01-MP-icsd-63321.cif,YBa2(Cu0.9Fe0.1)3O7.01,0.0,new,zero-in-high-cloud,23,54.0,0.0,87.7,Y1Ba2Cu2.68Fe0.32O6.999,26.0,0.004,Ba-Cu-Fe-O-Y
YBa2(Cu0.87Fe0.13)3O7.14-MP-icsd-63321.cif,YBa2(Cu0.87Fe0.13)3O7.14,0.0,new,zero-in-high-cloud,19,32.0,0.0,82.0,Y1Ba2Cu2.64Fe0.36O7.12,32.0,0.006,Ba-Cu-Fe-O-Y
Y0.8Pr0.2Ba2Cu3.9Fe0.1O8-MP-mp-1229203.cif,Y0.8Pr0.2Ba2Cu3.9Fe0.1O8,0.0,new,zero-in-high-cloud,3,33.0,10.0,46.0,Y0.8Pr0.2Ba2Cu3.925Fe0.075O8,10.0,0.003,Ba-Cu-Fe-O-Pr-Y
Er1Ba2Cu2.58Zn0.24Fe0.18O6.94-MP-mp-622110.cif,Er1Ba2Cu2.58Zn0.24Fe0.18O6.94,0.0,new,zero-in-high-cloud,10,22.0,0.0,43.0,Er1Ba2Cu2.64Zn0.18Fe0.18O6.95,21.0,0.01,Ba-Cu-Er-Fe-O-Zn
Er1Ba2Cu2.61Zn0.3Fe0.09O6.9-MP-mp-622110.cif,Er1Ba2Cu2.61Zn0.3Fe0.09O6.9,0.0,new,zero-in-high-cloud,11,23.0,0.0,46.0,Er1Ba2Cu2.67Zn0.3Fe0.03O6.88,0.0,0.011,Ba-Cu-Er-Fe-O-Zn
Er1Ba2Cu2.67Zn0.3Fe0.03O6.88-MP-mp-1214708.cif,Er1Ba2Cu2.67Zn0.3Fe0.03O6.88,0.0,new,zero-in-high-cloud,9,21.0,0.0,46.0,Er1Ba2Cu2.61Zn0.36Fe0.03O6.85,0.0,0.011,Ba-Cu-Er-Fe-O-Zn
Sm1Ba2Cu2.8Zn0.2O6.82-MP-mp-21451.cif,Sm1Ba2Cu2.8Zn0.2O6.82,0.0,new,zero-in-high-cloud,5,59.0,29.0,81.0,Sm1Ba2Cu2.9Zn0.1O6.83,29.0,0.016,Ba-Cu-O-Sm-Zn
Y1Ba2Cu2.97Zr0.03O6.94-MP-mp-20674.cif,Y1Ba2Cu2.97Zr0.03O6.94,0.0,new,zero-in-high-cloud,5,89.8,0.0,92.3,Y1Ba2Cu2.98Zr0.02O6.84,90.2,0.009,Ba-Cu-O-Y-Zr
Y1Ba2Cu2.94Zr0.06O6.82-MP-mp-20674.cif,Y1Ba2Cu2.94Zr0.06O6.82,0.0,new,zero-in-high-cloud,5,89.8,0.0,92.3,Y1Ba2Cu2.94Zr0.06O6.81,92.3,0.001,Ba-Cu-O-Y-Zr
Y1Ba2Cu2.91Zr0.09O6.73-MP-mp-1228425.cif,Y1Ba2Cu2.91Zr0.09O6.73,0.0,new,zero-in-high-cloud,5,89.8,0.0,92.3,Y1Ba2Cu2.94Zr0.06O6.81,92.3,0.008,Ba-Cu-O-Y-Zr
Dy1Ba2Cu2.85Ga0.15O6.74-MP-mp-622105.cif,Dy1Ba2Cu2.85Ga0.15O6.74,0.0,new,zero-in-high-cloud,4,59.0,39.0,83.0,Dy1Ba2Cu2.8Ga0.2O6.78,50.0,0.011,Ba-Cu-Dy-Ga-O
Nd1Ba2Cu2.8Ga0.2O6.63-MP-mp-22719.cif,Nd1Ba2Cu2.8Ga0.2O6.63,0.0,new,zero-in-high-cloud,4,30.5,0.0,53.0,Nd1Ba2Cu2.85Ga0.15O6.62,23.0,0.009,Ba-Cu-Ga-Nd-O
Bi0.1155Mo0.2145Cu2.67Sr2Y1O7.25-MP-mp-1520951.cif,Bi0.1155Mo0.2145Cu2.67Sr2Y1O7.25,0.0,new,zero-in-high-cloud,5,20.6,0.0,31.0,Bi0.132Mo0.198Cu2.67Sr2Y1O7.2,29.0,0.006,Bi-Cu-Mo-O-Sr-Y
Bi0.165Mo0.165Cu2.67Sr2Y1O7.21-MP-mp-1520951.cif,Bi0.165Mo0.165Cu2.67Sr2Y1O7.21,0.0,new,zero-in-high-cloud,6,10.3,0.0,31.0,Bi0.1485Mo0.1815Cu2.67Sr2Y1O7.21,20.6,0.002,Bi-Cu-Mo-O-Sr-Y
Bi0.198Mo0.132Cu2.67Sr2Y1O7.18-MP-mp-1520951.cif,Bi0.198Mo0.132Cu2.67Sr2Y1O7.18,0.0,new,zero-in-high-cloud,6,10.3,0.0,31.0,Bi0.165Mo0.165Cu2.67Sr2Y1O7.21,0.0,0.007,Bi-Cu-Mo-O-Sr-Y
Bi0.264Mo0.066Cu2.67Sr2Y1O7.09-MP-mp-1520951.cif,Bi0.264Mo0.066Cu2.67Sr2Y1O7.09,0.0,new,zero-in-high-cloud,4,10.3,0.0,29.0,Bi0.198Mo0.132Cu2.67Sr2Y1O7.18,0.0,0.016,Bi-Cu-Mo-O-Sr-Y
Bi1.6Pb0.25V0.15Sr2Ca2Cu3O9.91-MP-mp-1209015.cif,Bi1.6Pb0.25V0.15Sr2Ca2Cu3O9.91,0.0,new,zero-in-high-cloud,4,51.2,0.0,103.7,Bi1.6Pb0.3V0.1Sr2Ca2Cu3O9.92,0.0,0.006,Bi-Ca-Cu-O-Pb-Sr-V
Bi1.6Pb0.3V0.1Sr2Ca2Cu3O9.92-MP-mp-1209015.cif,Bi1.6Pb0.3V0.1Sr2Ca2Cu3O9.92,0.0,new,zero-in-high-cloud,4,51.2,0.0,103.7,Bi1.6Pb0.35V0.05Sr2Ca2Cu3O9.92,0.0,0.005,Bi-Ca-Cu-O-Pb-Sr-V
Bi1.6Pb0.35V0.05Sr2Ca2Cu3O9.92-MP-mp-1209015.cif,Bi1.6Pb0.35V0.05Sr2Ca2Cu3O9.92,0.0,new,zero-in-high-cloud,4,51.2,0.0,103.7,Bi1.6Pb0.3V0.1Sr2Ca2Cu3O9.92,0.0,0.005,Bi-Ca-Cu-O-Pb-Sr-V
Ca1.9Na0.1Cu1Br1Cl1O2-MP-mp-545481.cif,Ca1.9Na0.1Cu1Br1Cl1O2,0.0,new,zero-in-high-cloud,4,19.0,15.0,23.0,Ca1.875Na0.125Cu1Br1Cl1O2,15.0,0.007,Br-Ca-Cl-Cu-Na-O
La1.9Sr0.2Ca0.9Cu2O6.029-MP-mp-1213978.cif,La1.9Sr0.2Ca0.9Cu2O6.029,0.0,new,zero-in-high-cloud,12,29.0,0.0,60.0,La1.85Sr0.15Ca1Cu2O6.03,47.5,0.018,Ca-Cu-La-O-Sr
La1.9Sr0.1Ca1Cu2O6.02-MP-mp-1213978.cif,La1.9Sr0.1Ca1Cu2O6.02,0.0,new,zero-in-high-cloud,11,43.0,0.0,60.0,La1.9Sr0.1Ca1Cu2O6.03,43.0,0.001,Ca-Cu-La-O-Sr
La1.8Sr0.2Ca1Cu2O5.92-MP-mp-1213978.cif,La1.8Sr0.2Ca1Cu2O5.92,0.0,new,zero-in-high-cloud,11,43.0,0.0,60.0,La1.8Sr0.2Ca1Cu2O5.96,54.0,0.003,Ca-Cu-La-O-Sr
Tl1Sr2Ca1Cu2O6.78-MP-mp-20824.cif,Tl1Sr2Ca1Cu2O6.78,0.0,new,zero-in-high-cloud,9,27.8,7.6,75.0,Tl1Sr2Ca1Cu2O6.76,21.0,0.001,Ca-Cu-O-Sr-Tl
Pr0.96La1Ce0.04Cu1O4-MP-mp-1077929.cif,Pr0.96La1Ce0.04Cu1O4,0.0,new,zero-in-high-cloud,7,24.0,0.0,26.0,Pr0.94La1Ce0.06Cu1O4,0.0,0.006,Ce-Cu-La-O-Pr
Pr0.94La1Ce0.06Cu1O4-MP-mp-1077929.cif,Pr0.94La1Ce0.06Cu1O4,0.0,new,zero-in-high-cloud,9,24.0,0.0,27.0,Pr0.92La1Ce0.08Cu1O4,0.0,0.006,Ce-Cu-La-O-Pr
Pr0.92La1Ce0.08Cu1O4-MP-mp-1077929.cif,Pr0.92La1Ce0.08Cu1O4,0.0,new,zero-in-high-cloud,12,23.0,0.0,27.0,Pr0.91La1Ce0.09Cu1O4,24.6,0.003,Ce-Cu-La-O-Pr
Nd1.85Ce0.15Cu0.99Ni0.01O4-MP-mp-4158.cif,Nd1.85Ce0.15Cu0.99Ni0.01O4,0.0,new,zero-in-high-cloud,4,12.0,0.0,18.525,Nd1.85Ce0.15Cu0.992Ni0.009O4,8.4,0.001,Ce-Cu-Nd-Ni-O
Nd1.85Ce0.15Cu0.98Ni0.02O4-MP-mp-4158.cif,Nd1.85Ce0.15Cu0.98Ni0.02O4,0.0,new,zero-in-high-cloud,4,12.0,0.0,18.525,Nd1.85Ce0.15Cu0.99Ni0.01O4,0.0,0.003,Ce-Cu-Nd-Ni-O
Sm1.11Gd0.74Ce0.15Cu1O4-MP-mp-4860.cif,Sm1.11Gd0.74Ce0.15Cu1O4,0.0,new,zero-in-high-cloud,3,15.0,0.01,16.8,Gd0.71Sm1.14Ce0.15Cu1O4,0.01,0.009,Ce-Cu-Gd-O-Sm
Y1Sr2Cu2.6Co0.4O6.5-MP-mp-542434.cif,Y1Sr2Cu2.6Co0.4O6.5,0.0,new,zero-in-high-cloud,3,13.0,0.0,27.0,Y1Sr2Cu2.7Co0.3O6.5,13.0,0.016,Co-Cu-O-Sr-Y
La1.8Sr0.2Cu0.9Mn0.1O4.01-MP-mp-849992.cif,La1.8Sr0.2Cu0.9Mn0.1O4.01,0.0,new,zero-in-high-cloud,9,37.0,32.0,37.0,La1.79Sr0.21Cu0.96Mn0.04O4,37.0,0.02,Cu-La-Mn-O-Sr
La1.84Sr0.16Cu0.95Zn0.05O4-MP-mp-1077929.cif,La1.84Sr0.16Cu0.95Zn0.05O4,0.0,new,zero-in-high-cloud,62,11.3,0.0,34.8,La1.85Sr0.15Cu0.95Zn0.05O4,0.0,0.003,Cu-La-O-Sr-Zn
La1.78Sr0.22Cu0.96Zn0.04O4-MP-mp-532700.cif,La1.78Sr0.22Cu0.96Zn0.04O4,0.0,new,zero-in-high-cloud,42,17.1,0.0,30.8375,La1.78Sr0.22Cu0.97Zn0.03O4,3.3,0.003,Cu-La-O-Sr-Zn
La1.84Sr0.16Cu0.96Zn0.04O4-MP-mp-1077929.cif,La1.84Sr0.16Cu0.96Zn0.04O4,0.0,new,zero-in-high-cloud,64,12.3,0.0,34.8,La1.84Sr0.16Cu0.97Zn0.03O4,3.925,0.003,Cu-La-O-Sr-Zn
La1.85Sr0.15Cu0.96Zn0.04O4-MP-mp-1077929.cif,La1.85Sr0.15Cu0.96Zn0.04O4,0.0,new,zero-in-high-cloud,64,11.3,0.0,34.8,La1.85Sr0.15Cu0.963Zn0.037O4,0.0,0.001,Cu-La-O-Sr-Zn
La1.85Sr0.15Cu0.963Zn0.037O4-MP-mp-1077929.cif,La1.85Sr0.15Cu0.963Zn0.037O4,0.0,new,zero-in-high-cloud,65,11.6,0.0,34.8,La1.85Sr0.15Cu0.96Zn0.04O4,0.0,0.001,Cu-La-O-Sr-Zn
La1.86Sr0.14Cu0.99Zn0.01O4-MP-mp-1077929.cif,La1.86Sr0.14Cu0.99Zn0.01O4,0.0,new,zero-in-high-cloud,63,15.0,0.0,34.8,La1.86Sr0.14Cu0.994Zn0.006O4,0.0,0.001,Cu-La-O-Sr-Zn
La1.86Sr0.14Cu0.985Zn0.015O4-MP-mp-1077929.cif,La1.86Sr0.14Cu0.985Zn0.015O4,0.0,new,zero-in-high-cloud,64,14.1,0.0,34.8,La1.86Sr0.14Cu0.99Zn0.01O4,0.0,0.001,Cu-La-O-Sr-Zn
La1.82Sr0.18Cu0.985Zn0.015O4-MP-mp-1077929.cif,La1.82Sr0.18Cu0.985Zn0.015O4,0.0,new,zero-in-high-cloud,62,15.0,0.0,34.8,La1.815Sr0.185Cu0.99Zn0.01O4,24.0,0.003,Cu-La-O-Sr-Zn
La1.84Sr0.16Cu0.995Zn0.005O4-MP-mp-1077929.cif,La1.84Sr0.16Cu0.995Zn0.005O4,0.0,new,zero-in-high-cloud,63,15.0,0.0,34.8,La1.84Sr0.16Cu0.9975Zn0.0025O4,0.0,0.001,Cu-La-O-Sr-Zn
La1.86Sr0.14Cu0.994Zn0.006O4-MP-mp-1077929.cif,La1.86Sr0.14Cu0.994Zn0.006O4,0.0,new,zero-in-high-cloud,64,14.1,0.0,34.8,La1.86Sr0.14Cu0.9975Zn0.0025O4,0.0,0.001,Cu-La-O-Sr-Zn
La1.84Sr0.16Cu0.9975Zn0.0025O4-MP-mp-1077929.cif,La1.84Sr0.16Cu0.9975Zn0.0025O4,0.0,new,zero-in-high-cloud,63,15.0,0.0,34.8,La1.84Sr0.16Cu0.995Zn0.005O4,0.0,0.001,Cu-La-O-Sr-Zn
La1.86Sr0.14Cu0.9975Zn0.0025O4-MP-mp-1077929.cif,La1.86Sr0.14Cu0.9975Zn0.0025O4,0.0,new,zero-in-high-cloud,62,15.0,0.0,34.8,La1.86Sr0.14Cu0.994Zn0.006O4,0.0,0.001,Cu-La-O-Sr-Zn
La1.7Sr0.3Cu0.98Zn0.02O4-MP-mp-1077929.cif,La1.7Sr0.3Cu0.98Zn0.02O4,0.0,new,zero-in-high-cloud,12,17.1,0.0,20.0,La1.76Sr0.24Cu0.995Zn0.005O4,13.0,0.021,Cu-La-O-Sr-Zn
La1.87Sr0.13Cu0.98Zn0.02O4-MP-mp-1077929.cif,La1.87Sr0.13Cu0.98Zn0.02O4,0.0,new,zero-in-high-cloud,63,11.6,0.0,34.8,La1.87Sr0.13Cu0.99Zn0.01O4,18.83,0.003,Cu-La-O-Sr-Zn
La1.885Sr0.115Cu0.98Zn0.02O4-MP-mp-1077929.cif,La1.885Sr0.115Cu0.98Zn0.02O4,0.0,new,zero-in-high-cloud,56,11.3,0.0,34.8,La1.885Sr0.115Cu0.99Zn0.01O4,8.56,0.003,Cu-La-O-Sr-Zn
La1.875Sr0.125Cu0.99Zn0.01O4-MP-icsd-41494.cif,La1.875Sr0.125Cu0.99Zn0.01O4,0.0,new,zero-in-high-cloud,60,15.0,0.0,34.8,La1.87Sr0.13Cu0.99Zn0.01O4,18.83,0.001,Cu-La-O-Sr-Zn
La1.85Sr0.15Cu0.94Ti0.06O4-MP-mp-1077929.cif,La1.85Sr0.15Cu0.94Ti0.06O4,0.0,new,zero-in-high-cloud,5,32.3,21.0,33.0,La1.85Sr0.15Cu0.96Ti0.04O4,26.1,0.006,Cu-La-O-Sr-Ti
La1.8Sr0.2Cu0.9Ru0.1O3.99-MP-mp-1077929.cif,La1.8Sr0.2Cu0.9Ru0.1O3.99,0.0,new,zero-in-high-cloud,8,15.6,0.0,26.5,La1.8Sr0.2Cu0.98Ru0.02O4,15.6,0.024,Cu-La-O-Ru-Sr
La1.9Sr0.1Cu0.95Ru0.05O4-MP-mp-1077929.cif,La1.9Sr0.1Cu0.95Ru0.05O4,0.0,new,zero-in-high-cloud,3,10.8,10.8,20.5,La1.85Sr0.15Cu0.97Ru0.03O4,10.8,0.02,Cu-La-O-Ru-Sr
La1.77Sr0.23Cu0.96Ru0.04O4-MP-mp-1077929.cif,La1.77Sr0.23Cu0.96Ru0.04O4,0.0,new,zero-in-high-cloud,16,15.6,0.0,30.55,La1.76Sr0.24Cu0.97Ru0.03O4,16.1,0.006,Cu-La-O-Ru-Sr
La1.675Nd0.125Sr0.2Cu1O4-MP-mp-1077929.cif,La1.675Nd0.125Sr0.2Cu1O4,0.0,new,zero-in-high-cloud,18,23.2,0.0,35.0,La1.695Nd0.125Sr0.18Cu1O4,0.0,0.006,Cu-La-Nd-O-Sr
La1.695Nd0.125Sr0.18Cu1O4-MP-mp-1077929.cif,La1.695Nd0.125Sr0.18Cu1O4,0.0,new,zero-in-high-cloud,20,25.8,0.0,35.0,La1.715Nd0.125Sr0.16Cu1O4,35.0,0.006,Cu-La-Nd-O-Sr
Y1Sr2Cu2.7Ti0.3O7.098-MP-mp-1046189.cif,Y1Sr2Cu2.7Ti0.3O7.098,0.0,new,zero-in-high-cloud,8,30.5,0.0,58.0,Y1Sr2Cu2.7Ti0.3O7.123,0.0,0.002,Cu-O-Sr-Ti-Y
Y1Sr2Cu2.7Ti0.3O7.123-MP-mp-1046189.cif,Y1Sr2Cu2.7Ti0.3O7.123,0.0,new,zero-in-high-cloud,7,35.0,0.0,58.0,Y1Sr2Cu2.7Ti0.3O7.144,17.5,0.001,Cu-O-Sr-Ti-Y
Tb1Sr2Cu2.7Mo0.3O7.12-MP-mp-1079351.cif,Tb1Sr2Cu2.7Mo0.3O7.12,0.0,new,zero-in-high-cloud,3,34.5,0.0,37.0,Tb1Sr2Cu2.7Mo0.3O7.15,37.0,0.002,Cu-Mo-O-Sr-Tb
TbSr2Cu2.69Mo0.31O6.97-MP-mp-1079351.cif,TbSr2Cu2.69Mo0.31O6.97,0.0,new,zero-in-high-cloud,3,34.5,0.0,37.0,Tb1Sr2Cu2.69Mo0.31O7,34.5,0.002,Cu-Mo-O-Sr-Tb
