cluster,id,formula,tc,origin,side,n,n_zero,n_pos,tc_max
As-Ce-F-Fe-O|As1Ce1F0.05Fe1O0.95,As1Ce1F0.04Fe1O0.96-MP-mp-605060-synth_doped.cif,As1Ce1F0.04Fe1O0.96,0.0,V45,zero,3,2,1,11.8
As-Ce-F-Fe-O|As1Ce1F0.05Fe1O0.95,As1Ce1F0.05Fe1O0.95-MP-mp-605060-synth_doped.cif,As1Ce1F0.05Fe1O0.95,11.8,V45,high,3,2,1,11.8
As-Ce-F-Fe-O|As1Ce1F0.05Fe1O0.95,As1Ce1F0.06Fe1O0.94-MP-mp-605060-synth_doped.cif,As1Ce1F0.06Fe1O0.94,0.0,V45,zero,3,2,1,11.8
As-Co-Fe-Na|As1Co0.03Fe0.97Na1,As1Co0.005Fe0.995Na1-MP-mp-22152-synth_doped.cif,As1Co0.005Fe0.995Na1,9.81,V45,low,10,0,10,21.13333333
As-Co-Fe-Na|As1Co0.03Fe0.97Na1,As1Co0.019Fe0.981Na1-MP-mp-22152-synth_doped.cif,As1Co0.019Fe0.981Na1,19.3,V45,high,10,0,10,21.13333333
As-Co-Fe-Na|As1Co0.03Fe0.97Na1,As1Co0.021Fe0.979Na1-MP-mp-22152-synth_doped.cif,As1Co0.021Fe0.979Na1,19.4,V45,high,10,0,10,21.13333333
As-Co-Fe-Na|As1Co0.03Fe0.97Na1,As1Co0.023Fe0.977Na1-MP-mp-22152-synth_doped.cif,As1Co0.023Fe0.977Na1,15.7,V45,high,10,0,10,21.13333333
As-Co-Fe-Na|As1Co0.03Fe0.97Na1,As1Co0.025Fe0.975Na1-MP-mp-22152-synth_doped.cif,As1Co0.025Fe0.975Na1,21.05,V45,high,10,0,10,21.13333333
As-Co-Fe-Na|As1Co0.03Fe0.97Na1,As1Co0.028Fe0.972Na1-MP-mp-22152-synth_doped.cif,As1Co0.028Fe0.972Na1,20.1,V45,high,10,0,10,21.13333333
As-Co-Fe-Na|As1Co0.03Fe0.97Na1,As1Co0.02Fe0.98Na1-MP-mp-22152-synth_doped.cif,As1Co0.02Fe0.98Na1,18.8,V45,high,10,0,10,21.13333333
As-Co-Fe-Na|As1Co0.03Fe0.97Na1,As1Co0.03Fe0.97Na1-MP-mp-22152-synth_doped.cif,As1Co0.03Fe0.97Na1,21.13333333,V45,high,10,0,10,21.13333333
As-Co-Fe-Na|As1Co0.03Fe0.97Na1,Na1Fe0.9875Co0.0125As1-MP-mp-22152.cif,Na1Fe0.9875Co0.0125As1,13.9,new,high,10,0,10,21.13333333
As-Co-Fe-Na|As1Co0.03Fe0.97Na1,Na1Fe0.9825Co0.0175As1-MP-mp-22152.cif,Na1Fe0.9825Co0.0175As1,15.8,new,high,10,0,10,21.13333333
As-F-Fe-O-Sm|As1F0.09Fe1Sm1O0.91,As1F0.06Fe1Sm1O0.94-MP-mp-20349-synth_doped.cif,As1F0.06Fe1Sm1O0.94,36.4,V45,high,5,0,5,42.0
As-F-Fe-O-Sm|As1F0.09Fe1Sm1O0.91,As1F0.075Fe1Sm1O0.925-MP-mp-20349-synth_doped.cif,As1F0.075Fe1Sm1O0.925,33.0,V45,high,5,0,5,42.0
As-F-Fe-O-Sm|As1F0.09Fe1Sm1O0.91,As1F0.07Fe1Sm1O0.93-MP-mp-20349-synth_doped.cif,As1F0.07Fe1Sm1O0.93,33.0,V45,high,5,0,5,42.0
As-F-Fe-O-Sm|As1F0.09Fe1Sm1O0.91,As1F0.085Fe1Sm1O0.915-MP-mp-20349-synth_doped.cif,As1F0.085Fe1Sm1O0.915,14.0,V45,low,5,0,5,42.0
As-F-Fe-O-Sm|As1F0.09Fe1Sm1O0.91,As1F0.09Fe1Sm1O0.91-MP-mp-20349-synth_doped.cif,As1F0.09Fe1Sm1O0.91,42.0,V45,high,5,0,5,42.0
As-Ba-Fe-K|As2Ba0.78Fe2K0.22,As2Ba0.833Fe2K0.167-MP-mp-1223567-synth_doped.cif,As2Ba0.833Fe2K0.167,7.0,V45,low,14,0,14,23.5
As-Ba-Fe-K|As2Ba0.78Fe2K0.22,As2Ba0.83Fe2K0.17-MP-mp-1223567-synth_doped.cif,As2Ba0.83Fe2K0.17,8.0,V45,low,14,0,14,23.5
As-Ba-Fe-K|As2Ba0.78Fe2K0.22,As2Ba0.84Fe2K0.16-MP-mp-1223567-synth_doped.cif,As2Ba0.84Fe2K0.16,6.42,V45,low,14,0,14,23.5
As-Ba-Fe-K|As2Ba0.78Fe2K0.22,As2Ba0.788Fe2K0.212-MP-mp-1223517-synth_doped.cif,As2Ba0.788Fe2K0.212,19.0,V45,high,14,0,14,23.5
As-Ba-Fe-K|As2Ba0.78Fe2K0.22,As2Ba0.78Fe2K0.22-MP-mp-1223517-synth_doped.cif,As2Ba0.78Fe2K0.22,23.5,V45,high,14,0,14,23.5
As-Ba-Fe-K|As2Ba0.78Fe2K0.22,As2Ba0.797Fe2K0.203-MP-mp-1223517-synth_doped.cif,As2Ba0.797Fe2K0.203,17.0,V45,high,14,0,14,23.5
As-Ba-Fe-K|As2Ba0.78Fe2K0.22,As2Ba0.79Fe2K0.21-MP-mp-1223517-synth_doped.cif,As2Ba0.79Fe2K0.21,18.0,V45,high,14,0,14,23.5
As-Ba-Fe-K|As2Ba0.78Fe2K0.22,As2Ba0.805Fe2K0.195-MP-mp-1223567-synth_doped.cif,As2Ba0.805Fe2K0.195,15.0,V45,high,14,0,14,23.5
As-Ba-Fe-K|As2Ba0.78Fe2K0.22,As2Ba0.812Fe2K0.188-MP-mp-1223567-synth_doped.cif,As2Ba0.812Fe2K0.188,13.0,V45,high,14,0,14,23.5
As-Ba-Fe-K|As2Ba0.78Fe2K0.22,As2Ba0.816Fe2K0.184-MP-mp-1223567-synth_doped.cif,As2Ba0.816Fe2K0.184,12.0,V45,high,14,0,14,23.5
As-Ba-Fe-K|As2Ba0.78Fe2K0.22,As2Ba0.81Fe2K0.19-MP-mp-1223567-synth_doped.cif,As2Ba0.81Fe2K0.19,12.73333333,V45,high,14,0,14,23.5
As-Ba-Fe-K|As2Ba0.78Fe2K0.22,As2Ba0.823Fe2K0.177-MP-mp-1223567-synth_doped.cif,As2Ba0.823Fe2K0.177,10.0,V45,low,14,0,14,23.5
As-Ba-Fe-K|As2Ba0.78Fe2K0.22,As2Ba0.825Fe2K0.175-MP-mp-1223567-synth_doped.cif,As2Ba0.825Fe2K0.175,10.0,V45,low,14,0,14,23.5
As-Ba-Fe-K|As2Ba0.78Fe2K0.22,As2Ba0.82Fe2K0.18-MP-mp-1223567-synth_doped.cif,As2Ba0.82Fe2K0.18,10.5,V45,low,14,0,14,23.5
As-Ba-Fe-Ru|As2Ba1Fe1.25Ru0.75,As2Ba1Fe1.24Ru0.76-MP-mp-1227957-synth_doped.cif,As2Ba1Fe1.24Ru0.76,7.1,V45,low,2,0,2,21.0
As-Ba-Fe-Ru|As2Ba1Fe1.25Ru0.75,As2Ba1Fe1.25Ru0.75-MP-mp-1227957-synth_doped.cif,As2Ba1Fe1.25Ru0.75,21.0,V45,high,2,0,2,21.0
B-C-Cu-O-Sr|B0.09C0.91Cu1Sr2O5,B0.015C0.985Cu1Sr2O5-MP-mp-1198030-synth_doped.cif,B0.015C0.985Cu1Sr2O5,0.0,V45,zero,9,3,6,26.5
B-C-Cu-O-Sr|B0.09C0.91Cu1Sr2O5,B0.027C0.973Cu1Sr2O5-MP-mp-1198030-synth_doped.cif,B0.027C0.973Cu1Sr2O5,0.0,V45,zero,9,3,6,26.5
B-C-Cu-O-Sr|B0.09C0.91Cu1Sr2O5,B0.04C0.96Cu1Sr2O5-MP-mp-1198030-synth_doped.cif,B0.04C0.96Cu1Sr2O5,7.0,V45,low,9,3,6,26.5
B-C-Cu-O-Sr|B0.09C0.91Cu1Sr2O5,B0.05C0.95Cu1Sr2O5-MP-mp-1198030-synth_doped.cif,B0.05C0.95Cu1Sr2O5,12.5,V45,low,9,3,6,26.5
B-C-Cu-O-Sr|B0.09C0.91Cu1Sr2O5,B0.06C0.94Cu1Sr2O5-MP-mp-1198030-synth_doped.cif,B0.06C0.94Cu1Sr2O5,21.0,V45,high,9,3,6,26.5
B-C-Cu-O-Sr|B0.09C0.91Cu1Sr2O5,B0.07C0.93Cu1Sr2O5-MP-mp-1198030-synth_doped.cif,B0.07C0.93Cu1Sr2O5,23.0,V45,high,9,3,6,26.5
B-C-Cu-O-Sr|B0.09C0.91Cu1Sr2O5,B0.08C0.92Cu1Sr2O5-MP-mp-1198030-synth_doped.cif,B0.08C0.92Cu1Sr2O5,25.0,V45,high,9,3,6,26.5
B-C-Cu-O-Sr|B0.09C0.91Cu1Sr2O5,B0.09C0.91Cu1Sr2O5-MP-mp-1198030-synth_doped.cif,B0.09C0.91Cu1Sr2O5,26.5,V45,high,9,3,6,26.5
B-C-Cu-O-Sr|B0.09C0.91Cu1Sr2O5,Sr2Cu1C0.983B0.018O5-MP-mp-686590.cif,Sr2Cu1C0.983B0.018O5,0.0,new,zero,9,3,6,26.5
B-Mg|B2Mg0.98,B0.67Mg0.33-MP-mp-763-synth_doped.cif,B0.67Mg0.33,6.1,V45,low,2,0,2,38.4
B-Mg|B2Mg0.98,B2Mg0.98-MP-mp-763-synth_doped.cif,B2Mg0.98,38.4,V45,high,2,0,2,38.4
B-Mg|B2Mg0.9,B0.69Mg0.31-MP-mp-763-synth_doped.cif,B0.69Mg0.31,5.7,V45,low,2,0,2,38.2
B-Mg|B2Mg0.9,B2Mg0.9-MP-mp-763-synth_doped.cif,B2Mg0.9,38.2,V45,high,2,0,2,38.2
B-C-La-Lu-Ni|B2C1La0.05Lu0.95Ni2,B2C1La0.05Lu0.95Ni2-MP-mp-6544-synth_doped.cif,B2C1La0.05Lu0.95Ni2,15.3,V45,high,5,1,4,15.3
B-C-La-Lu-Ni|B2C1La0.05Lu0.95Ni2,B2C1La0.06Lu0.94Ni2-MP-mp-6544-synth_doped.cif,B2C1La0.06Lu0.94Ni2,15.1,V45,high,5,1,4,15.3
B-C-La-Lu-Ni|B2C1La0.05Lu0.95Ni2,B2C1La0.07Lu0.93Ni2-MP-mp-6544-synth_doped.cif,B2C1La0.07Lu0.93Ni2,13.6,V45,high,5,1,4,15.3
B-C-La-Lu-Ni|B2C1La0.05Lu0.95Ni2,B2C1La0.08Lu0.92Ni2-MP-mp-6544-synth_doped.cif,B2C1La0.08Lu0.92Ni2,13.6,V45,high,5,1,4,15.3
B-C-La-Lu-Ni|B2C1La0.05Lu0.95Ni2,B2C1La0.09Lu0.91Ni2-MP-mp-6544-synth_doped.cif,B2C1La0.09Lu0.91Ni2,0.0,V45,zero,5,1,4,15.3
Ba-Cu-La-O|Ba0.105Cu1La1.895O4,Ba0.004Cu1La1.996O4-MP-mp-1077929-synth_doped.cif,Ba0.004Cu1La1.996O4,0.0,V45,zero,42,14,28,33.1
Ba-Cu-La-O|Ba0.105Cu1La1.895O4,Ba0.014Cu1La1.986O4-MP-mp-1077929-synth_doped.cif,Ba0.014Cu1La1.986O4,0.0,V45,zero,42,14,28,33.1
Ba-Cu-La-O|Ba0.105Cu1La1.895O4,Ba0.016Cu1La1.984O4-MP-mp-1077929-synth_doped.cif,Ba0.016Cu1La1.984O4,0.0,V45,zero,42,14,28,33.1
Ba-Cu-La-O|Ba0.105Cu1La1.895O4,Ba0.01Cu1La1.99O4-MP-mp-1077929-synth_doped.cif,Ba0.01Cu1La1.99O4,0.0,V45,zero,42,14,28,33.1
Ba-Cu-La-O|Ba0.105Cu1La1.895O4,Ba0.024Cu1La1.976O4-MP-mp-1077929-synth_doped.cif,Ba0.024Cu1La1.976O4,0.0,V45,zero,42,14,28,33.1
Ba-Cu-La-O|Ba0.105Cu1La1.895O4,Ba0.02Cu1La1.98O4-MP-mp-1077929-synth_doped.cif,Ba0.02Cu1La1.98O4,0.0,V45,zero,42,14,28,33.1
Ba-Cu-La-O|Ba0.105Cu1La1.895O4,Ba0.035Cu1La1.965O4-MP-mp-1077929-synth_doped.cif,Ba0.035Cu1La1.965O4,0.0,V45,zero,42,14,28,33.1
Ba-Cu-La-O|Ba0.105Cu1La1.895O4,Ba0.03Cu1La1.97O4-MP-mp-1077929-synth_doped.cif,Ba0.03Cu1La1.97O4,0.0,V45,zero,42,14,28,33.1
Ba-Cu-La-O|Ba0.105Cu1La1.895O4,Ba0.045Cu1La1.955O4-MP-mp-1077929-synth_doped.cif,Ba0.045Cu1La1.955O4,0.0,V45,zero,42,14,28,33.1
Ba-Cu-La-O|Ba0.105Cu1La1.895O4,Ba0.054Cu1La1.946O4-MP-mp-1077929-synth_doped.cif,Ba0.054Cu1La1.946O4,0.0,V45,zero,42,14,28,33.1
Ba-Cu-La-O|Ba0.105Cu1La1.895O4,Ba0.066Cu1La1.934O4-MP-mp-1077929-synth_doped.cif,Ba0.066Cu1La1.934O4,22.6,V45,high,42,14,28,33.1
Ba-Cu-La-O|Ba0.105Cu1La1.895O4,Ba0.074Cu1La1.926O4-MP-mp-1077929-synth_doped.cif,Ba0.074Cu1La1.926O4,0.0,V45,zero,42,14,28,33.1
Ba-Cu-La-O|Ba0.105Cu1La1.895O4,Ba0.075Cu1La1.925O4-MP-mp-1077929-synth_doped.cif,Ba0.075Cu1La1.925O4,24.0,V45,high,42,14,28,33.1
Ba-Cu-La-O|Ba0.105Cu1La1.895O4,Ba0.078Cu1La1.922O4-MP-mp-1077929-synth_doped.cif,Ba0.078Cu1La1.922O4,24.95,V45,high,42,14,28,33.1
Ba-Cu-La-O|Ba0.105Cu1La1.895O4,Ba0.094Cu1La1.906O4-MP-mp-1077929-synth_doped.cif,Ba0.094Cu1La1.906O4,32.0,V45,high,42,14,28,33.1
Ba-Cu-La-O|Ba0.105Cu1La1.895O4,Ba0.095Cu1La1.905O4-MP-mp-1077929-synth_doped.cif,Ba0.095Cu1La1.905O4,29.0,V45,high,42,14,28,33.1
Ba-Cu-La-O|Ba0.105Cu1La1.895O4,Ba0.097Cu1La1.903O4-MP-mp-1077929-synth_doped.cif,Ba0.097Cu1La1.903O4,26.0,V45,high,42,14,28,33.1
Ba-Cu-La-O|Ba0.105Cu1La1.895O4,Ba0.099Cu1La1.901O4-MP-mp-1077929-synth_doped.cif,Ba0.099Cu1La1.901O4,12.3,V45,low,42,14,28,33.1
Ba-Cu-La-O|Ba0.105Cu1La1.895O4,Ba0.102Cu1La1.898O4-MP-mp-1077929-synth_doped.cif,Ba0.102Cu1La1.898O4,29.0,V45,high,42,14,28,33.1
Ba-Cu-La-O|Ba0.105Cu1La1.895O4,Ba0.103Cu1La1.897O4-MP-mp-1077929-synth_doped.cif,Ba0.103Cu1La1.897O4,14.5,V45,low,42,14,28,33.1
Ba-Cu-La-O|Ba0.105Cu1La1.895O4,Ba0.105Cu1La1.895O4-MP-mp-1077929-synth_doped.cif,Ba0.105Cu1La1.895O4,33.1,V45,high,42,14,28,33.1
Ba-Cu-La-O|Ba0.105Cu1La1.895O4,Ba0.115Cu1La1.885O4-MP-mp-1077929-synth_doped.cif,Ba0.115Cu1La1.885O4,13.9,V45,low,42,14,28,33.1
Ba-Cu-La-O|Ba0.105Cu1La1.895O4,Ba0.116Cu1La1.884O4-MP-mp-1077929-synth_doped.cif,Ba0.116Cu1La1.884O4,21.8,V45,high,42,14,28,33.1
Ba-Cu-La-O|Ba0.105Cu1La1.895O4,Ba0.118Cu1La1.882O4-MP-mp-1077929-synth_doped.cif,Ba0.118Cu1La1.882O4,9.0,V45,low,42,14,28,33.1
Ba-Cu-La-O|Ba0.105Cu1La1.895O4,Ba0.119Cu1La1.881O4-MP-mp-1077929-synth_doped.cif,Ba0.119Cu1La1.881O4,9.3,V45,low,42,14,28,33.1
Ba-Cu-La-O|Ba0.105Cu1La1.895O4,Ba0.123Cu1La1.877O4-MP-mp-1077929-synth_doped.cif,Ba0.123Cu1La1.877O4,23.6,V45,high,42,14,28,33.1
Ba-Cu-La-O|Ba0.105Cu1La1.895O4,Ba0.135Cu1La1.865O4-MP-mp-1077929-synth_doped.cif,Ba0.135Cu1La1.865O4,2.99,V45,low,42,14,28,33.1
Ba-Cu-La-O|Ba0.105Cu1La1.895O4,Ba0.13Cu1La1.87O4-MP-mp-1077929-synth_doped.cif,Ba0.13Cu1La1.87O4,4.96,V45,low,42,14,28,33.1
Ba-Cu-La-O|Ba0.105Cu1La1.895O4,Ba0.142Cu1La1.858O4-MP-mp-1077929-synth_doped.cif,Ba0.142Cu1La1.858O4,29.0,V45,high,42,14,28,33.1
Ba-Cu-La-O|Ba0.105Cu1La1.895O4,Ba0.155Cu1La1.845O4-MP-mp-1077929-synth_doped.cif,Ba0.155Cu1La1.845O4,26.0,V45,high,42,14,28,33.1
Ba-Cu-La-O|Ba0.105Cu1La1.895O4,Ba0.157Cu1La1.843O4-MP-mp-1077929-synth_doped.cif,Ba0.157Cu1La1.843O4,25.3,V45,high,42,14,28,33.1
Ba-Cu-La-O|Ba0.105Cu1La1.895O4,Ba0.158Cu1La1.842O4-MP-mp-1077929-synth_doped.cif,Ba0.158Cu1La1.842O4,0.0,V45,zero,42,14,28,33.1
Ba-Cu-La-O|Ba0.105Cu1La1.895O4,Ba0.15Cu1La1.85O4-MP-mp-1077929-synth_doped.cif,Ba0.15Cu1La1.85O4,28.0,V45,high,42,14,28,33.1
Ba-Cu-La-O|Ba0.105Cu1La1.895O4,Ba0.174Cu1La1.826O4-MP-mp-1077929-synth_doped.cif,Ba0.174Cu1La1.826O4,0.0,V45,zero,42,14,28,33.1
Ba-Cu-La-O|Ba0.105Cu1La1.895O4,Ba0.175Cu1La1.825O4-MP-mp-1077929-synth_doped.cif,Ba0.175Cu1La1.825O4,26.2,V45,high,42,14,28,33.1
Ba-Cu-La-O|Ba0.105Cu1La1.895O4,Ba0.177Cu1La1.823O4-MP-mp-1077929-synth_doped.cif,Ba0.177Cu1La1.823O4,25.5,V45,high,42,14,28,33.1
Ba-Cu-La-O|Ba0.105Cu1La1.895O4,Ba0.17Cu1La1.83O4-MP-mp-1077929-synth_doped.cif,Ba0.17Cu1La1.83O4,26.9,V45,high,42,14,28,33.1
Ba-Cu-La-O|Ba0.105Cu1La1.895O4,Ba0.18Cu1La1.82O4-MP-mp-1077929-synth_doped.cif,Ba0.18Cu1La1.82O4,23.1,V45,high,42,14,28,33.1
Ba-Cu-La-O|Ba0.105Cu1La1.895O4,Ba0.199Cu1La1.801O4-MP-mp-1077929-synth_doped.cif,Ba0.199Cu1La1.801O4,23.5,V45,high,42,14,28,33.1
Ba-Cu-La-O|Ba0.105Cu1La1.895O4,Ba0.218Cu1La1.782O4-MP-mp-1077929-synth_doped.cif,Ba0.218Cu1La1.782O4,21.6,V45,high,42,14,28,33.1
Ba-Cu-La-O|Ba0.105Cu1La1.895O4,La1.95Ba0.05Cu1O3.98-MP-mp-1077929.cif,La1.95Ba0.05Cu1O3.98,0.0,new,zero,42,14,28,33.1
Ba-Cu-La-O|Ba0.105Cu1La1.895O4,La1.94Ba0.04Cu1O4-MP-mp-1077929.cif,La1.94Ba0.04Cu1O4,4.0,new,low,42,14,28,33.1
Ba-Cu-La-O|Ba0.24Cu1La1.76O4,Ba0.249Cu1La1.751O4-MP-mp-1077929-synth_doped.cif,Ba0.249Cu1La1.751O4,13.7,V45,high,3,1,2,14.0
Ba-Cu-La-O|Ba0.24Cu1La1.76O4,Ba0.24Cu1La1.76O4-MP-mp-1077929-synth_doped.cif,Ba0.24Cu1La1.76O4,14.0,V45,high,3,1,2,14.0
Ba-Cu-La-O|Ba0.24Cu1La1.76O4,Ba0.25Cu1La1.75O4-MP-mp-1077929-synth_doped.cif,Ba0.25Cu1La1.75O4,0.0,V45,zero,3,1,2,14.0
Ba-Cu-La-O|La1.2Ba1.8Cu3O7.3,La1.2Ba1.8Cu3O7.3-MP-mp-505315.cif,La1.2Ba1.8Cu3O7.3,27.0,new,high,5,4,1,27.0
Ba-Cu-La-O|La1.2Ba1.8Cu3O7.3,La1.2Ba1.8Cu3O7.5-MP-mp-505315.cif,La1.2Ba1.8Cu3O7.5,0.0,new,zero,5,4,1,27.0
Ba-Cu-La-O|La1.2Ba1.8Cu3O7.3,La1.2Ba1.8Cu3O7.45-MP-mp-505315.cif,La1.2Ba1.8Cu3O7.45,0.0,new,zero,5,4,1,27.0
Ba-Cu-La-O|La1.2Ba1.8Cu3O7.3,La1.2Ba1.8Cu3O7.4-MP-mp-505315.cif,La1.2Ba1.8Cu3O7.4,0.0,new,zero,5,4,1,27.0
Ba-Cu-La-O|La1.2Ba1.8Cu3O7.3,La1.2Ba1.8Cu3O7.35-MP-mp-505315.cif,La1.2Ba1.8Cu3O7.35,0.0,new,zero,5,4,1,27.0
Ba-Cu-La-O|La1.2Ba1.8Cu3O6.98,La2.4Ba3.6Cu6O14.01-MP-mp-558557.cif,La2.4Ba3.6Cu6O14.01,39.0,new,low,2,0,2,80.0
Ba-Cu-La-O|La1.2Ba1.8Cu3O6.98,La1.2Ba1.8Cu3O6.98-MP-mp-622210.cif,La1.2Ba1.8Cu3O6.98,80.0,new,high,2,0,2,80.0
Ba-Cu-La-O-Y|Y1Ba1.5La0.5Cu3O7.17,Ba1.5Cu3La0.5Y1O7-MP-mp-1228381.cif,Ba1.5Cu3La0.5Y1O7,0.3,V45,low,7,0,7,55.55
Ba-Cu-La-O-Y|Y1Ba1.5La0.5Cu3O7.17,Y1Ba1.5La0.5Cu3O7.22-MP-icsd-63321.cif,Y1Ba1.5La0.5Cu3O7.22,36.6,new,high,7,0,7,55.55
Ba-Cu-La-O-Y|Y1Ba1.5La0.5Cu3O7.17,Y1Ba1.5La0.5Cu3O7.19-MP-icsd-63321.cif,Y1Ba1.5La0.5Cu3O7.19,38.3,new,high,7,0,7,55.55
Ba-Cu-La-O-Y|Y1Ba1.5La0.5Cu3O7.17,Y1Ba1.5La0.5Cu3O7.17-MP-icsd-63321.cif,Y1Ba1.5La0.5Cu3O7.17,55.55,new,high,7,0,7,55.55
Ba-Cu-La-O-Y|Y1Ba1.5La0.5Cu3O7.17,Y2La1Ba3Cu6O14.17-MP-icsd-63321.cif,Y2La1Ba3Cu6O14.17,33.0,new,high,7,0,7,55.55
Ba-Cu-La-O-Y|Y1Ba1.5La0.5Cu3O7.17,Y1Ba1.5La0.5Cu3O7.1-MP-icsd-63321.cif,Y1Ba1.5La0.5Cu3O7.1,30.0,new,high,7,0,7,55.55
Ba-Cu-La-O-Y|Y1Ba1.5La0.5Cu3O7.17,Y1Ba1.5La0.5Cu3O7.06-MP-icsd-63321.cif,Y1Ba1.5La0.5Cu3O7.06,22.0,new,low,7,0,7,55.55
Ba-Cu-La-O-Y|Ba1.7Cu4La0.3Y1O8,Ba1.72Cu4La0.28Y1O8-MP-mp-6790-synth_doped.cif,Ba1.72Cu4La0.28Y1O8,18.9,V45,low,2,0,2,52.6
Ba-Cu-La-O-Y|Ba1.7Cu4La0.3Y1O8,Ba1.7Cu4La0.3Y1O8-MP-mp-6790-synth_doped.cif,Ba1.7Cu4La0.3Y1O8,52.6,V45,high,2,0,2,52.6
Ba-Cu-La-O-Y|Y1Ba1.6La0.4Cu3O7.14,Y1Ba1.6La0.4Cu3O7-MP-mp-1228381.cif,Y1Ba1.6La0.4Cu3O7,32.2,new,low,6,0,6,69.075
Ba-Cu-La-O-Y|Y1Ba1.6La0.4Cu3O7.14,Y1Ba1.6La0.4Cu3O7.14-MP-icsd-63321.cif,Y1Ba1.6La0.4Cu3O7.14,69.075,new,high,6,0,6,69.075
Ba-Cu-La-O-Y|Y1Ba1.6La0.4Cu3O7.14,Y1Ba1.6La0.4Cu3O7.083-MP-icsd-63321.cif,Y1Ba1.6La0.4Cu3O7.083,49.4,new,high,6,0,6,69.075
Ba-Cu-La-O-Y|Y1Ba1.6La0.4Cu3O7.14,Y1Ba1.6La0.4Cu3O7.11-MP-icsd-63321.cif,Y1Ba1.6La0.4Cu3O7.11,47.65,new,high,6,0,6,69.075
Ba-Cu-La-O-Y|Y1Ba1.6La0.4Cu3O7.14,Y1Ba1.6La0.4Cu3O7.06-MP-icsd-63321.cif,Y1Ba1.6La0.4Cu3O7.06,52.0,new,high,6,0,6,69.075
Ba-Cu-La-O-Y|Y1Ba1.6La0.4Cu3O7.14,Y1Ba1.6La0.4Cu3O7.05-MP-icsd-63321.cif,Y1Ba1.6La0.4Cu3O7.05,55.5,new,high,6,0,6,69.075
Ba-Cu-O-Sr-Y|Y1Ba1.8Sr0.2Cu4O7.95,Ba1.75Cu4Sr0.25Y1O8-MP-mp-6790-synth_doped.cif,Ba1.75Cu4Sr0.25Y1O8,0.0,V45,zero,6,2,4,82.0
Ba-Cu-O-Sr-Y|Y1Ba1.8Sr0.2Cu4O7.95,Ba1.76Cu4Sr0.24Y1O8-MP-mp-6790-synth_doped.cif,Ba1.76Cu4Sr0.24Y1O8,76.0,V45,high,6,2,4,82.0
Ba-Cu-O-Sr-Y|Y1Ba1.8Sr0.2Cu4O7.95,Ba1.78Cu4Sr0.22Y1O8-MP-mp-6790-synth_doped.cif,Ba1.78Cu4Sr0.22Y1O8,0.0,V45,zero,6,2,4,82.0
Ba-Cu-O-Sr-Y|Y1Ba1.8Sr0.2Cu4O7.95,Ba1.8Cu4Sr0.2Y1O8-MP-mp-6790-synth_doped.cif,Ba1.8Cu4Sr0.2Y1O8,77.7,V45,high,6,2,4,82.0
Ba-Cu-O-Sr-Y|Y1Ba1.8Sr0.2Cu4O7.95,Y1Ba1.8Sr0.2Cu4O7.9-MP-mp-6790.cif,Y1Ba1.8Sr0.2Cu4O7.9,78.0,new,high,6,2,4,82.0
Ba-Cu-O-Sr-Y|Y1Ba1.8Sr0.2Cu4O7.95,Y1Ba1.8Sr0.2Cu4O7.95-MP-mp-6790.cif,Y1Ba1.8Sr0.2Cu4O7.95,82.0,new,high,6,2,4,82.0
Ba-Cu-O-Sr-Y|Y1Ba1.4Sr0.6Cu4O7.95,Y1Ba1.4Sr0.6Cu4O7.95-MP-mp-1227433.cif,Y1Ba1.4Sr0.6Cu4O7.95,82.0,new,high,4,1,3,82.0
Ba-Cu-O-Sr-Y|Y1Ba1.4Sr0.6Cu4O7.95,Y1Ba1.36Sr0.64Cu4O8-MP-mp-1227433.cif,Y1Ba1.36Sr0.64Cu4O8,81.0,new,high,4,1,3,82.0
Ba-Cu-O-Sr-Y|Y1Ba1.4Sr0.6Cu4O7.95,Y1Ba1.38Sr0.62Cu4O8-MP-mp-1227433.cif,Y1Ba1.38Sr0.62Cu4O8,0.0,new,zero,4,1,3,82.0
Ba-Cu-O-Sr-Y|Y1Ba1.4Sr0.6Cu4O7.95,Y1Ba1.4Sr0.6Cu4O8-MP-mp-1227433.cif,Y1Ba1.4Sr0.6Cu4O8,79.16666667,new,high,4,1,3,82.0
Ba-Cu-O-Sr-Y|Y1Ba1.65Sr0.35Cu4O8,Y1Ba1.68Sr0.32Cu4O8-MP-mp-1227433.cif,Y1Ba1.68Sr0.32Cu4O8,0.0,new,zero,2,1,1,80.8
Ba-Cu-O-Sr-Y|Y1Ba1.65Sr0.35Cu4O8,Y1Ba1.65Sr0.35Cu4O8-MP-mp-1227433.cif,Y1Ba1.65Sr0.35Cu4O8,80.8,new,high,2,1,1,80.8
Ba-Cu-Nd-O|Nd1.5Ba1.5Cu3O7.14,Nd1.5Ba1.5Cu3O7.14-MP-mp-1228592.cif,Nd1.5Ba1.5Cu3O7.14,20.0,new,high,4,2,2,20.0
Ba-Cu-Nd-O|Nd1.5Ba1.5Cu3O7.14,Nd1.5Ba1.5Cu3O7.12-MP-mp-1228592.cif,Nd1.5Ba1.5Cu3O7.12,15.4,new,high,4,2,2,20.0
Ba-Cu-Nd-O|Nd1.5Ba1.5Cu3O7.14,Nd1.5Ba1.5Cu3O7.024-MP-mp-1228592.cif,Nd1.5Ba1.5Cu3O7.024,0.0,new,zero,4,2,2,20.0
Ba-Cu-Nd-O|Nd1.5Ba1.5Cu3O7.14,Nd1.5Ba1.5Cu3O7.05-MP-mp-1228592.cif,Nd1.5Ba1.5Cu3O7.05,0.0,new,zero,4,2,2,20.0
Ba-Cu-Nd-O|Nd1Ba2Cu3O6.76,Nd1Ba2Cu3O6.87-MP-mp-22719.cif,Nd1Ba2Cu3O6.87,0.0,new,zero,13,1,12,94.0
Ba-Cu-Nd-O|Nd1Ba2Cu3O6.76,Nd1Ba2Cu3O6.86-MP-mp-22719.cif,Nd1Ba2Cu3O6.86,73.0,new,high,13,1,12,94.0
Ba-Cu-Nd-O|Nd1Ba2Cu3O6.76,Nd1Ba2Cu3O6.82-MP-mp-22719.cif,Nd1Ba2Cu3O6.82,93.35,new,high,13,1,12,94.0
Ba-Cu-Nd-O|Nd1Ba2Cu3O6.76,Nd1Ba2Cu3O6.84-MP-mp-22719.cif,Nd1Ba2Cu3O6.84,93.0,new,high,13,1,12,94.0
Ba-Cu-Nd-O|Nd1Ba2Cu3O6.76,Nd1Ba2Cu3O6.78-MP-mp-22719.cif,Nd1Ba2Cu3O6.78,63.0,new,high,13,1,12,94.0
Ba-Cu-Nd-O|Nd1Ba2Cu3O6.76,Nd1Ba2Cu3O6.75-MP-mp-22719.cif,Nd1Ba2Cu3O6.75,52.8,new,high,13,1,12,94.0
Ba-Cu-Nd-O|Nd1Ba2Cu3O6.76,Nd1Ba2Cu3O6.76-MP-mp-22719.cif,Nd1Ba2Cu3O6.76,94.0,new,high,13,1,12,94.0
Ba-Cu-Nd-O|Nd1Ba2Cu3O6.76,Nd1Ba2Cu3O6.67-MP-mp-22719.cif,Nd1Ba2Cu3O6.67,31.65,new,low,13,1,12,94.0
Ba-Cu-Nd-O|Nd1Ba2Cu3O6.76,Nd1Ba2Cu3O6.6-MP-mp-1173386.cif,Nd1Ba2Cu3O6.6,14.0,new,low,13,1,12,94.0
Ba-Cu-Nd-O|Nd1Ba2Cu3O6.76,Nd1Ba2Cu3O7.04-MP-mp-1228592.cif,Nd1Ba2Cu3O7.04,82.5,new,high,13,1,12,94.0
Ba-Cu-Nd-O|Nd1Ba2Cu3O6.76,Nd1Ba2Cu3O6.98-MP-mp-22719.cif,Nd1Ba2Cu3O6.98,91.0,new,high,13,1,12,94.0
Ba-Cu-Nd-O|Nd1Ba2Cu3O6.76,Nd1Ba2Cu3O6.95-MP-mp-22719.cif,Nd1Ba2Cu3O6.95,89.0,new,high,13,1,12,94.0
Ba-Cu-Nd-O|Nd1Ba2Cu3O6.76,Nd1Ba2Cu3O6.94-MP-mp-22719.cif,Nd1Ba2Cu3O6.94,90.75,new,high,13,1,12,94.0
Ba-Cu-Nd-O|Nd1Ba2Cu3O6.23,Nd1Ba2Cu3O6.3-MP-mp-1228184.cif,Nd1Ba2Cu3O6.3,0.0,new,zero,2,1,1,60.5
Ba-Cu-Nd-O|Nd1Ba2Cu3O6.23,Nd1Ba2Cu3O6.23-MP-mp-1228184.cif,Nd1Ba2Cu3O6.23,60.5,new,high,2,1,1,60.5
Ba-Cu-Nd-O|Nd1Ba2Cu3O6.09,Nd1Ba2Cu3O6.13-MP-mp-1228184.cif,Nd1Ba2Cu3O6.13,0.0,new,zero,2,1,1,90.5
Ba-Cu-Nd-O|Nd1Ba2Cu3O6.09,Nd1Ba2Cu3O6.09-MP-mp-1228184.cif,Nd1Ba2Cu3O6.09,90.5,new,high,2,1,1,90.5
Ba-Cu-O-Sm|Ba1.85Cu3Sm1.15O7,Ba1.85Cu3Sm1.15O7-MP-mp-21451-synth_doped.cif,Ba1.85Cu3Sm1.15O7,83.0,V45,high,2,0,2,83.0
Ba-Cu-O-Sm|Ba1.85Cu3Sm1.15O7,Sm1.15Ba1.85Cu3O6.955-MP-mp-21451.cif,Sm1.15Ba1.85Cu3O6.955,38.65,new,low,2,0,2,83.0
Ba-Cu-O-Sm|Sm1.27Ba1.73Cu3O7.05,Sm1.3Ba1.7Cu3O6.996-MP-mp-21451.cif,Sm1.3Ba1.7Cu3O6.996,0.0,new,zero,3,1,2,50.05
Ba-Cu-O-Sm|Sm1.27Ba1.73Cu3O7.05,Sm1.27Ba1.73Cu3O7.05-MP-icsd-68194.cif,Sm1.27Ba1.73Cu3O7.05,50.05,new,high,3,1,2,50.05
Ba-Cu-O-Sm|Sm1.27Ba1.73Cu3O7.05,Sm1.28Ba1.72Cu3O7.03-MP-icsd-68194.cif,Sm1.28Ba1.72Cu3O7.03,43.6,new,high,3,1,2,50.05
Ba-Cu-O-Sm|Sm1.05Ba1.95Cu3O6.87,Sm1.05Ba1.95Cu3O6.87-MP-mp-21451.cif,Sm1.05Ba1.95Cu3O6.87,89.75,new,high,3,1,2,89.75
Ba-Cu-O-Sm|Sm1.05Ba1.95Cu3O6.87,Sm1.05Ba1.95Cu3O6.94-MP-mp-21451.cif,Sm1.05Ba1.95Cu3O6.94,0.0,new,zero,3,1,2,89.75
Ba-Cu-O-Sm|Sm1.05Ba1.95Cu3O6.87,Sm1.05Ba1.95Cu3O6.99-MP-mp-21451.cif,Sm1.05Ba1.95Cu3O6.99,88.5,new,high,3,1,2,89.75
Ba-Cu-O-Sm|Sm1Ba2Cu3O7.11,Sm1Ba2Cu3O6.99-MP-mp-21451.cif,Sm1Ba2Cu3O6.99,90.7,new,high,19,4,15,93.5
Ba-Cu-O-Sm|Sm1Ba2Cu3O7.11,Sm1Ba2Cu3O6.944-MP-mp-21451.cif,Sm1Ba2Cu3O6.944,90.35,new,high,19,4,15,93.5
Ba-Cu-O-Sm|Sm1Ba2Cu3O7.11,Sm1Ba2Cu3O6.878-MP-mp-21451.cif,Sm1Ba2Cu3O6.878,91.1,new,high,19,4,15,93.5
Ba-Cu-O-Sm|Sm1Ba2Cu3O7.11,Sm1Ba2Cu3O6.89-MP-mp-21451.cif,Sm1Ba2Cu3O6.89,90.0,new,high,19,4,15,93.5
Ba-Cu-O-Sm|Sm1Ba2Cu3O7.11,Sm1Ba2Cu3O6.86-MP-mp-21451.cif,Sm1Ba2Cu3O6.86,90.5,new,high,19,4,15,93.5
Ba-Cu-O-Sm|Sm1Ba2Cu3O7.11,Sm1Ba2Cu3O6.813-MP-mp-21451.cif,Sm1Ba2Cu3O6.813,83.6,new,high,19,4,15,93.5
Ba-Cu-O-Sm|Sm1Ba2Cu3O7.11,Sm1Ba2Cu3O6.75-MP-mp-21451.cif,Sm1Ba2Cu3O6.75,38.4,new,low,19,4,15,93.5
Ba-Cu-O-Sm|Sm1Ba2Cu3O7.11,Sm1Ba2Cu3O6.773-MP-mp-21451.cif,Sm1Ba2Cu3O6.773,87.8,new,high,19,4,15,93.5
Ba-Cu-O-Sm|Sm1Ba2Cu3O7.11,Sm1Ba2Cu3O6.709-MP-mp-21451.cif,Sm1Ba2Cu3O6.709,59.8,new,high,19,4,15,93.5
Ba-Cu-O-Sm|Sm1Ba2Cu3O7.11,Sm1Ba2Cu3O6.73-MP-mp-21451.cif,Sm1Ba2Cu3O6.73,56.275,new,high,19,4,15,93.5
Ba-Cu-O-Sm|Sm1Ba2Cu3O7.11,Sm1Ba2Cu3O6.64-MP-mp-21451.cif,Sm1Ba2Cu3O6.64,0.0,new,zero,19,4,15,93.5
Ba-Cu-O-Sm|Sm1Ba2Cu3O7.11,Sm1Ba2Cu3O6.65-MP-mp-21451.cif,Sm1Ba2Cu3O6.65,32.8,new,low,19,4,15,93.5
Ba-Cu-O-Sm|Sm1Ba2Cu3O7.11,Sm1Ba2Cu3O6.62-MP-mp-21451.cif,Sm1Ba2Cu3O6.62,34.2,new,low,19,4,15,93.5
Ba-Cu-O-Sm|Sm1Ba2Cu3O7.11,Sm1Ba2Cu3O6.554-MP-mp-21451.cif,Sm1Ba2Cu3O6.554,28.75,new,low,19,4,15,93.5
Ba-Cu-O-Sm|Sm1Ba2Cu3O7.11,Sm1Ba2Cu3O6.53-MP-mp-21451.cif,Sm1Ba2Cu3O6.53,0.0,new,zero,19,4,15,93.5
Ba-Cu-O-Sm|Sm1Ba2Cu3O7.11,Sm1Ba2Cu3O6.467-MP-mp-1229115.cif,Sm1Ba2Cu3O6.467,0.0,new,zero,19,4,15,93.5
Ba-Cu-O-Sm|Sm1Ba2Cu3O7.11,Sm1Ba2Cu3O7.11-MP-icsd-68194.cif,Sm1Ba2Cu3O7.11,93.5,new,high,19,4,15,93.5
Ba-Cu-O-Sm|Sm1Ba2Cu3O7.11,Sm1Ba2Cu3O7.06-MP-icsd-68194.cif,Sm1Ba2Cu3O7.06,0.0,new,zero,19,4,15,93.5
Ba-Cu-O-Sm|Sm1Ba2Cu3O7.11,Sm1Ba2Cu3O7.01-MP-mp-1228425.cif,Sm1Ba2Cu3O7.01,87.0,new,high,19,4,15,93.5
Ba-Cu-O-Pr|Pr1Ba2Cu3O6.8,Pr1Ba2Cu3O6.96-MP-mp-20936.cif,Pr1Ba2Cu3O6.96,0.0,new,zero,8,7,1,81.0
Ba-Cu-O-Pr|Pr1Ba2Cu3O6.8,Pr1Ba2Cu3O6.98-MP-mp-20936.cif,Pr1Ba2Cu3O6.98,0.0,new,zero,8,7,1,81.0
Ba-Cu-O-Pr|Pr1Ba2Cu3O6.8,Pr1Ba2Cu3O6.953-MP-mp-20936.cif,Pr1Ba2Cu3O6.953,0.0,new,zero,8,7,1,81.0
Ba-Cu-O-Pr|Pr1Ba2Cu3O6.8,Pr1Ba2Cu3O6.93-MP-mp-20936.cif,Pr1Ba2Cu3O6.93,0.0,new,zero,8,7,1,81.0
Ba-Cu-O-Pr|Pr1Ba2Cu3O6.8,Pr1Ba2Cu3O6.88-MP-mp-20936.cif,Pr1Ba2Cu3O6.88,0.0,new,zero,8,7,1,81.0
Ba-Cu-O-Pr|Pr1Ba2Cu3O6.8,Pr1Ba2Cu3O6.9-MP-mp-20936.cif,Pr1Ba2Cu3O6.9,0.0,new,zero,8,7,1,81.0
Ba-Cu-O-Pr|Pr1Ba2Cu3O6.8,Pr1Ba2Cu3O6.849-MP-mp-20936.cif,Pr1Ba2Cu3O6.849,0.0,new,zero,8,7,1,81.0
Ba-Cu-O-Pr|Pr1Ba2Cu3O6.8,Pr1Ba2Cu3O6.8-MP-mp-20936.cif,Pr1Ba2Cu3O6.8,81.0,new,high,8,7,1,81.0
Ba-Cu-O-Sr-Yb|Ba1.6Sr0.4Yb1Cu3O6.53,Ba1.6Sr0.4Yb1Cu3O6.53-MP-mp-1099602.cif,Ba1.6Sr0.4Yb1Cu3O6.53,34.0,new,high,3,1,2,34.0
Ba-Cu-O-Sr-Yb|Ba1.6Sr0.4Yb1Cu3O6.53,Ba1.6Sr0.4Yb1Cu3O6.48-MP-mp-21129.cif,Ba1.6Sr0.4Yb1Cu3O6.48,10.0,new,low,3,1,2,34.0
Ba-Cu-O-Sr-Yb|Ba1.6Sr0.4Yb1Cu3O6.53,Ba1.6Sr0.4Yb1Cu3O6.42-MP-mp-1099602.cif,Ba1.6Sr0.4Yb1Cu3O6.42,0.0,new,zero,3,1,2,34.0
Ba-Ca-Cu-O-Y|Y0.9Ca0.1Ba2Cu3O6.03,Y0.9Ca0.1Ba2Cu3O6.03-MP-mp-1229067.cif,Y0.9Ca0.1Ba2Cu3O6.03,19.8,new,high,3,2,1,19.8
Ba-Ca-Cu-O-Y|Y0.9Ca0.1Ba2Cu3O6.03,Y0.9Ca0.1Ba2Cu3O6.049-MP-mp-1229067.cif,Y0.9Ca0.1Ba2Cu3O6.049,0.0,new,zero,3,2,1,19.8
Ba-Ca-Cu-O-Y|Y0.9Ca0.1Ba2Cu3O6.03,Ba2Ca0.12Cu3Y0.88O6-MP-mp-22215-synth_doped.cif,Ba2Ca0.12Cu3Y0.88O6,0.0,V45,zero,3,2,1,19.8
Ba-Ca-Cu-O-Y|Y0.8Ca0.2Ba2Cu3O6.1,Y0.8Ca0.2Ba2Cu3O6.1-MP-mp-1229067.cif,Y0.8Ca0.2Ba2Cu3O6.1,50.0,new,high,5,2,3,50.0
Ba-Ca-Cu-O-Y|Y0.8Ca0.2Ba2Cu3O6.1,Y0.8Ca0.2Ba2Cu3O6.12-MP-mp-20897.cif,Y0.8Ca0.2Ba2Cu3O6.12,0.0,new,zero,5,2,3,50.0
Ba-Ca-Cu-O-Y|Y0.8Ca0.2Ba2Cu3O6.1,Y0.8Ca0.2Ba2Cu3O6.03-MP-mp-1229067.cif,Y0.8Ca0.2Ba2Cu3O6.03,43.5,new,high,5,2,3,50.0
Ba-Ca-Cu-O-Y|Y0.8Ca0.2Ba2Cu3O6.1,Y0.82Ca0.18Ba2Cu3O6.008-MP-mp-20897.cif,Y0.82Ca0.18Ba2Cu3O6.008,0.0,new,zero,5,2,3,50.0
Ba-Ca-Cu-O-Y|Y0.8Ca0.2Ba2Cu3O6.1,Ba2Ca0.2Cu3Y0.8O6-MP-mp-22215-synth_doped.cif,Ba2Ca0.2Cu3Y0.8O6,24.0,V45,low,5,2,3,50.0
Ba-Cu-O-Y|Y1Ba2Cu3O6.906,Ba2Cu3Y1O6-MP-mp-22215.cif,Ba2Cu3Y1O6,0.0,V45,zero,46,17,29,92.4
Ba-Cu-O-Y|Y1Ba2Cu3O6.906,Y1Ba2Cu3O6.97-MP-mp-20674.cif,Y1Ba2Cu3O6.97,90.575,new,high,46,17,29,92.4
Ba-Cu-O-Y|Y1Ba2Cu3O6.906,Y1Ba2Cu3O6.975-MP-mp-20674.cif,Y1Ba2Cu3O6.975,89.0,new,high,46,17,29,92.4
Ba-Cu-O-Y|Y1Ba2Cu3O6.906,Y1Ba2Cu3O6.951-MP-mp-20674.cif,Y1Ba2Cu3O6.951,91.495,new,high,46,17,29,92.4
Ba-Cu-O-Y|Y1Ba2Cu3O6.906,Y1Ba2Cu3O6.906-MP-mp-20674.cif,Y1Ba2Cu3O6.906,92.4,new,high,46,17,29,92.4
Ba-Cu-O-Y|Y1Ba2Cu3O6.906,Y1Ba2Cu3O6.939-MP-mp-20674.cif,Y1Ba2Cu3O6.939,91.7375,new,high,46,17,29,92.4
Ba-Cu-O-Y|Y1Ba2Cu3O6.906,Y1Ba2Cu3O6.88-MP-mp-20674.cif,Y1Ba2Cu3O6.88,89.025,new,high,46,17,29,92.4
Ba-Cu-O-Y|Y1Ba2Cu3O6.906,Y1Ba2Cu3O6.894-MP-mp-20674.cif,Y1Ba2Cu3O6.894,80.5,new,high,46,17,29,92.4
Ba-Cu-O-Y|Y1Ba2Cu3O6.906,Y1Ba2Cu3O6.861-MP-mp-20674.cif,Y1Ba2Cu3O6.861,87.4,new,high,46,17,29,92.4
Ba-Cu-O-Y|Y1Ba2Cu3O6.906,Y1Ba2Cu3O6.795-MP-mp-1228903.cif,Y1Ba2Cu3O6.795,82.5,new,high,46,17,29,92.4
Ba-Cu-O-Y|Y1Ba2Cu3O6.906,Y1Ba2Cu3O6.82-MP-mp-20674.cif,Y1Ba2Cu3O6.82,88.325,new,high,46,17,29,92.4
Ba-Cu-O-Y|Y1Ba2Cu3O6.906,Y1Ba2Cu3O6.838-MP-mp-20674.cif,Y1Ba2Cu3O6.838,84.8,new,high,46,17,29,92.4
Ba-Cu-O-Y|Y1Ba2Cu3O6.906,Y1Ba2Cu3O6.79-MP-mp-1228903.cif,Y1Ba2Cu3O6.79,43.45,new,low,46,17,29,92.4
Ba-Cu-O-Y|Y1Ba2Cu3O6.906,Y1Ba2Cu3O6.773-MP-mp-1228903.cif,Y1Ba2Cu3O6.773,73.5,new,high,46,17,29,92.4
Ba-Cu-O-Y|Y1Ba2Cu3O6.906,Y1Ba2Cu3O6.71-MP-mp-1228425.cif,Y1Ba2Cu3O6.71,65.483333335,new,high,46,17,29,92.4
Ba-Cu-O-Y|Y1Ba2Cu3O6.906,Y1Ba2Cu3O6.729-MP-mp-1228425.cif,Y1Ba2Cu3O6.729,56.8,new,high,46,17,29,92.4
Ba-Cu-O-Y|Y1Ba2Cu3O6.906,Y1Ba2Cu3O6.64-MP-mp-1228425.cif,Y1Ba2Cu3O6.64,59.53333333,new,high,46,17,29,92.4
Ba-Cu-O-Y|Y1Ba2Cu3O6.906,Y1Ba2Cu3O6.666-MP-mp-1228425.cif,Y1Ba2Cu3O6.666,60.5,new,high,46,17,29,92.4
Ba-Cu-O-Y|Y1Ba2Cu3O6.906,Y1Ba2Cu3O6.59-MP-mp-1228425.cif,Y1Ba2Cu3O6.59,60.55,new,high,46,17,29,92.4
Ba-Cu-O-Y|Y1Ba2Cu3O6.906,Y1Ba2Cu3O6.61-MP-mp-1228425.cif,Y1Ba2Cu3O6.61,59.513,new,high,46,17,29,92.4
Ba-Cu-O-Y|Y1Ba2Cu3O6.906,Y1Ba2Cu3O6.556-MP-mp-1228425.cif,Y1Ba2Cu3O6.556,59.175,new,high,46,17,29,92.4
Ba-Cu-O-Y|Y1Ba2Cu3O6.906,Y1Ba2Cu3O6.57-MP-mp-1228425.cif,Y1Ba2Cu3O6.57,56.1,new,high,46,17,29,92.4
Ba-Cu-O-Y|Y1Ba2Cu3O6.906,Y1Ba2Cu3O6.44-MP-mp-20897.cif,Y1Ba2Cu3O6.44,22.5,new,low,46,17,29,92.4
Ba-Cu-O-Y|Y1Ba2Cu3O6.906,Y1Ba2Cu3O6.409-MP-mp-20897.cif,Y1Ba2Cu3O6.409,26.0,new,low,46,17,29,92.4
Ba-Cu-O-Y|Y1Ba2Cu3O6.906,Y1Ba2Cu3O6.375-MP-mp-1229067.cif,Y1Ba2Cu3O6.375,19.0,new,low,46,17,29,92.4
Ba-Cu-O-Y|Y1Ba2Cu3O6.906,Y1Ba2Cu3O6.346-MP-mp-1229067.cif,Y1Ba2Cu3O6.346,12.3,new,low,46,17,29,92.4
Ba-Cu-O-Y|Y1Ba2Cu3O6.906,Y1Ba2Cu3O6.31-MP-mp-1229067.cif,Y1Ba2Cu3O6.31,0.0,new,zero,46,17,29,92.4
Ba-Cu-O-Y|Y1Ba2Cu3O6.906,Y1Ba2Cu3O6.27-MP-mp-1229067.cif,Y1Ba2Cu3O6.27,0.0,new,zero,46,17,29,92.4
Ba-Cu-O-Y|Y1Ba2Cu3O6.906,Y1Ba2Cu3O6.29-MP-mp-1229067.cif,Y1Ba2Cu3O6.29,21.9,new,low,46,17,29,92.4
Ba-Cu-O-Y|Y1Ba2Cu3O6.906,Y1Ba2Cu3O6.26-MP-mp-1229067.cif,Y1Ba2Cu3O6.26,0.0,new,zero,46,17,29,92.4
Ba-Cu-O-Y|Y1Ba2Cu3O6.906,Y1Ba2Cu3O6.25-MP-mp-1229067.cif,Y1Ba2Cu3O6.25,0.0,new,zero,46,17,29,92.4
Ba-Cu-O-Y|Y1Ba2Cu3O6.906,Y1Ba2Cu3O6.23-MP-mp-1229067.cif,Y1Ba2Cu3O6.23,0.0,new,zero,46,17,29,92.4
Ba-Cu-O-Y|Y1Ba2Cu3O6.906,Y1Ba2Cu3O6.18-MP-mp-1229067.cif,Y1Ba2Cu3O6.18,0.0,new,zero,46,17,29,92.4
Ba-Cu-O-Y|Y1Ba2Cu3O6.906,Y1Ba2Cu3O6.197-MP-mp-1229067.cif,Y1Ba2Cu3O6.197,0.0,new,zero,46,17,29,92.4
Ba-Cu-O-Y|Y1Ba2Cu3O6.906,Y1Ba2Cu3O6.21-MP-mp-1229067.cif,Y1Ba2Cu3O6.21,0.0,new,zero,46,17,29,92.4
Ba-Cu-O-Y|Y1Ba2Cu3O6.906,Y1Ba2Cu3O6.17-MP-mp-1229067.cif,Y1Ba2Cu3O6.17,0.0,new,zero,46,17,29,92.4
Ba-Cu-O-Y|Y1Ba2Cu3O6.906,Y1Ba2Cu3O6.13-MP-mp-1229067.cif,Y1Ba2Cu3O6.13,0.0,new,zero,46,17,29,92.4
Ba-Cu-O-Y|Y1Ba2Cu3O6.906,Y1Ba2Cu3O6.15-MP-mp-1229067.cif,Y1Ba2Cu3O6.15,0.0,new,zero,46,17,29,92.4
Ba-Cu-O-Y|Y1Ba2Cu3O6.906,Y1Ba2Cu3O6.09-MP-mp-1229067.cif,Y1Ba2Cu3O6.09,0.0,new,zero,46,17,29,92.4
Ba-Cu-O-Y|Y1Ba2Cu3O6.906,Y1Ba2Cu3O6.12-MP-mp-1229067.cif,Y1Ba2Cu3O6.12,0.0,new,zero,46,17,29,92.4
Ba-Cu-O-Y|Y1Ba2Cu3O6.906,Y1Ba2Cu3O6.08-MP-mp-1229067.cif,Y1Ba2Cu3O6.08,0.0,new,zero,46,17,29,92.4
Ba-Cu-O-Y|Y1Ba2Cu3O6.906,Y1Ba2Cu3O6.05-MP-mp-1229067.cif,Y1Ba2Cu3O6.05,0.0,new,zero,46,17,29,92.4
Ba-Cu-O-Y|Y1Ba2Cu3O6.906,Y1Ba2Cu3O6.07-MP-mp-1229067.cif,Y1Ba2Cu3O6.07,0.0,new,zero,46,17,29,92.4
Ba-Cu-O-Y|Y1Ba2Cu3O6.906,Y1Ba2Cu3O6.516-MP-mp-1228425.cif,Y1Ba2Cu3O6.516,58.2,new,high,46,17,29,92.4
Ba-Cu-O-Y|Y1Ba2Cu3O6.906,Y1Ba2Cu3O6.51-MP-mp-1228425.cif,Y1Ba2Cu3O6.51,45.4,new,low,46,17,29,92.4
Ba-Cu-O-Y|Y1Ba2Cu3O6.906,Y1Ba2Cu3O7.01-MP-mp-1228425.cif,Y1Ba2Cu3O7.01,89.5,new,high,46,17,29,92.4
Ba-Cu-O-Y|Y2Ba4Cu7O15.09,Y2Ba4Cu7O14.92-MP-mp-1228264.cif,Y2Ba4Cu7O14.92,82.0,new,high,13,0,13,90.9
Ba-Cu-O-Y|Y2Ba4Cu7O15.09,Y2Ba4Cu7O14.98-MP-mp-1228264.cif,Y2Ba4Cu7O14.98,88.0,new,high,13,0,13,90.9
Ba-Cu-O-Y|Y2Ba4Cu7O15.09,Y2Ba4Cu7O14.95-MP-mp-1228264.cif,Y2Ba4Cu7O14.95,80.05,new,high,13,0,13,90.9
Ba-Cu-O-Y|Y2Ba4Cu7O15.09,Y2Ba4Cu7O15.09-MP-mp-1228264.cif,Y2Ba4Cu7O15.09,90.9,new,high,13,0,13,90.9
Ba-Cu-O-Y|Y2Ba4Cu7O15.09,Y2Ba4Cu7O15.03-MP-mp-1228264.cif,Y2Ba4Cu7O15.03,87.0,new,high,13,0,13,90.9
Ba-Cu-O-Y|Y2Ba4Cu7O15.09,Y2Ba4Cu7O14.78-MP-mp-1228264.cif,Y2Ba4Cu7O14.78,70.0,new,high,13,0,13,90.9
Ba-Cu-O-Y|Y2Ba4Cu7O15.09,Y2Ba4Cu7O14.81-MP-mp-1228264.cif,Y2Ba4Cu7O14.81,54.1,new,high,13,0,13,90.9
Ba-Cu-O-Y|Y2Ba4Cu7O15.09,Y2Ba4Cu7O14.68-MP-mp-1228264.cif,Y2Ba4Cu7O14.68,60.0,new,high,13,0,13,90.9
Ba-Cu-O-Y|Y2Ba4Cu7O15.09,Y2Ba4Cu7O14.53-MP-mp-1228264.cif,Y2Ba4Cu7O14.53,60.0,new,high,13,0,13,90.9
Ba-Cu-O-Y|Y2Ba4Cu7O15.09,Y2Ba4Cu7O14.6-MP-mp-1228264.cif,Y2Ba4Cu7O14.6,41.2,new,low,13,0,13,90.9
Ba-Cu-O-Y|Y2Ba4Cu7O15.09,Y2Ba4Cu7O14.33-MP-mp-1228264.cif,Y2Ba4Cu7O14.33,22.0,new,low,13,0,13,90.9
Ba-Cu-O-Y|Y2Ba4Cu7O15.09,Y2Ba4Cu7O14.38-MP-mp-1228264.cif,Y2Ba4Cu7O14.38,50.0,new,high,13,0,13,90.9
Ba-Cu-O-Y|Y2Ba4Cu7O15.09,Y2Ba4Cu7O14.85-MP-mp-1228264.cif,Y2Ba4Cu7O14.85,78.0,new,high,13,0,13,90.9
Ba-Cu-O-Y|Y1Ba2Cu2.94Cu0.6O7,Y1Ba2Cu2.94Cu0.6O7-MP-mp-1228264.cif,Y1Ba2Cu2.94Cu0.6O7,89.1,new,high,3,0,3,89.1
Ba-Cu-O-Y|Y1Ba2Cu2.94Cu0.6O7,Y2Ba4Cu7O14.13-MP-mp-1228264.cif,Y2Ba4Cu7O14.13,35.5,new,low,3,0,3,89.1
Ba-Cu-O-Y|Y1Ba2Cu2.94Cu0.6O7,Y2Ba4Cu7O14.03-MP-mp-1228264.cif,Y2Ba4Cu7O14.03,20.15,new,low,3,0,3,89.1
Ba-Cu-O-Tl|Ba2Cu1Tl2O6.12,Ba2.02Cu1.01Tl1.97O6.16-MP-mp-6027-synth_doped.cif,Ba2.02Cu1.01Tl1.97O6.16,0.0,V45,zero,17,3,14,87.8
Ba-Cu-O-Tl|Ba2Cu1Tl2O6.12,Ba2Cu1Tl2O6.01-MP-mp-6027-synth_doped.cif,Ba2Cu1Tl2O6.01,81.0,V45,high,17,3,14,87.8
Ba-Cu-O-Tl|Ba2Cu1Tl2O6.12,Ba2Cu1Tl2O6.03-MP-mp-6027-synth_doped.cif,Ba2Cu1Tl2O6.03,62.0,V45,high,17,3,14,87.8
Ba-Cu-O-Tl|Ba2Cu1Tl2O6.12,Ba2Cu1Tl2O6.05-MP-mp-6027-synth_doped.cif,Ba2Cu1Tl2O6.05,47.0,V45,high,17,3,14,87.8
Ba-Cu-O-Tl|Ba2Cu1Tl2O6.12,Ba2Cu1Tl2O6.056-MP-mp-6027-synth_doped.cif,Ba2Cu1Tl2O6.056,40.0,V45,low,17,3,14,87.8
Ba-Cu-O-Tl|Ba2Cu1Tl2O6.12,Ba2Cu1Tl2O6.08-MP-mp-6027-synth_doped.cif,Ba2Cu1Tl2O6.08,16.0,V45,low,17,3,14,87.8
Ba-Cu-O-Tl|Ba2Cu1Tl2O6.12,Ba2Cu1Tl2O6.12-MP-mp-6027-synth_doped.cif,Ba2Cu1Tl2O6.12,87.8,V45,high,17,3,14,87.8
Ba-Cu-O-Tl|Ba2Cu1Tl2O6.12,Ba2Cu1Tl2O6.16-MP-mp-6027-synth_doped.cif,Ba2Cu1Tl2O6.16,64.9,V45,high,17,3,14,87.8
Ba-Cu-O-Tl|Ba2Cu1Tl2O6.12,Ba2Cu1Tl2O6.164-MP-mp-6027-synth_doped.cif,Ba2Cu1Tl2O6.164,0.0,V45,zero,17,3,14,87.8
Ba-Cu-O-Tl|Ba2Cu1Tl2O6.12,Ba2Cu1Tl2O6.19-MP-mp-6027-synth_doped.cif,Ba2Cu1Tl2O6.19,45.3,V45,high,17,3,14,87.8
Ba-Cu-O-Tl|Ba2Cu1Tl2O6.12,Ba2Cu1Tl2O6.23-MP-mp-6027-synth_doped.cif,Ba2Cu1Tl2O6.23,0.0,V45,zero,17,3,14,87.8
Ba-Cu-O-Tl|Ba2Cu1Tl2O6.12,Tl2Ba2Cu1O5.963-MP-mp-6027.cif,Tl2Ba2Cu1O5.963,53.0,new,high,17,3,14,87.8
Ba-Cu-O-Tl|Ba2Cu1Tl2O6.12,Tl2Ba2Cu1O5.989-MP-mp-6027.cif,Tl2Ba2Cu1O5.989,10.0,new,low,17,3,14,87.8
Ba-Cu-O-Tl|Ba2Cu1Tl2O6.12,Tl2Ba2Cu1O5.929-MP-mp-6027.cif,Tl2Ba2Cu1O5.929,57.0,new,high,17,3,14,87.8
Ba-Cu-O-Tl|Ba2Cu1Tl2O6.12,Tl2Ba2Cu1O5.957-MP-mp-6027.cif,Tl2Ba2Cu1O5.957,38.0,new,low,17,3,14,87.8
Ba-Cu-O-Tl|Ba2Cu1Tl2O6.12,Tl2Ba2Cu1O5.912-MP-mp-6027.cif,Tl2Ba2Cu1O5.912,82.0,new,high,17,3,14,87.8
Ba-Cu-O-Tl|Ba2Cu1Tl2O6.12,Tl2Ba2Cu1O5.876-MP-mp-6027.cif,Tl2Ba2Cu1O5.876,87.0,new,high,17,3,14,87.8
Ba-Co-Cu-O-Y|Y1Ba2Cu2.95Co0.05O6.92,Y1Ba2Cu2.97Co0.03O6.96-MP-mp-20674.cif,Y1Ba2Cu2.97Co0.03O6.96,92.0,new,high,9,1,8,94.3
Ba-Co-Cu-O-Y|Y1Ba2Cu2.95Co0.05O6.92,Y1Ba2Cu2.955Co0.045O7-MP-mp-20674.cif,Y1Ba2Cu2.955Co0.045O7,0.0,new,zero,9,1,8,94.3
Ba-Co-Cu-O-Y|Y1Ba2Cu2.95Co0.05O6.92,Y1Ba2Cu2.96Co0.04O7-MP-mp-20674.cif,Y1Ba2Cu2.96Co0.04O7,91.5,new,high,9,1,8,94.3
Ba-Co-Cu-O-Y|Y1Ba2Cu2.95Co0.05O6.92,Y1Ba2Cu2.94Co0.06O7-MP-mp-20674.cif,Y1Ba2Cu2.94Co0.06O7,78.3,new,high,9,1,8,94.3
Ba-Co-Cu-O-Y|Y1Ba2Cu2.95Co0.05O6.92,Y1Ba2Cu2.925Co0.075O6.97-MP-mp-20674.cif,Y1Ba2Cu2.925Co0.075O6.97,92.0,new,high,9,1,8,94.3
Ba-Co-Cu-O-Y|Y1Ba2Cu2.95Co0.05O6.92,Y1Ba2Cu2.98Co0.02O6.9-MP-mp-20674.cif,Y1Ba2Cu2.98Co0.02O6.9,93.4,new,high,9,1,8,94.3
Ba-Co-Cu-O-Y|Y1Ba2Cu2.95Co0.05O6.92,Y1Ba2Cu2.95Co0.05O6.92-MP-mp-20674.cif,Y1Ba2Cu2.95Co0.05O6.92,94.3,new,high,9,1,8,94.3
Ba-Co-Cu-O-Y|Y1Ba2Cu2.95Co0.05O6.92,Y1Ba2Cu2.95Co0.05O6.88-MP-mp-20674.cif,Y1Ba2Cu2.95Co0.05O6.88,91.2,new,high,9,1,8,94.3
Ba-Co-Cu-O-Y|Y1Ba2Cu2.95Co0.05O6.92,Y1Ba1.95Cu2.95Co0.05O6.9-MP-icsd-63321.cif,Y1Ba1.95Cu2.95Co0.05O6.9,70.0,new,high,9,1,8,94.3
Ba-Co-Cu-O-Y|Y1Ba2Cu2.75Co0.25O7.06,Y1Ba2Cu2.75Co0.25O7.06-MP-icsd-63321.cif,Y1Ba2Cu2.75Co0.25O7.06,66.2,new,high,7,0,7,66.2
Ba-Co-Cu-O-Y|Y1Ba2Cu2.75Co0.25O7.06,Y1Ba2Cu2.82Co0.18O7-MP-mp-20674.cif,Y1Ba2Cu2.82Co0.18O7,46.0,new,high,7,0,7,66.2
Ba-Co-Cu-O-Y|Y1Ba2Cu2.75Co0.25O7.06,Y1Ba2Cu2.79Co0.21O7-MP-mp-20674.cif,Y1Ba2Cu2.79Co0.21O7,22.0,new,low,7,0,7,66.2
Ba-Co-Cu-O-Y|Y1Ba2Cu2.75Co0.25O7.06,Y1Ba2Cu2.775Co0.225O6.99-MP-mp-20674.cif,Y1Ba2Cu2.775Co0.225O6.99,58.0,new,high,7,0,7,66.2
Ba-Co-Cu-O-Y|Y1Ba2Cu2.75Co0.25O7.06,Y1Ba2Cu2.76Co0.24O6.999-MP-mp-20674.cif,Y1Ba2Cu2.76Co0.24O6.999,50.7,new,high,7,0,7,66.2
Ba-Co-Cu-O-Y|Y1Ba2Cu2.75Co0.25O7.06,Y1Ba2Cu2.85Co0.15O7.03-MP-icsd-63321.cif,Y1Ba2Cu2.85Co0.15O7.03,65.0,new,high,7,0,7,66.2
Ba-Co-Cu-O-Y|Y1Ba2Cu2.75Co0.25O7.06,Y1Ba2Cu2.8Co0.2O7.04-MP-icsd-63321.cif,Y1Ba2Cu2.8Co0.2O7.04,53.0,new,high,7,0,7,66.2
Ba-Co-Cu-O-Y|Y1Ba2Cu2.8Co0.2O6.83,Y1Ba2Cu2.8Co0.2O6.83-MP-mp-20674.cif,Y1Ba2Cu2.8Co0.2O6.83,53.0,new,high,2,1,1,53.0
Ba-Co-Cu-O-Y|Y1Ba2Cu2.8Co0.2O6.83,Y1Ba2Cu2.8Co0.2O6.9-MP-mp-1228425.cif,Y1Ba2Cu2.8Co0.2O6.9,0.0,new,zero,2,1,1,53.0
Ba-Co-Cu-O-Y|Y1Ba2Cu2.6Co0.4O7.03,Y1Ba2Cu2.6Co0.4O7.03-MP-icsd-63321.cif,Y1Ba2Cu2.6Co0.4O7.03,11.3,new,high,5,4,1,11.3
Ba-Co-Cu-O-Y|Y1Ba2Cu2.6Co0.4O7.03,Y1Ba2Cu2.6Co0.4O6.95-MP-icsd-63321.cif,Y1Ba2Cu2.6Co0.4O6.95,0.0,new,zero,5,4,1,11.3
Ba-Co-Cu-O-Y|Y1Ba2Cu2.6Co0.4O7.03,Y1Ba2Cu2.58Co0.42O7.019-MP-icsd-63321.cif,Y1Ba2Cu2.58Co0.42O7.019,0.0,new,zero,5,4,1,11.3
Ba-Co-Cu-O-Y|Y1Ba2Cu2.6Co0.4O7.03,Y1Ba2Cu2.55Co0.45O7-MP-icsd-63321.cif,Y1Ba2Cu2.55Co0.45O7,0.0,new,zero,5,4,1,11.3
Ba-Co-Cu-O-Y|Y1Ba2Cu2.6Co0.4O7.03,Y1Ba2Cu2.61Co0.39O6.91-MP-icsd-63321.cif,Y1Ba2Cu2.61Co0.39O6.91,0.0,new,zero,5,4,1,11.3
Ba-Cu-Hg-O|Ba2Cu1Hg1O4.081,Ba2Cu1Hg1O4.01-MP-mp-6562-synth_doped.cif,Ba2Cu1Hg1O4.01,64.5,V45,high,41,3,38,98.0
Ba-Cu-Hg-O|Ba2Cu1Hg1O4.081,Ba2Cu1Hg1O4.02-MP-mp-6562-synth_doped.cif,Ba2Cu1Hg1O4.02,72.0,V45,high,41,3,38,98.0
Ba-Cu-Hg-O|Ba2Cu1Hg1O4.081,Ba2Cu1Hg1O4.025-MP-mp-6562-synth_doped.cif,Ba2Cu1Hg1O4.025,20.0,V45,low,41,3,38,98.0
Ba-Cu-Hg-O|Ba2Cu1Hg1O4.081,Ba2Cu1Hg1O4.032-MP-mp-6562-synth_doped.cif,Ba2Cu1Hg1O4.032,36.0,V45,low,41,3,38,98.0
Ba-Cu-Hg-O|Ba2Cu1Hg1O4.081,Ba2Cu1Hg1O4.033-MP-mp-6562-synth_doped.cif,Ba2Cu1Hg1O4.033,48.0,V45,low,41,3,38,98.0
Ba-Cu-Hg-O|Ba2Cu1Hg1O4.081,Ba2Cu1Hg1O4.04-MP-mp-6562-synth_doped.cif,Ba2Cu1Hg1O4.04,0.0,V45,zero,41,3,38,98.0
Ba-Cu-Hg-O|Ba2Cu1Hg1O4.081,Ba2Cu1Hg1O4.045-MP-mp-6562-synth_doped.cif,Ba2Cu1Hg1O4.045,73.0,V45,high,41,3,38,98.0
Ba-Cu-Hg-O|Ba2Cu1Hg1O4.081,Ba2Cu1Hg1O4.047-MP-mp-6562-synth_doped.cif,Ba2Cu1Hg1O4.047,95.0,V45,high,41,3,38,98.0
Ba-Cu-Hg-O|Ba2Cu1Hg1O4.081,Ba2Cu1Hg1O4.049-MP-mp-6562-synth_doped.cif,Ba2Cu1Hg1O4.049,70.0,V45,high,41,3,38,98.0
Ba-Cu-Hg-O|Ba2Cu1Hg1O4.081,Ba2Cu1Hg1O4.05-MP-mp-6562-synth_doped.cif,Ba2Cu1Hg1O4.05,73.5,V45,high,41,3,38,98.0
Ba-Cu-Hg-O|Ba2Cu1Hg1O4.081,Ba2Cu1Hg1O4.052-MP-mp-6562-synth_doped.cif,Ba2Cu1Hg1O4.052,82.0,V45,high,41,3,38,98.0
Ba-Cu-Hg-O|Ba2Cu1Hg1O4.081,Ba2Cu1Hg1O4.055-MP-mp-6562-synth_doped.cif,Ba2Cu1Hg1O4.055,79.1,V45,high,41,3,38,98.0
Ba-Cu-Hg-O|Ba2Cu1Hg1O4.081,Ba2Cu1Hg1O4.058-MP-mp-6562-synth_doped.cif,Ba2Cu1Hg1O4.058,89.0,V45,high,41,3,38,98.0
Ba-Cu-Hg-O|Ba2Cu1Hg1O4.081,Ba2Cu1Hg1O4.06-MP-mp-6562-synth_doped.cif,Ba2Cu1Hg1O4.06,73.0,V45,high,41,3,38,98.0
Ba-Cu-Hg-O|Ba2Cu1Hg1O4.081,Ba2Cu1Hg1O4.066-MP-mp-6562-synth_doped.cif,Ba2Cu1Hg1O4.066,88.5,V45,high,41,3,38,98.0
Ba-Cu-Hg-O|Ba2Cu1Hg1O4.081,Ba2Cu1Hg1O4.081-MP-mp-6562-synth_doped.cif,Ba2Cu1Hg1O4.081,98.0,V45,high,41,3,38,98.0
Ba-Cu-Hg-O|Ba2Cu1Hg1O4.081,Ba2Cu1Hg1O4.085-MP-mp-6562-synth_doped.cif,Ba2Cu1Hg1O4.085,92.0,V45,high,41,3,38,98.0
Ba-Cu-Hg-O|Ba2Cu1Hg1O4.081,Ba2Cu1Hg1O4.096-MP-mp-6562-synth_doped.cif,Ba2Cu1Hg1O4.096,95.6,V45,high,41,3,38,98.0
Ba-Cu-Hg-O|Ba2Cu1Hg1O4.081,Ba2Cu1Hg1O4.097-MP-mp-6562-synth_doped.cif,Ba2Cu1Hg1O4.097,95.3,V45,high,41,3,38,98.0
Ba-Cu-Hg-O|Ba2Cu1Hg1O4.081,Ba2Cu1Hg1O4.101-MP-mp-6562-synth_doped.cif,Ba2Cu1Hg1O4.101,93.4,V45,high,41,3,38,98.0
Ba-Cu-Hg-O|Ba2Cu1Hg1O4.081,Ba2Cu1Hg1O4.103-MP-mp-6562-synth_doped.cif,Ba2Cu1Hg1O4.103,92.5,V45,high,41,3,38,98.0
Ba-Cu-Hg-O|Ba2Cu1Hg1O4.081,Ba2Cu1Hg1O4.105-MP-mp-6562-synth_doped.cif,Ba2Cu1Hg1O4.105,90.9,V45,high,41,3,38,98.0
Ba-Cu-Hg-O|Ba2Cu1Hg1O4.081,Ba2Cu1Hg1O4.108-MP-mp-6562-synth_doped.cif,Ba2Cu1Hg1O4.108,89.1,V45,high,41,3,38,98.0
Ba-Cu-Hg-O|Ba2Cu1Hg1O4.081,Ba2Cu1Hg1O4.117-MP-mp-6562-synth_doped.cif,Ba2Cu1Hg1O4.117,82.0,V45,high,41,3,38,98.0
Ba-Cu-Hg-O|Ba2Cu1Hg1O4.081,Ba2Cu1Hg1O4.14-MP-mp-6562-synth_doped.cif,Ba2Cu1Hg1O4.14,0.0,V45,zero,41,3,38,98.0
Ba-Cu-Hg-O|Ba2Cu1Hg1O4.081,Ba2Cu1Hg1O4.15-MP-mp-6562-synth_doped.cif,Ba2Cu1Hg1O4.15,97.0,V45,high,41,3,38,98.0
Ba-Cu-Hg-O|Ba2Cu1Hg1O4.081,Ba2Cu1Hg1O4.16-MP-mp-6562-synth_doped.cif,Ba2Cu1Hg1O4.16,88.0,V45,high,41,3,38,98.0
Ba-Cu-Hg-O|Ba2Cu1Hg1O4.081,Ba2Cu1Hg1O4.162-MP-mp-6562-synth_doped.cif,Ba2Cu1Hg1O4.162,97.4,V45,high,41,3,38,98.0
Ba-Cu-Hg-O|Ba2Cu1Hg1O4.081,Ba2Cu1Hg1O4.17-MP-mp-6562-synth_doped.cif,Ba2Cu1Hg1O4.17,78.0,V45,high,41,3,38,98.0
Ba-Cu-Hg-O|Ba2Cu1Hg1O4.081,Ba2Cu1Hg1O4.18-MP-mp-6562-synth_doped.cif,Ba2Cu1Hg1O4.18,95.16,V45,high,41,3,38,98.0
Ba-Cu-Hg-O|Ba2Cu1Hg1O4.081,Ba2Cu1Hg1O4.2-MP-mp-6562-synth_doped.cif,Ba2Cu1Hg1O4.2,94.2,V45,high,41,3,38,98.0
Ba-Cu-Hg-O|Ba2Cu1Hg1O4.081,Ba2Cu1Hg1O4.21-MP-mp-6562-synth_doped.cif,Ba2Cu1Hg1O4.21,80.0,V45,high,41,3,38,98.0
Ba-Cu-Hg-O|Ba2Cu1Hg1O4.081,Ba2Cu1Hg1O4.22-MP-mp-6562-synth_doped.cif,Ba2Cu1Hg1O4.22,97.0,V45,high,41,3,38,98.0
Ba-Cu-Hg-O|Ba2Cu1Hg1O4.081,Ba2Cu1Hg1O4.28-MP-mp-6562-synth_doped.cif,Ba2Cu1Hg1O4.28,85.0,V45,high,41,3,38,98.0
Ba-Cu-Hg-O|Ba2Cu1Hg1O4.081,Ba2Cu1Hg1O4.3-MP-mp-6562-synth_doped.cif,Ba2Cu1Hg1O4.3,81.0,V45,high,41,3,38,98.0
Ba-Cu-Hg-O|Ba2Cu1Hg1O4.081,Ba2Cu1Hg1O4.31-MP-mp-6562-synth_doped.cif,Ba2Cu1Hg1O4.31,78.0,V45,high,41,3,38,98.0
Ba-Cu-Hg-O|Ba2Cu1Hg1O4.081,Ba2Cu1Hg1O4.32-MP-mp-6562-synth_doped.cif,Ba2Cu1Hg1O4.32,0.0,V45,zero,41,3,38,98.0
Ba-Cu-Hg-O|Ba2Cu1Hg1O4.081,Ba2Cu1Hg1O4.34-MP-mp-6562-synth_doped.cif,Ba2Cu1Hg1O4.34,59.0,V45,high,41,3,38,98.0
Ba-Cu-Hg-O|Ba2Cu1Hg1O4.081,Ba2Cu1Hg1O4.37-MP-mp-6562-synth_doped.cif,Ba2Cu1Hg1O4.37,37.5,V45,low,41,3,38,98.0
Ba-Cu-Hg-O|Ba2Cu1Hg1O4.081,Ba2Cu1Hg1O4.39-MP-mp-6562-synth_doped.cif,Ba2Cu1Hg1O4.39,24.2,V45,low,41,3,38,98.0
Ba-Cu-Hg-O|Ba2Cu1Hg1O4.081,Hg1Ba2Cu1O4.27-MP-mp-1228333.cif,Hg1Ba2Cu1O4.27,88.85,new,high,41,3,38,98.0
Ba-Cu-Er-O|Er1Ba2Cu3O6.85,Ba2Cu3Er1O7-MP-mp-622110.cif,Ba2Cu3Er1O7,92.03333333,V45,high,9,1,8,93.0
Ba-Cu-Er-O|Er1Ba2Cu3O6.85,Er1Ba2Cu3O6.95-MP-mp-622110.cif,Er1Ba2Cu3O6.95,45.45,new,low,9,1,8,93.0
Ba-Cu-Er-O|Er1Ba2Cu3O6.85,Er1Ba2Cu3O6.91-MP-mp-622110.cif,Er1Ba2Cu3O6.91,92.0,new,high,9,1,8,93.0
Ba-Cu-Er-O|Er1Ba2Cu3O6.85,Er1Ba2Cu3O6.92-MP-mp-622110.cif,Er1Ba2Cu3O6.92,90.5,new,high,9,1,8,93.0
Ba-Cu-Er-O|Er1Ba2Cu3O6.85,Er1Ba2.03Cu3.05O7-MP-mp-622110.cif,Er1Ba2.03Cu3.05O7,90.0,new,high,9,1,8,93.0
Ba-Cu-Er-O|Er1Ba2Cu3O6.85,Er1Ba2Cu3O6.88-MP-mp-622110.cif,Er1Ba2Cu3O6.88,0.0,new,zero,9,1,8,93.0
Ba-Cu-Er-O|Er1Ba2Cu3O6.85,Er1Ba2Cu3O6.85-MP-mp-622110.cif,Er1Ba2Cu3O6.85,93.0,new,high,9,1,8,93.0
Ba-Cu-Er-O|Er1Ba2Cu3O6.85,Er1Ba2Cu3O6.82-MP-mp-622110.cif,Er1Ba2Cu3O6.82,92.4,new,high,9,1,8,93.0
Ba-Cu-Er-O|Er1Ba2Cu3O6.85,Er1Ba2Cu3O6.78-MP-mp-1229210.cif,Er1Ba2Cu3O6.78,78.2,new,high,9,1,8,93.0
Ba-Cu-Er-O|Er1Ba2Cu3O6.31,Er1Ba2Cu3O6.31-MP-mp-1229210.cif,Er1Ba2Cu3O6.31,55.0,new,high,6,4,2,55.0
Ba-Cu-Er-O|Er1Ba2Cu3O6.31,Er1Ba2Cu3O6.25-MP-mp-1229210.cif,Er1Ba2Cu3O6.25,0.0,new,zero,6,4,2,55.0
Ba-Cu-Er-O|Er1Ba2Cu3O6.31,Er1Ba2Cu3O6.23-MP-mp-1229210.cif,Er1Ba2Cu3O6.23,0.0,new,zero,6,4,2,55.0
Ba-Cu-Er-O|Er1Ba2Cu3O6.31,Er1Ba2Cu3O6.16-MP-mp-1229210.cif,Er1Ba2Cu3O6.16,0.0,new,zero,6,4,2,55.0
Ba-Cu-Er-O|Er1Ba2Cu3O6.31,Er1Ba2Cu3O6.15-MP-mp-1229210.cif,Er1Ba2Cu3O6.15,35.0,new,high,6,4,2,55.0
Ba-Cu-Er-O|Er1Ba2Cu3O6.31,Er1Ba2Cu3O6.11-MP-mp-1229210.cif,Er1Ba2Cu3O6.11,0.0,new,zero,6,4,2,55.0
Ba-Cu-Eu-O-Pr|Ba2Cu3Eu0.6Pr0.4O7,Eu0.6Pr0.4Ba2Cu3O6.97-MP-mp-1228601.cif,Eu0.6Pr0.4Ba2Cu3O6.97,15.0,new,low,2,0,2,37.8
Ba-Cu-Eu-O-Pr|Ba2Cu3Eu0.6Pr0.4O7,Ba2Cu3Eu0.6Pr0.4O7-MP-mp-1228601-synth_doped.cif,Ba2Cu3Eu0.6Pr0.4O7,37.8,V45,high,2,0,2,37.8
Ba-Cu-F-O-Y|Y1Ba2Cu3F1.46O6,Y1Ba2Cu3F1.46O6-MP-icsd-63321.cif,Y1Ba2Cu3F1.46O6,55.0,new,high,2,1,1,55.0
Ba-Cu-F-O-Y|Y1Ba2Cu3F1.46O6,Y1Ba2Cu3F1.5O6-MP-icsd-63321.cif,Y1Ba2Cu3F1.5O6,0.0,new,zero,2,1,1,55.0
Ba-Cu-Nd-O-Pr|Nd0.8Pr0.2Ba2Cu3O6.81,Nd0.8Pr0.2Ba2Cu3O6.85-MP-mp-22719.cif,Nd0.8Pr0.2Ba2Cu3O6.85,30.2,new,high,3,0,3,50.0
Ba-Cu-Nd-O-Pr|Nd0.8Pr0.2Ba2Cu3O6.81,Nd0.8Pr0.2Ba2Cu3O6.81-MP-mp-22719.cif,Nd0.8Pr0.2Ba2Cu3O6.81,50.0,new,high,3,0,3,50.0
Ba-Cu-Nd-O-Pr|Nd0.8Pr0.2Ba2Cu3O6.81,Nd0.8Pr0.2Ba2Cu3O6.75-MP-mp-22719.cif,Nd0.8Pr0.2Ba2Cu3O6.75,9.8,new,low,3,0,3,50.0
Ba-Cu-Nd-O-Pr|Nd0.95Pr0.05Ba2Cu3O6.65,Nd0.95Pr0.05Ba2Cu3O6.65-MP-mp-22719.cif,Nd0.95Pr0.05Ba2Cu3O6.65,26.7,new,high,2,0,2,26.7
Ba-Cu-Nd-O-Pr|Nd0.95Pr0.05Ba2Cu3O6.65,Nd0.95Pr0.05Ba2Cu3O6.6-MP-mp-22719.cif,Nd0.95Pr0.05Ba2Cu3O6.6,4.1,new,low,2,0,2,26.7
Ba-Cu-O-Pr-Y|Y0.7Pr0.3Ba2Cu3O6.942,Ba2Cu3Pr0.3Y0.7O7-MP-mp-1228182-synth_doped.cif,Ba2Cu3Pr0.3Y0.7O7,56.8925,V45,high,5,0,5,60.6
Ba-Cu-O-Pr-Y|Y0.7Pr0.3Ba2Cu3O6.942,Y0.7Pr0.3Ba2Cu3O6.942-MP-mp-1228958.cif,Y0.7Pr0.3Ba2Cu3O6.942,60.6,new,high,5,0,5,60.6
Ba-Cu-O-Pr-Y|Y0.7Pr0.3Ba2Cu3O6.942,Y0.7Pr0.3Ba2Cu3O6.88-MP-mp-1228989.cif,Y0.7Pr0.3Ba2Cu3O6.88,47.5,new,high,5,0,5,60.6
Ba-Cu-O-Pr-Y|Y0.7Pr0.3Ba2Cu3O6.942,Y0.7Pr0.3Ba2Cu3O6.85-MP-mp-1228989.cif,Y0.7Pr0.3Ba2Cu3O6.85,27.4,new,low,5,0,5,60.6
Ba-Cu-O-Pr-Y|Y0.7Pr0.3Ba2Cu3O6.942,Y0.7Pr0.3Ba2Cu3O6.965-MP-mp-1228989.cif,Y0.7Pr0.3Ba2Cu3O6.965,57.0,new,high,5,0,5,60.6
Ba-Cu-O-Pr-Y|Y0.6Pr0.4Ba2Cu3O6.88,Y0.6Pr0.4Ba2Cu3O6.8-MP-mp-1228182.cif,Y0.6Pr0.4Ba2Cu3O6.8,33.9,new,high,10,0,10,47.0
Ba-Cu-O-Pr-Y|Y0.6Pr0.4Ba2Cu3O6.88,Y0.6Pr0.4Ba2Cu3O6.98-MP-mp-1228182.cif,Y0.6Pr0.4Ba2Cu3O6.98,44.1,new,high,10,0,10,47.0
Ba-Cu-O-Pr-Y|Y0.6Pr0.4Ba2Cu3O6.88,Ba2Cu3Pr0.43Y0.57O7-MP-mp-1228182-synth_doped.cif,Ba2Cu3Pr0.43Y0.57O7,22.0,V45,low,10,0,10,47.0
Ba-Cu-O-Pr-Y|Y0.6Pr0.4Ba2Cu3O6.88,Y0.55Pr0.45Ba2Cu3O6.98-MP-mp-1228182.cif,Y0.55Pr0.45Ba2Cu3O6.98,33.6,new,high,10,0,10,47.0
Ba-Cu-O-Pr-Y|Y0.6Pr0.4Ba2Cu3O6.88,Y0.55Pr0.45Ba2Cu3O7.01-MP-icsd-63321.cif,Y0.55Pr0.45Ba2Cu3O7.01,29.2,new,high,10,0,10,47.0
Ba-Cu-O-Pr-Y|Y0.6Pr0.4Ba2Cu3O6.88,Y0.6Pr0.4Ba2Cu3O6.929-MP-mp-1228182.cif,Y0.6Pr0.4Ba2Cu3O6.929,45.05,new,high,10,0,10,47.0
Ba-Cu-O-Pr-Y|Y0.6Pr0.4Ba2Cu3O6.88,Y0.6Pr0.4Ba2Cu3O6.88-MP-mp-1228182.cif,Y0.6Pr0.4Ba2Cu3O6.88,47.0,new,high,10,0,10,47.0
Ba-Cu-O-Pr-Y|Y0.6Pr0.4Ba2Cu3O6.88,Y0.6Pr0.4Ba2Cu3O6.9-MP-mp-1228182.cif,Y0.6Pr0.4Ba2Cu3O6.9,32.0,new,high,10,0,10,47.0
Ba-Cu-O-Pr-Y|Y0.6Pr0.4Ba2Cu3O6.88,Y0.6Pr0.4Ba2Cu3O6.85-MP-mp-1228182.cif,Y0.6Pr0.4Ba2Cu3O6.85,27.8,new,high,10,0,10,47.0
Ba-Cu-O-Pr-Y|Y0.6Pr0.4Ba2Cu3O6.88,Y0.6Pr0.4Ba2Cu3O6.97-MP-mp-1228182.cif,Y0.6Pr0.4Ba2Cu3O6.97,35.0,new,high,10,0,10,47.0
Ba-Cu-O-Pr-Y|Ba2Cu3Pr0.5Y0.5O7,Y0.4Pr0.6Ba2Cu3O6.96-MP-mp-1228182.cif,Y0.4Pr0.6Ba2Cu3O6.96,0.0,new,zero,15,8,7,25.93
Ba-Cu-O-Pr-Y|Ba2Cu3Pr0.5Y0.5O7,Ba2Cu3Pr0.55Y0.45O7-MP-mp-1228182-synth_doped.cif,Ba2Cu3Pr0.55Y0.45O7,0.0,V45,zero,15,8,7,25.93
Ba-Cu-O-Pr-Y|Ba2Cu3Pr0.5Y0.5O7,Y0.5Pr0.5Ba2Cu3O6.98-MP-mp-1228182.cif,Y0.5Pr0.5Ba2Cu3O6.98,21.9,new,high,15,8,7,25.93
Ba-Cu-O-Pr-Y|Ba2Cu3Pr0.5Y0.5O7,Ba2Cu3Pr0.6Y0.4O7-MP-mp-1228182-synth_doped.cif,Ba2Cu3Pr0.6Y0.4O7,0.0,V45,zero,15,8,7,25.93
Ba-Cu-O-Pr-Y|Ba2Cu3Pr0.5Y0.5O7,Ba2Cu3Pr0.5Y0.5O7-MP-mp-1228182.cif,Ba2Cu3Pr0.5Y0.5O7,25.93,V45,high,15,8,7,25.93
Ba-Cu-O-Pr-Y|Ba2Cu3Pr0.5Y0.5O7,Y0.45Pr0.55Ba2Cu3O6.953-MP-mp-1228182.cif,Y0.45Pr0.55Ba2Cu3O6.953,14.4,new,high,15,8,7,25.93
Ba-Cu-O-Pr-Y|Ba2Cu3Pr0.5Y0.5O7,Y0.4Pr0.6Ba2Cu3O6.95-MP-mp-1228182.cif,Y0.4Pr0.6Ba2Cu3O6.95,9.0,new,low,15,8,7,25.93
Ba-Cu-O-Pr-Y|Ba2Cu3Pr0.5Y0.5O7,Y0.4Pr0.6Ba2Cu3O7.03-MP-icsd-63321.cif,Y0.4Pr0.6Ba2Cu3O7.03,0.0,new,zero,15,8,7,25.93
Ba-Cu-O-Pr-Y|Ba2Cu3Pr0.5Y0.5O7,Y0.5Pr0.5Ba2Cu3O7.01-MP-mp-1229245.cif,Y0.5Pr0.5Ba2Cu3O7.01,0.0,new,zero,15,8,7,25.93
Ba-Cu-O-Pr-Y|Ba2Cu3Pr0.5Y0.5O7,Y0.44Pr0.56Ba2Cu3O6.93-MP-mp-1228182.cif,Y0.44Pr0.56Ba2Cu3O6.93,2.1,new,low,15,8,7,25.93
Ba-Cu-O-Pr-Y|Ba2Cu3Pr0.5Y0.5O7,Y0.42Pr0.58Ba2Cu3O6.94-MP-mp-1228182.cif,Y0.42Pr0.58Ba2Cu3O6.94,0.0,new,zero,15,8,7,25.93
Ba-Cu-O-Pr-Y|Ba2Cu3Pr0.5Y0.5O7,Y0.4Pr0.6Ba2Cu3O6.92-MP-mp-1228182.cif,Y0.4Pr0.6Ba2Cu3O6.92,0.0,new,zero,15,8,7,25.93
Ba-Cu-O-Pr-Y|Ba2Cu3Pr0.5Y0.5O7,Y0.5Pr0.5Ba2Cu3O6.96-MP-mp-1228182.cif,Y0.5Pr0.5Ba2Cu3O6.96,11.0,new,low,15,8,7,25.93
Ba-Cu-O-Pr-Y|Ba2Cu3Pr0.5Y0.5O7,Y0.4Pr0.6Ba2Cu3O6.85-MP-mp-1228182.cif,Y0.4Pr0.6Ba2Cu3O6.85,0.0,new,zero,15,8,7,25.93
Ba-Cu-O-Pr-Y|Ba2Cu3Pr0.5Y0.5O7,Y0.47Pr0.53Ba2Cu3O6.96-MP-mp-1228182.cif,Y0.47Pr0.53Ba2Cu3O6.96,13.5,new,high,15,8,7,25.93
Ba-Cu-O-Pr-Y|Y0.5Pr0.5Ba2Cu3O6.68,Y0.5Pr0.5Ba2Cu3O6.8-MP-mp-1228182.cif,Y0.5Pr0.5Ba2Cu3O6.8,0.0,new,zero,8,1,7,27.1
Ba-Cu-O-Pr-Y|Y0.5Pr0.5Ba2Cu3O6.68,Y0.5Pr0.5Ba2Cu3O6.76-MP-mp-1228182.cif,Y0.5Pr0.5Ba2Cu3O6.76,4.0,new,low,8,1,7,27.1
Ba-Cu-O-Pr-Y|Y0.5Pr0.5Ba2Cu3O6.68,Y0.5Pr0.5Ba2Cu3O6.71-MP-mp-1228182.cif,Y0.5Pr0.5Ba2Cu3O6.71,4.0,new,low,8,1,7,27.1
Ba-Cu-O-Pr-Y|Y0.5Pr0.5Ba2Cu3O6.68,Y0.5Pr0.5Ba2Cu3O6.85-MP-mp-1228182.cif,Y0.5Pr0.5Ba2Cu3O6.85,4.0,new,low,8,1,7,27.1
Ba-Cu-O-Pr-Y|Y0.5Pr0.5Ba2Cu3O6.68,Y0.5Pr0.5Ba2Cu3O6.66-MP-mp-1228182.cif,Y0.5Pr0.5Ba2Cu3O6.66,3.5,new,low,8,1,7,27.1
Ba-Cu-O-Pr-Y|Y0.5Pr0.5Ba2Cu3O6.68,Y0.5Pr0.5Ba2Cu3O6.65-MP-mp-1228182.cif,Y0.5Pr0.5Ba2Cu3O6.65,18.7,new,high,8,1,7,27.1
Ba-Cu-O-Pr-Y|Y0.5Pr0.5Ba2Cu3O6.68,Y0.5Pr0.5Ba2Cu3O6.68-MP-mp-1228182.cif,Y0.5Pr0.5Ba2Cu3O6.68,27.1,new,high,8,1,7,27.1
Ba-Cu-O-Pr-Y|Y0.5Pr0.5Ba2Cu3O6.68,Y0.5Pr0.5Ba2Cu3O6.61-MP-mp-1228182.cif,Y0.5Pr0.5Ba2Cu3O6.61,4.6,new,low,8,1,7,27.1
Ba-Cu-O-Pr-Y|Y0.6Pr0.4Ba2Cu3O6.65,Y0.6Pr0.4Ba2Cu3O6.65-MP-mp-1228182.cif,Y0.6Pr0.4Ba2Cu3O6.65,31.7,new,high,2,0,2,31.7
Ba-Cu-O-Pr-Y|Y0.6Pr0.4Ba2Cu3O6.65,Y0.6Pr0.4Ba2Cu3O6.61-MP-mp-1228182.cif,Y0.6Pr0.4Ba2Cu3O6.61,13.0,new,low,2,0,2,31.7
Ba-Cu-O-Pr-Y|Y0.6Pr0.4Ba2Cu3O6.53,Y0.6Pr0.4Ba2Cu3O6.53-MP-mp-1228182.cif,Y0.6Pr0.4Ba2Cu3O6.53,15.0,new,high,3,1,2,15.0
Ba-Cu-O-Pr-Y|Y0.6Pr0.4Ba2Cu3O6.53,Y0.6Pr0.4Ba2Cu3O6.5-MP-mp-1228182.cif,Y0.6Pr0.4Ba2Cu3O6.5,14.9,new,high,3,1,2,15.0
Ba-Cu-O-Pr-Y|Y0.6Pr0.4Ba2Cu3O6.53,Y0.6Pr0.4Ba2Cu3O6.45-MP-mp-1229245.cif,Y0.6Pr0.4Ba2Cu3O6.45,0.0,new,zero,3,1,2,15.0
Ba-Cu-O-Tm|Tm1Ba2Cu3O6.49,Tm1Ba2Cu3O6.49-MP-mp-1228146.cif,Tm1Ba2Cu3O6.49,50.0,new,high,4,1,3,50.0
Ba-Cu-O-Tm|Tm1Ba2Cu3O6.49,Tm1Ba2Cu3O6.44-MP-mp-1228146.cif,Tm1Ba2Cu3O6.44,28.0,new,high,4,1,3,50.0
Ba-Cu-O-Tm|Tm1Ba2Cu3O6.49,Tm1Ba2Cu3O6.41-MP-mp-1228146.cif,Tm1Ba2Cu3O6.41,19.0,new,low,4,1,3,50.0
Ba-Cu-O-Tm|Tm1Ba2Cu3O6.49,Tm1Ba2Cu3O6.37-MP-mp-1228146.cif,Tm1Ba2Cu3O6.37,0.0,new,zero,4,1,3,50.0
Ba-Cu-O-Y-Zn|Y1Ba2Cu3.7Zn0.3O8,Y1Ba2Cu3.7Zn0.3O8-MP-mp-6790.cif,Y1Ba2Cu3.7Zn0.3O8,22.5,new,high,2,1,1,22.5
Ba-Cu-O-Y-Zn|Y1Ba2Cu3.7Zn0.3O8,Y1Ba2Cu3.72Zn0.28O8-MP-mp-6790.cif,Y1Ba2Cu3.72Zn0.28O8,0.0,new,zero,2,1,1,22.5
Ba-Cu-O-Y-Zn|Y1Ba2Cu3.84Zn0.16O8,Y1Ba2Cu3.84Zn0.16O8-MP-mp-6790.cif,Y1Ba2Cu3.84Zn0.16O8,31.5,new,high,2,1,1,31.5
Ba-Cu-O-Y-Zn|Y1Ba2Cu3.84Zn0.16O8,Y1Ba2Cu3.85Zn0.15O8-MP-mp-6790.cif,Y1Ba2Cu3.85Zn0.15O8,0.0,new,zero,2,1,1,31.5
Ba-Cu-O-Y-Zn|Y1Ba2Cu3.99Zn0.01O8,Y1Ba2Cu3.928Zn0.072O8-MP-mp-6790.cif,Y1Ba2Cu3.928Zn0.072O8,30.1,new,low,8,0,8,73.3
Ba-Cu-O-Y-Zn|Y1Ba2Cu3.99Zn0.01O8,Y1Ba2Cu3.95Zn0.05O8-MP-mp-6790.cif,Y1Ba2Cu3.95Zn0.05O8,47.25,new,high,8,0,8,73.3
Ba-Cu-O-Y-Zn|Y1Ba2Cu3.99Zn0.01O8,Y1Ba2Cu3.938Zn0.062O8-MP-mp-6790.cif,Y1Ba2Cu3.938Zn0.062O8,43.3,new,high,8,0,8,73.3
Ba-Cu-O-Y-Zn|Y1Ba2Cu3.99Zn0.01O8,Y1Ba2Cu3.956Zn0.044O8-MP-mp-6790.cif,Y1Ba2Cu3.956Zn0.044O8,56.8,new,high,8,0,8,73.3
Ba-Cu-O-Y-Zn|Y1Ba2Cu3.99Zn0.01O8,Y1Ba2Cu3.96Zn0.06O8-MP-mp-6790.cif,Y1Ba2Cu3.96Zn0.06O8,50.1,new,high,8,0,8,73.3
Ba-Cu-O-Y-Zn|Y1Ba2Cu3.99Zn0.01O8,Y1Ba2Cu3.972Zn0.028O8-MP-mp-6790.cif,Y1Ba2Cu3.972Zn0.028O8,63.0,new,high,8,0,8,73.3
Ba-Cu-O-Y-Zn|Y1Ba2Cu3.99Zn0.01O8,Y1Ba2Cu3.99Zn0.01O8-MP-mp-6790.cif,Y1Ba2Cu3.99Zn0.01O8,73.3,new,high,8,0,8,73.3
Ba-Cu-O-Y-Zn|Y1Ba2Cu3.99Zn0.01O8,Y1Ba2Cu3.985Zn0.015O7.95-MP-mp-6790.cif,Y1Ba2Cu3.985Zn0.015O7.95,70.0,new,high,8,0,8,73.3
Ba-Cu-O-Y-Zn|Y1Ba2Cu2.7Zn0.3O6.92,Y1Ba2Cu2.7Zn0.3O6.89-MP-mp-20674.cif,Y1Ba2Cu2.7Zn0.3O6.89,0.0,new,zero,5,4,1,47.2
Ba-Cu-O-Y-Zn|Y1Ba2Cu2.7Zn0.3O6.92,Y1Ba2Cu2.7Zn0.3O6.92-MP-mp-20674.cif,Y1Ba2Cu2.7Zn0.3O6.92,47.2,new,high,5,4,1,47.2
Ba-Cu-O-Y-Zn|Y1Ba2Cu2.7Zn0.3O6.92,Y1Ba2Cu2.7Zn0.3O6.97-MP-mp-20674.cif,Y1Ba2Cu2.7Zn0.3O6.97,0.0,new,zero,5,4,1,47.2
Ba-Cu-O-Y-Zn|Y1Ba2Cu2.7Zn0.3O6.92,Y1Ba2Cu2.73Zn0.27O7-MP-mp-20674.cif,Y1Ba2Cu2.73Zn0.27O7,0.0,new,zero,5,4,1,47.2
Ba-Cu-O-Y-Zn|Y1Ba2Cu2.7Zn0.3O6.92,Y1Ba2Cu2.7Zn0.3O6.85-MP-mp-20674.cif,Y1Ba2Cu2.7Zn0.3O6.85,0.0,new,zero,5,4,1,47.2
Ba-Cu-O-Y-Zn|Y1Ba2Cu2.9955Zn0.0045O6.95,Y1Ba2Cu2.79Zn0.21O6.97-MP-mp-20674.cif,Y1Ba2Cu2.79Zn0.21O6.97,17.1,new,low,99,21,78,90.0
Ba-Cu-O-Y-Zn|Y1Ba2Cu2.9955Zn0.0045O6.95,Y1Ba2Cu2.88Zn0.12O6.95-MP-mp-20674.cif,Y1Ba2Cu2.88Zn0.12O6.95,64.0,new,high,99,21,78,90.0
Ba-Cu-O-Y-Zn|Y1Ba2Cu2.9955Zn0.0045O6.95,Y1Ba2Cu2.88Zn0.12O7-MP-mp-20674.cif,Y1Ba2Cu2.88Zn0.12O7,49.80666667,new,high,99,21,78,90.0
Ba-Cu-O-Y-Zn|Y1Ba2Cu2.9955Zn0.0045O6.95,Y1Ba2Cu2.9Zn0.1O7-MP-mp-20674.cif,Y1Ba2Cu2.9Zn0.1O7,47.5,new,high,99,21,78,90.0
Ba-Cu-O-Y-Zn|Y1Ba2Cu2.9955Zn0.0045O6.95,Y1Ba2Cu2.91Zn0.09O6.95-MP-mp-20674.cif,Y1Ba2Cu2.91Zn0.09O6.95,56.0,new,high,99,21,78,90.0
Ba-Cu-O-Y-Zn|Y1Ba2Cu2.9955Zn0.0045O6.95,Y1Ba2Cu2.94Zn0.06O6.97-MP-mp-20674.cif,Y1Ba2Cu2.94Zn0.06O6.97,67.6,new,high,99,21,78,90.0
Ba-Cu-O-Y-Zn|Y1Ba2Cu2.9955Zn0.0045O6.95,Y1Ba2Cu2.955Zn0.045O7-MP-mp-20674.cif,Y1Ba2Cu2.955Zn0.045O7,70.1,new,high,99,21,78,90.0
Ba-Cu-O-Y-Zn|Y1Ba2Cu2.9955Zn0.0045O6.95,Y1Ba2Cu2.97Zn0.03O6.97-MP-mp-20674.cif,Y1Ba2Cu2.97Zn0.03O6.97,80.05,new,high,99,21,78,90.0
Ba-Cu-O-Y-Zn|Y1Ba2Cu2.9955Zn0.0045O6.95,Y1Ba2Cu2.98Zn0.02O7-MP-mp-20674.cif,Y1Ba2Cu2.98Zn0.02O7,80.2,new,high,99,21,78,90.0
Ba-Cu-O-Y-Zn|Y1Ba2Cu2.9955Zn0.0045O6.95,Y1Ba2Cu2.85Zn0.15O6.97-MP-mp-20674.cif,Y1Ba2Cu2.85Zn0.15O6.97,39.1,new,low,99,21,78,90.0
Ba-Cu-O-Y-Zn|Y1Ba2Cu2.9955Zn0.0045O6.95,Y1Ba2Cu2.9955Zn0.0045O6.95-MP-mp-20674.cif,Y1Ba2Cu2.9955Zn0.0045O6.95,90.0,new,high,99,21,78,90.0
Ba-Cu-O-Y-Zn|Y1Ba2Cu2.9955Zn0.0045O6.95,Y1Ba2Cu2.985Zn0.015O6.95-MP-mp-20674.cif,Y1Ba2Cu2.985Zn0.015O6.95,87.0,new,high,99,21,78,90.0
Ba-Cu-O-Y-Zn|Y1Ba2Cu2.9955Zn0.0045O6.95,Y1Ba2Cu2.993Zn0.007O7-MP-mp-20674.cif,Y1Ba2Cu2.993Zn0.007O7,85.25,new,high,99,21,78,90.0
Ba-Cu-O-Y-Zn|Y1Ba2Cu2.9955Zn0.0045O6.95,Y1Ba2Cu2.775Zn0.225O6.93-MP-mp-20674.cif,Y1Ba2Cu2.775Zn0.225O6.93,25.0,new,low,99,21,78,90.0
Ba-Cu-O-Y-Zn|Y1Ba2Cu2.9955Zn0.0045O6.95,Y1Ba2Cu2.79Zn0.21O6.9-MP-mp-20674.cif,Y1Ba2Cu2.79Zn0.21O6.9,0.0,new,zero,99,21,78,90.0
Ba-Cu-O-Y-Zn|Y1Ba2Cu2.9955Zn0.0045O6.95,Y1Ba2Cu2.826Zn0.174O6.89-MP-mp-20674.cif,Y1Ba2Cu2.826Zn0.174O6.89,0.0,new,zero,99,21,78,90.0
Ba-Cu-O-Y-Zn|Y1Ba2Cu2.9955Zn0.0045O6.95,Y1Ba2Cu2.883Zn0.117O6.9-MP-mp-20674.cif,Y1Ba2Cu2.883Zn0.117O6.9,0.0,new,zero,99,21,78,90.0
Ba-Cu-O-Y-Zn|Y1Ba2Cu2.9955Zn0.0045O6.95,Y1Ba2Cu2.88Zn0.12O6.92-MP-mp-20674.cif,Y1Ba2Cu2.88Zn0.12O6.92,53.0,new,high,99,21,78,90.0
Ba-Cu-O-Y-Zn|Y1Ba2Cu2.9955Zn0.0045O6.95,Y1Ba2Cu2.9Zn0.1O6.94-MP-mp-20674.cif,Y1Ba2Cu2.9Zn0.1O6.94,39.975,new,low,99,21,78,90.0
Ba-Cu-O-Y-Zn|Y1Ba2Cu2.9955Zn0.0045O6.95,Y1Ba2Cu2.9Zn0.1O6.88-MP-mp-20674.cif,Y1Ba2Cu2.9Zn0.1O6.88,4.3,new,low,99,21,78,90.0
Ba-Cu-O-Y-Zn|Y1Ba2Cu2.9955Zn0.0045O6.95,Y1Ba2Cu2.91Zn0.09O6.93-MP-mp-20674.cif,Y1Ba2Cu2.91Zn0.09O6.93,55.0,new,high,99,21,78,90.0
Ba-Cu-O-Y-Zn|Y1Ba2Cu2.9955Zn0.0045O6.95,Y1Ba2Cu2.91Zn0.09O6.9-MP-mp-20674.cif,Y1Ba2Cu2.91Zn0.09O6.9,74.6,new,high,99,21,78,90.0
Ba-Cu-O-Y-Zn|Y1Ba2Cu2.9955Zn0.0045O6.95,Y1Ba2Cu2.925Zn0.075O6.94-MP-mp-20674.cif,Y1Ba2Cu2.925Zn0.075O6.94,65.0,new,high,99,21,78,90.0
Ba-Cu-O-Y-Zn|Y1Ba2Cu2.9955Zn0.0045O6.95,Y1Ba2Cu2.94Zn0.06O6.93-MP-mp-20674.cif,Y1Ba2Cu2.94Zn0.06O6.93,75.0,new,high,99,21,78,90.0
Ba-Cu-O-Y-Zn|Y1Ba2Cu2.9955Zn0.0045O6.95,Y1Ba2Cu2.94Zn0.06O6.91-MP-mp-20674.cif,Y1Ba2Cu2.94Zn0.06O6.91,0.0,new,zero,99,21,78,90.0
Ba-Cu-O-Y-Zn|Y1Ba2Cu2.9955Zn0.0045O6.95,Y1Ba2Cu2.95Zn0.05O6.94-MP-mp-20674.cif,Y1Ba2Cu2.95Zn0.05O6.94,73.9,new,high,99,21,78,90.0
Ba-Cu-O-Y-Zn|Y1Ba2Cu2.9955Zn0.0045O6.95,Y1Ba2Cu2.841Zn0.159O6.89-MP-mp-20674.cif,Y1Ba2Cu2.841Zn0.159O6.89,0.0,new,zero,99,21,78,90.0
Ba-Cu-O-Y-Zn|Y1Ba2Cu2.9955Zn0.0045O6.95,Y1Ba2Cu2.982Zn0.018O6.9-MP-mp-20674.cif,Y1Ba2Cu2.982Zn0.018O6.9,89.2,new,high,99,21,78,90.0
Ba-Cu-O-Y-Zn|Y1Ba2Cu2.9955Zn0.0045O6.95,Y1Ba2Cu2.9925Zn0.0075O6.92-MP-mp-20674.cif,Y1Ba2Cu2.9925Zn0.0075O6.92,88.0,new,high,99,21,78,90.0
Ba-Cu-O-Y-Zn|Y1Ba2Cu2.9955Zn0.0045O6.95,Y1Ba2Cu2.97Zn0.03O6.9-MP-mp-20674.cif,Y1Ba2Cu2.97Zn0.03O6.9,81.0,new,high,99,21,78,90.0
Ba-Cu-O-Y-Zn|Y1Ba2Cu2.9955Zn0.0045O6.95,Y1Ba2Cu2.97Zn0.03O6.93-MP-mp-20674.cif,Y1Ba2Cu2.97Zn0.03O6.93,82.8,new,high,99,21,78,90.0
Ba-Cu-O-Y-Zn|Y1Ba2Cu2.9955Zn0.0045O6.95,Y1Ba2Cu2.79Zn0.21O6.81-MP-mp-20674.cif,Y1Ba2Cu2.79Zn0.21O6.81,0.0,new,zero,99,21,78,90.0
Ba-Cu-O-Y-Zn|Y1Ba2Cu2.9955Zn0.0045O6.95,Y1Ba2Cu2.8Zn0.2O6.85-MP-mp-20674.cif,Y1Ba2Cu2.8Zn0.2O6.85,30.69,new,low,99,21,78,90.0
Ba-Cu-O-Y-Zn|Y1Ba2Cu2.9955Zn0.0045O6.95,Y1Ba2Cu2.8Zn0.2O6.79-MP-mp-1228903.cif,Y1Ba2Cu2.8Zn0.2O6.79,45.0,new,high,99,21,78,90.0
Ba-Cu-O-Y-Zn|Y1Ba2Cu2.9955Zn0.0045O6.95,Y1Ba2Cu2.85Zn0.15O6.85-MP-mp-20674.cif,Y1Ba2Cu2.85Zn0.15O6.85,47.6,new,high,99,21,78,90.0
Ba-Cu-O-Y-Zn|Y1Ba2Cu2.9955Zn0.0045O6.95,Y1Ba2Cu2.9Zn0.1O6.81-MP-mp-20674.cif,Y1Ba2Cu2.9Zn0.1O6.81,27.5,new,low,99,21,78,90.0
Ba-Cu-O-Y-Zn|Y1Ba2Cu2.9955Zn0.0045O6.95,Y1Ba2Cu2.9Zn0.1O6.85-MP-mp-20674.cif,Y1Ba2Cu2.9Zn0.1O6.85,50.08,new,high,99,21,78,90.0
Ba-Cu-O-Y-Zn|Y1Ba2Cu2.9955Zn0.0045O6.95,Y1Ba2Cu2.91Zn0.09O6.83-MP-mp-20674.cif,Y1Ba2Cu2.91Zn0.09O6.83,45.0,new,high,99,21,78,90.0
Ba-Cu-O-Y-Zn|Y1Ba2Cu2.9955Zn0.0045O6.95,Y1Ba2Cu2.919Zn0.081O6.8-MP-mp-1228903.cif,Y1Ba2Cu2.919Zn0.081O6.8,24.0,new,low,99,21,78,90.0
Ba-Cu-O-Y-Zn|Y1Ba2Cu2.9955Zn0.0045O6.95,Y1Ba2Cu2.919Zn0.081O6.83-MP-mp-20674.cif,Y1Ba2Cu2.919Zn0.081O6.83,28.0,new,low,99,21,78,90.0
Ba-Cu-O-Y-Zn|Y1Ba2Cu2.9955Zn0.0045O6.95,Y1Ba2Cu2.925Zn0.075O6.85-MP-mp-20674.cif,Y1Ba2Cu2.925Zn0.075O6.85,63.6,new,high,99,21,78,90.0
Ba-Cu-O-Y-Zn|Y1Ba2Cu2.9955Zn0.0045O6.95,Y1Ba2Cu2.94Zn0.06O6.83-MP-mp-20674.cif,Y1Ba2Cu2.94Zn0.06O6.83,55.0,new,high,99,21,78,90.0
Ba-Cu-O-Y-Zn|Y1Ba2Cu2.9955Zn0.0045O6.95,Y1Ba2Cu2.94Zn0.06O6.84-MP-mp-20674.cif,Y1Ba2Cu2.94Zn0.06O6.84,60.8,new,high,99,21,78,90.0
Ba-Cu-O-Y-Zn|Y1Ba2Cu2.9955Zn0.0045O6.95,Y1Ba2Cu2.97Zn0.03O6.85-MP-mp-20674.cif,Y1Ba2Cu2.97Zn0.03O6.85,77.0,new,high,99,21,78,90.0
Ba-Cu-O-Y-Zn|Y1Ba2Cu2.9955Zn0.0045O6.95,Y1Ba2Cu2.961Zn0.039O6.78-MP-mp-1228903.cif,Y1Ba2Cu2.961Zn0.039O6.78,42.9,new,low,99,21,78,90.0
Ba-Cu-O-Y-Zn|Y1Ba2Cu2.9955Zn0.0045O6.95,Y1Ba2Cu2.975Zn0.025O6.85-MP-mp-20674.cif,Y1Ba2Cu2.975Zn0.025O6.85,72.85,new,high,99,21,78,90.0
Ba-Cu-O-Y-Zn|Y1Ba2Cu2.9955Zn0.0045O6.95,Y1Ba2Cu2.982Zn0.018O6.78-MP-mp-1228903.cif,Y1Ba2Cu2.982Zn0.018O6.78,56.0,new,high,99,21,78,90.0
Ba-Cu-O-Y-Zn|Y1Ba2Cu2.9955Zn0.0045O6.95,Y1Ba2Cu2.95Zn0.05O6.8-MP-mp-1228903.cif,Y1Ba2Cu2.95Zn0.05O6.8,60.0,new,high,99,21,78,90.0
Ba-Cu-O-Y-Zn|Y1Ba2Cu2.9955Zn0.0045O6.95,Y1Ba2Cu2.95Zn0.05O6.85-MP-mp-20674.cif,Y1Ba2Cu2.95Zn0.05O6.85,66.19,new,high,99,21,78,90.0
Ba-Cu-O-Y-Zn|Y1Ba2Cu2.9955Zn0.0045O6.95,Y1Ba2Cu2.79Zn0.21O6.74-MP-mp-1228425.cif,Y1Ba2Cu2.79Zn0.21O6.74,0.0,new,zero,99,21,78,90.0
Ba-Cu-O-Y-Zn|Y1Ba2Cu2.9955Zn0.0045O6.95,Y1Ba2Cu2.79Zn0.21O6.76-MP-mp-1228903.cif,Y1Ba2Cu2.79Zn0.21O6.76,0.0,new,zero,99,21,78,90.0
Ba-Cu-O-Y-Zn|Y1Ba2Cu2.9955Zn0.0045O6.95,Y1Ba2Cu2.91Zn0.09O6.75-MP-mp-1228425.cif,Y1Ba2Cu2.91Zn0.09O6.75,23.0,new,low,99,21,78,90.0
Ba-Cu-O-Y-Zn|Y1Ba2Cu2.9955Zn0.0045O6.95,Y1Ba2Cu2.91Zn0.09O6.77-MP-mp-1228903.cif,Y1Ba2Cu2.91Zn0.09O6.77,30.0,new,low,99,21,78,90.0
Ba-Cu-O-Y-Zn|Y1Ba2Cu2.9955Zn0.0045O6.95,Y1Ba2Cu2.91Zn0.09O6.7-MP-mp-1228425.cif,Y1Ba2Cu2.91Zn0.09O6.7,20.0,new,low,99,21,78,90.0
Ba-Cu-O-Y-Zn|Y1Ba2Cu2.9955Zn0.0045O6.95,Y1Ba2Cu2.919Zn0.081O6.75-MP-mp-1228425.cif,Y1Ba2Cu2.919Zn0.081O6.75,20.0,new,low,99,21,78,90.0
Ba-Cu-O-Y-Zn|Y1Ba2Cu2.9955Zn0.0045O6.95,Y1Ba2Cu2.91Zn0.09O6.73-MP-mp-1228425.cif,Y1Ba2Cu2.91Zn0.09O6.73,25.0,new,low,99,21,78,90.0
Ba-Cu-O-Y-Zn|Y1Ba2Cu2.9955Zn0.0045O6.95,Y1Ba2Cu2.79Zn0.21O6.7-MP-mp-1228425.cif,Y1Ba2Cu2.79Zn0.21O6.7,0.0,new,zero,99,21,78,90.0
Ba-Cu-O-Y-Zn|Y1Ba2Cu2.9955Zn0.0045O6.95,Y1Ba2Cu2.931Zn0.069O6.7-MP-mp-1228425.cif,Y1Ba2Cu2.931Zn0.069O6.7,25.5,new,low,99,21,78,90.0
Ba-Cu-O-Y-Zn|Y1Ba2Cu2.9955Zn0.0045O6.95,Y1Ba2Cu2.95Zn0.05O6.75-MP-mp-1228425.cif,Y1Ba2Cu2.95Zn0.05O6.75,48.0,new,high,99,21,78,90.0
Ba-Cu-O-Y-Zn|Y1Ba2Cu2.9955Zn0.0045O6.95,Y1Ba2Cu2.94Zn0.06O6.75-MP-mp-1228425.cif,Y1Ba2Cu2.94Zn0.06O6.75,37.0,new,low,99,21,78,90.0
Ba-Cu-O-Y-Zn|Y1Ba2Cu2.9955Zn0.0045O6.95,Y1Ba2Cu2.94Zn0.06O6.73-MP-mp-1228425.cif,Y1Ba2Cu2.94Zn0.06O6.73,35.0,new,low,99,21,78,90.0
Ba-Cu-O-Y-Zn|Y1Ba2Cu2.9955Zn0.0045O6.95,Y1Ba2Cu2.95Zn0.05O6.72-MP-mp-1228425.cif,Y1Ba2Cu2.95Zn0.05O6.72,30.0,new,low,99,21,78,90.0
Ba-Cu-O-Y-Zn|Y1Ba2Cu2.9955Zn0.0045O6.95,Y1Ba2Cu2.961Zn0.039O6.7-MP-mp-1228425.cif,Y1Ba2Cu2.961Zn0.039O6.7,38.0,new,low,99,21,78,90.0
Ba-Cu-O-Y-Zn|Y1Ba2Cu2.9955Zn0.0045O6.95,Y1Ba2Cu2.97Zn0.03O6.75-MP-mp-1228425.cif,Y1Ba2Cu2.97Zn0.03O6.75,58.0,new,high,99,21,78,90.0
Ba-Cu-O-Y-Zn|Y1Ba2Cu2.9955Zn0.0045O6.95,Y1Ba2Cu2.97Zn0.03O6.77-MP-mp-1228903.cif,Y1Ba2Cu2.97Zn0.03O6.77,64.2,new,high,99,21,78,90.0
Ba-Cu-O-Y-Zn|Y1Ba2Cu2.9955Zn0.0045O6.95,Y1Ba2Cu2.97Zn0.03O6.7-MP-mp-1228425.cif,Y1Ba2Cu2.97Zn0.03O6.7,50.0,new,high,99,21,78,90.0
Ba-Cu-O-Y-Zn|Y1Ba2Cu2.9955Zn0.0045O6.95,Y1Ba2Cu2.982Zn0.018O6.75-MP-mp-1228425.cif,Y1Ba2Cu2.982Zn0.018O6.75,59.9,new,high,99,21,78,90.0
Ba-Cu-O-Y-Zn|Y1Ba2Cu2.9955Zn0.0045O6.95,Y1Ba2Cu2.919Zn0.081O6.7-MP-mp-1228425.cif,Y1Ba2Cu2.919Zn0.081O6.7,17.0,new,low,99,21,78,90.0
Ba-Cu-O-Y-Zn|Y1Ba2Cu2.9955Zn0.0045O6.95,Y1Ba2Cu2.94Zn0.06O6.76-MP-mp-1228903.cif,Y1Ba2Cu2.94Zn0.06O6.76,42.55,new,low,99,21,78,90.0
Ba-Cu-O-Y-Zn|Y1Ba2Cu2.9955Zn0.0045O6.95,Y1Ba2Cu2.88Zn0.12O6.63-MP-mp-1228425.cif,Y1Ba2Cu2.88Zn0.12O6.63,0.0,new,zero,99,21,78,90.0
Ba-Cu-O-Y-Zn|Y1Ba2Cu2.9955Zn0.0045O6.95,Y1Ba2Cu2.94Zn0.06O6.65-MP-mp-1228425.cif,Y1Ba2Cu2.94Zn0.06O6.65,18.9,new,low,99,21,78,90.0
Ba-Cu-O-Y-Zn|Y1Ba2Cu2.9955Zn0.0045O6.95,Y1Ba2Cu2.95Zn0.05O6.69-MP-mp-1228425.cif,Y1Ba2Cu2.95Zn0.05O6.69,25.0,new,low,99,21,78,90.0
Ba-Cu-O-Y-Zn|Y1Ba2Cu2.9955Zn0.0045O6.95,Y1Ba2Cu2.94Zn0.06O6.68-MP-mp-1228425.cif,Y1Ba2Cu2.94Zn0.06O6.68,22.5,new,low,99,21,78,90.0
Ba-Cu-O-Y-Zn|Y1Ba2Cu2.9955Zn0.0045O6.95,Y1Ba2Cu2.95Zn0.05O6.63-MP-mp-1228425.cif,Y1Ba2Cu2.95Zn0.05O6.63,23.0,new,low,99,21,78,90.0
Ba-Cu-O-Y-Zn|Y1Ba2Cu2.9955Zn0.0045O6.95,Y1Ba2Cu2.97Zn0.03O6.67-MP-mp-1228425.cif,Y1Ba2Cu2.97Zn0.03O6.67,39.8,new,low,99,21,78,90.0
Ba-Cu-O-Y-Zn|Y1Ba2Cu2.9955Zn0.0045O6.95,Y1Ba2Cu2.97Zn0.03O6.68-MP-mp-1228425.cif,Y1Ba2Cu2.97Zn0.03O6.68,41.0,new,low,99,21,78,90.0
Ba-Cu-O-Y-Zn|Y1Ba2Cu2.9955Zn0.0045O6.95,Y1Ba2Cu2.97Zn0.03O6.63-MP-mp-1228425.cif,Y1Ba2Cu2.97Zn0.03O6.63,42.5,new,low,99,21,78,90.0
Ba-Cu-O-Y-Zn|Y1Ba2Cu2.9955Zn0.0045O6.95,Y1Ba2Cu2.994Zn0.006O6.63-MP-mp-1228425.cif,Y1Ba2Cu2.994Zn0.006O6.63,60.0,new,high,99,21,78,90.0
Ba-Cu-O-Y-Zn|Y1Ba2Cu2.9955Zn0.0045O6.95,Y1Ba2Cu2.91Zn0.09O6.63-MP-mp-1228425.cif,Y1Ba2Cu2.91Zn0.09O6.63,0.0,new,zero,99,21,78,90.0
Ba-Cu-O-Y-Zn|Y1Ba2Cu2.9955Zn0.0045O6.95,Y1Ba2Cu2.91Zn0.09O6.65-MP-mp-1228425.cif,Y1Ba2Cu2.91Zn0.09O6.65,10.0,new,low,99,21,78,90.0
Ba-Cu-O-Y-Zn|Y1Ba2Cu2.9955Zn0.0045O6.95,Y1Ba2Cu2.91Zn0.09O6.6-MP-mp-1228425.cif,Y1Ba2Cu2.91Zn0.09O6.6,6.0,new,low,99,21,78,90.0
Ba-Cu-O-Y-Zn|Y1Ba2Cu2.9955Zn0.0045O6.95,Y1Ba2Cu2.91Zn0.09O6.56-MP-mp-1228425.cif,Y1Ba2Cu2.91Zn0.09O6.56,0.0,new,zero,99,21,78,90.0
Ba-Cu-O-Y-Zn|Y1Ba2Cu2.9955Zn0.0045O6.95,Y1Ba2Cu2.931Zn0.069O6.6-MP-mp-1228425.cif,Y1Ba2Cu2.931Zn0.069O6.6,20.0,new,low,99,21,78,90.0
Ba-Cu-O-Y-Zn|Y1Ba2Cu2.9955Zn0.0045O6.95,Y1Ba2Cu2.94Zn0.06O6.59-MP-mp-1228425.cif,Y1Ba2Cu2.94Zn0.06O6.59,18.75,new,low,99,21,78,90.0
Ba-Cu-O-Y-Zn|Y1Ba2Cu2.9955Zn0.0045O6.95,Y1Ba2Cu2.95Zn0.05O6.56-MP-mp-1228425.cif,Y1Ba2Cu2.95Zn0.05O6.56,24.0,new,low,99,21,78,90.0
Ba-Cu-O-Y-Zn|Y1Ba2Cu2.9955Zn0.0045O6.95,Y1Ba2Cu2.97Zn0.03O6.59-MP-mp-1228425.cif,Y1Ba2Cu2.97Zn0.03O6.59,38.7,new,low,99,21,78,90.0
Ba-Cu-O-Y-Zn|Y1Ba2Cu2.9955Zn0.0045O6.95,Y1Ba2Cu2.91Zn0.09O6.44-MP-mp-20897.cif,Y1Ba2Cu2.91Zn0.09O6.44,0.0,new,zero,99,21,78,90.0
Ba-Cu-O-Y-Zn|Y1Ba2Cu2.9955Zn0.0045O6.95,Y1Ba2Cu2.94Zn0.06O6.42-MP-mp-1228903.cif,Y1Ba2Cu2.94Zn0.06O6.42,0.0,new,zero,99,21,78,90.0
Ba-Cu-O-Y-Zn|Y1Ba2Cu2.9955Zn0.0045O6.95,Y1Ba2Cu2.94Zn0.06O6.38-MP-mp-1229067.cif,Y1Ba2Cu2.94Zn0.06O6.38,0.0,new,zero,99,21,78,90.0
Ba-Cu-O-Y-Zn|Y1Ba2Cu2.9955Zn0.0045O6.95,Y1Ba2Cu2.94Zn0.06O6.33-MP-mp-1229067.cif,Y1Ba2Cu2.94Zn0.06O6.33,0.0,new,zero,99,21,78,90.0
Ba-Cu-O-Y-Zn|Y1Ba2Cu2.9955Zn0.0045O6.95,Y1Ba2Cu2.91Zn0.09O6.48-MP-mp-20897.cif,Y1Ba2Cu2.91Zn0.09O6.48,0.0,new,zero,99,21,78,90.0
Ba-Cu-O-Y-Zn|Y1Ba2Cu2.9955Zn0.0045O6.95,Y1Ba2Cu2.91Zn0.09O6.5-MP-mp-20897.cif,Y1Ba2Cu2.91Zn0.09O6.5,0.0,new,zero,99,21,78,90.0
Ba-Cu-O-Y-Zn|Y1Ba2Cu2.9955Zn0.0045O6.95,Y1Ba2Cu2.931Zn0.069O6.5-MP-mp-20897.cif,Y1Ba2Cu2.931Zn0.069O6.5,0.0,new,zero,99,21,78,90.0
Ba-Cu-O-Y-Zn|Y1Ba2Cu2.9955Zn0.0045O6.95,Y1Ba2Cu2.94Zn0.06O6.53-MP-mp-1228425.cif,Y1Ba2Cu2.94Zn0.06O6.53,0.0,new,zero,99,21,78,90.0
Ba-Cu-O-Y-Zn|Y1Ba2Cu2.9955Zn0.0045O6.95,Y1Ba2Cu2.94Zn0.06O6.48-MP-mp-20897.cif,Y1Ba2Cu2.94Zn0.06O6.48,0.0,new,zero,99,21,78,90.0
Ba-Cu-O-Y-Zn|Y1Ba2Cu2.9955Zn0.0045O6.95,Y1Ba2Cu2.95Zn0.05O6.52-MP-mp-1228425.cif,Y1Ba2Cu2.95Zn0.05O6.52,23.0,new,low,99,21,78,90.0
Ba-Cu-O-Y-Zn|Y1Ba2Cu2.9955Zn0.0045O6.95,Y1Ba2Cu2.95Zn0.05O6.47-MP-mp-20897.cif,Y1Ba2Cu2.95Zn0.05O6.47,18.0,new,low,99,21,78,90.0
Ba-Cu-O-Y-Zn|Y1Ba2Cu2.9955Zn0.0045O6.95,Y1Ba2Cu2.97Zn0.03O6.47-MP-mp-20897.cif,Y1Ba2Cu2.97Zn0.03O6.47,29.8,new,low,99,21,78,90.0
Ba-Cu-O-Y-Zn|Y1Ba2Cu2.9955Zn0.0045O6.95,Y1Ba2Cu2.8Zn0.2O6.88-MP-mp-1229106.cif,Y1Ba2Cu2.8Zn0.2O6.88,54.7,new,high,99,21,78,90.0
Bi-Ca-Cu-O-Pb-Sr|Bi1.65Pb0.35Sr2Ca2Cu3O10,Bi1.7Ca2Cu3Pb0.3Sr2O10-MP-mp-1209015-synth_doped.cif,Bi1.7Ca2Cu3Pb0.3Sr2O10,107.25,V45,high,9,0,9,108.6
Bi-Ca-Cu-O-Pb-Sr|Bi1.65Pb0.35Sr2Ca2Cu3O10,Bi1.6Pb0.4Sr2Ca2Cu3O10-MP-mp-1209015.cif,Bi1.6Pb0.4Sr2Ca2Cu3O10,108.0,new,high,9,0,9,108.6
Bi-Ca-Cu-O-Pb-Sr|Bi1.65Pb0.35Sr2Ca2Cu3O10,Bi1.65Pb0.35Sr2Ca2Cu3O10-MP-mp-1209015.cif,Bi1.65Pb0.35Sr2Ca2Cu3O10,108.6,new,high,9,0,9,108.6
Bi-Ca-Cu-O-Pb-Sr|Bi1.65Pb0.35Sr2Ca2Cu3O10,Bi1.6Pb0.4Sr2Ca2Cu3O10.15-MP-mp-1209015.cif,Bi1.6Pb0.4Sr2Ca2Cu3O10.15,97.0,new,high,9,0,9,108.6
Bi-Ca-Cu-O-Pb-Sr|Bi1.65Pb0.35Sr2Ca2Cu3O10,Bi1.6Pb0.4Sr2Ca2Cu3O10.07-MP-mp-1209015.cif,Bi1.6Pb0.4Sr2Ca2Cu3O10.07,81.15,new,high,9,0,9,108.6
Bi-Ca-Cu-O-Pb-Sr|Bi1.65Pb0.35Sr2Ca2Cu3O10,Bi1.6Pb0.4Sr2Ca2Cu3O10.11-MP-mp-1209015.cif,Bi1.6Pb0.4Sr2Ca2Cu3O10.11,94.65,new,high,9,0,9,108.6
Bi-Ca-Cu-O-Pb-Sr|Bi1.65Pb0.35Sr2Ca2Cu3O10,Bi1.6Pb0.4Sr2Cu3Ca2O10.04-MP-mp-1209015.cif,Bi1.6Pb0.4Sr2Cu3Ca2O10.04,45.0,new,low,9,0,9,108.6
Bi-Ca-Cu-O-Pb-Sr|Bi1.65Pb0.35Sr2Ca2Cu3O10,Bi1.6Pb0.4Sr2Ca2Cu3O10.34-MP-mp-1209015.cif,Bi1.6Pb0.4Sr2Ca2Cu3O10.34,67.1,new,high,9,0,9,108.6
Bi-Ca-Cu-O-Pb-Sr|Bi1.65Pb0.35Sr2Ca2Cu3O10,Bi1.6Pb0.4Sr2Ca2Cu3O10.24-MP-mp-1209015.cif,Bi1.6Pb0.4Sr2Ca2Cu3O10.24,73.3,new,high,9,0,9,108.6
Bi-Ca-Cu-O-Sr-Y|Bi2Sr2Ca0.5Y0.5Cu2O8.39,Bi2Sr2Ca0.5Y0.5Cu2O8.39-MP-icsd-173899.cif,Bi2Sr2Ca0.5Y0.5Cu2O8.39,66.0,new,high,3,0,3,66.0
Bi-Ca-Cu-O-Sr-Y|Bi2Sr2Ca0.5Y0.5Cu2O8.39,Bi2Sr2Ca0.5Y0.5Cu2O8.33-MP-icsd-173899.cif,Bi2Sr2Ca0.5Y0.5Cu2O8.33,40.0,new,high,3,0,3,66.0
Bi-Ca-Cu-O-Sr-Y|Bi2Sr2Ca0.5Y0.5Cu2O8.39,Bi2Sr2Ca0.5Y0.5Cu2O8.36-MP-icsd-173899.cif,Bi2Sr2Ca0.5Y0.5Cu2O8.36,18.0,new,low,3,0,3,66.0
Bi-Ca-Cu-O-Sr|Bi2Ca1Cu2Sr2O8.272,Bi2Ca1Cu2Sr2O8-MP-mp-1218930.cif,Bi2Ca1Cu2Sr2O8,88.25,V45,high,45,8,37,92.2
Bi-Ca-Cu-O-Sr|Bi2Ca1Cu2Sr2O8.272,Bi2Ca1Cu2Sr2O8.01-MP-mp-1218930-synth_doped.cif,Bi2Ca1Cu2Sr2O8.01,0.0,V45,zero,45,8,37,92.2
Bi-Ca-Cu-O-Sr|Bi2Ca1Cu2Sr2O8.272,Bi2Ca1Cu2Sr2O8.051-MP-mp-1218930-synth_doped.cif,Bi2Ca1Cu2Sr2O8.051,0.0,V45,zero,45,8,37,92.2
Bi-Ca-Cu-O-Sr|Bi2Ca1Cu2Sr2O8.272,Bi2Ca1Cu2Sr2O8.077-MP-mp-1218930-synth_doped.cif,Bi2Ca1Cu2Sr2O8.077,0.0,V45,zero,45,8,37,92.2
Bi-Ca-Cu-O-Sr|Bi2Ca1Cu2Sr2O8.272,Bi2Ca1Cu2Sr2O8.1-MP-mp-1218930-synth_doped.cif,Bi2Ca1Cu2Sr2O8.1,90.0,V45,high,45,8,37,92.2
Bi-Ca-Cu-O-Sr|Bi2Ca1Cu2Sr2O8.272,Bi2Ca1Cu2Sr2O8.11-MP-mp-1218930-synth_doped.cif,Bi2Ca1Cu2Sr2O8.11,86.45,V45,high,45,8,37,92.2
Bi-Ca-Cu-O-Sr|Bi2Ca1Cu2Sr2O8.272,Bi2Ca1Cu2Sr2O8.118-MP-mp-1218930-synth_doped.cif,Bi2Ca1Cu2Sr2O8.118,91.0,V45,high,45,8,37,92.2
Bi-Ca-Cu-O-Sr|Bi2Ca1Cu2Sr2O8.272,Bi2Ca1Cu2Sr2O8.12-MP-mp-1218930-synth_doped.cif,Bi2Ca1Cu2Sr2O8.12,81.3,V45,high,45,8,37,92.2
Bi-Ca-Cu-O-Sr|Bi2Ca1Cu2Sr2O8.272,Bi2Ca1Cu2Sr2O8.14-MP-mp-1218930-synth_doped.cif,Bi2Ca1Cu2Sr2O8.14,81.0,V45,high,45,8,37,92.2
Bi-Ca-Cu-O-Sr|Bi2Ca1Cu2Sr2O8.272,Bi2Ca1Cu2Sr2O8.16-MP-mp-1218930-synth_doped.cif,Bi2Ca1Cu2Sr2O8.16,89.125,V45,high,45,8,37,92.2
Bi-Ca-Cu-O-Sr|Bi2Ca1Cu2Sr2O8.272,Bi2Ca1Cu2Sr2O8.17-MP-mp-1218930-synth_doped.cif,Bi2Ca1Cu2Sr2O8.17,85.5,V45,high,45,8,37,92.2
Bi-Ca-Cu-O-Sr|Bi2Ca1Cu2Sr2O8.272,Bi2Ca1Cu2Sr2O8.19-MP-mp-1218930-synth_doped.cif,Bi2Ca1Cu2Sr2O8.19,89.26666667,V45,high,45,8,37,92.2
Bi-Ca-Cu-O-Sr|Bi2Ca1Cu2Sr2O8.272,Bi2Ca1Cu2Sr2O8.194-MP-mp-1218930-synth_doped.cif,Bi2Ca1Cu2Sr2O8.194,92.0,V45,high,45,8,37,92.2
Bi-Ca-Cu-O-Sr|Bi2Ca1Cu2Sr2O8.272,Bi2Ca1Cu2Sr2O8.195-MP-mp-1218930-synth_doped.cif,Bi2Ca1Cu2Sr2O8.195,91.0,V45,high,45,8,37,92.2
Bi-Ca-Cu-O-Sr|Bi2Ca1Cu2Sr2O8.272,Bi2Ca1Cu2Sr2O8.196-MP-mp-1218930-synth_doped.cif,Bi2Ca1Cu2Sr2O8.196,85.0,V45,high,45,8,37,92.2
Bi-Ca-Cu-O-Sr|Bi2Ca1Cu2Sr2O8.272,Bi2Ca1Cu2Sr2O8.197-MP-mp-1218930-synth_doped.cif,Bi2Ca1Cu2Sr2O8.197,74.0,V45,high,45,8,37,92.2
Bi-Ca-Cu-O-Sr|Bi2Ca1Cu2Sr2O8.272,Bi2Ca1Cu2Sr2O8.198-MP-mp-1218930-synth_doped.cif,Bi2Ca1Cu2Sr2O8.198,78.0,V45,high,45,8,37,92.2
Bi-Ca-Cu-O-Sr|Bi2Ca1Cu2Sr2O8.272,Bi2Ca1Cu2Sr2O8.199-MP-mp-1218930-synth_doped.cif,Bi2Ca1Cu2Sr2O8.199,70.0,V45,high,45,8,37,92.2
Bi-Ca-Cu-O-Sr|Bi2Ca1Cu2Sr2O8.272,Bi2Ca1Cu2Sr2O8.21-MP-mp-1218930-synth_doped.cif,Bi2Ca1Cu2Sr2O8.21,90.6,V45,high,45,8,37,92.2
Bi-Ca-Cu-O-Sr|Bi2Ca1Cu2Sr2O8.272,Bi2Ca1Cu2Sr2O8.212-MP-mp-1218930-synth_doped.cif,Bi2Ca1Cu2Sr2O8.212,73.0,V45,high,45,8,37,92.2
Bi-Ca-Cu-O-Sr|Bi2Ca1Cu2Sr2O8.272,Bi2Ca1Cu2Sr2O8.2135-MP-mp-1218930-synth_doped.cif,Bi2Ca1Cu2Sr2O8.2135,70.0,V45,high,45,8,37,92.2
Bi-Ca-Cu-O-Sr|Bi2Ca1Cu2Sr2O8.272,Bi2Ca1Cu2Sr2O8.214-MP-mp-1218930-synth_doped.cif,Bi2Ca1Cu2Sr2O8.214,70.0,V45,high,45,8,37,92.2
Bi-Ca-Cu-O-Sr|Bi2Ca1Cu2Sr2O8.272,Bi2Ca1Cu2Sr2O8.216-MP-mp-1218930-synth_doped.cif,Bi2Ca1Cu2Sr2O8.216,78.0,V45,high,45,8,37,92.2
Bi-Ca-Cu-O-Sr|Bi2Ca1Cu2Sr2O8.272,Bi2Ca1Cu2Sr2O8.217-MP-mp-1218930-synth_doped.cif,Bi2Ca1Cu2Sr2O8.217,0.0,V45,zero,45,8,37,92.2
Bi-Ca-Cu-O-Sr|Bi2Ca1Cu2Sr2O8.272,Bi2Ca1Cu2Sr2O8.218-MP-mp-1218930-synth_doped.cif,Bi2Ca1Cu2Sr2O8.218,70.0,V45,high,45,8,37,92.2
Bi-Ca-Cu-O-Sr|Bi2Ca1Cu2Sr2O8.272,Bi2Ca1Cu2Sr2O8.224-MP-mp-1218930-synth_doped.cif,Bi2Ca1Cu2Sr2O8.224,89.0,V45,high,45,8,37,92.2
Bi-Ca-Cu-O-Sr|Bi2Ca1Cu2Sr2O8.272,Bi2Ca1Cu2Sr2O8.231-MP-mp-1218930-synth_doped.cif,Bi2Ca1Cu2Sr2O8.231,83.7,V45,high,45,8,37,92.2
Bi-Ca-Cu-O-Sr|Bi2Ca1Cu2Sr2O8.272,Bi2Ca1Cu2Sr2O8.234-MP-mp-1218930-synth_doped.cif,Bi2Ca1Cu2Sr2O8.234,84.0,V45,high,45,8,37,92.2
Bi-Ca-Cu-O-Sr|Bi2Ca1Cu2Sr2O8.272,Bi2Ca1Cu2Sr2O8.245-MP-mp-1218930-synth_doped.cif,Bi2Ca1Cu2Sr2O8.245,90.0,V45,high,45,8,37,92.2
Bi-Ca-Cu-O-Sr|Bi2Ca1Cu2Sr2O8.272,Bi2Ca1Cu2Sr2O8.248-MP-mp-1218930-synth_doped.cif,Bi2Ca1Cu2Sr2O8.248,86.0,V45,high,45,8,37,92.2
Bi-Ca-Cu-O-Sr|Bi2Ca1Cu2Sr2O8.272,Bi2Ca1Cu2Sr2O8.255-MP-mp-1218930-synth_doped.cif,Bi2Ca1Cu2Sr2O8.255,0.0,V45,zero,45,8,37,92.2
Bi-Ca-Cu-O-Sr|Bi2Ca1Cu2Sr2O8.272,Bi2Ca1Cu2Sr2O8.256-MP-mp-1218930-synth_doped.cif,Bi2Ca1Cu2Sr2O8.256,67.2,V45,high,45,8,37,92.2
Bi-Ca-Cu-O-Sr|Bi2Ca1Cu2Sr2O8.272,Bi2Ca1Cu2Sr2O8.27-MP-mp-1218930-synth_doped.cif,Bi2Ca1Cu2Sr2O8.27,85.5,V45,high,45,8,37,92.2
Bi-Ca-Cu-O-Sr|Bi2Ca1Cu2Sr2O8.272,Bi2Ca1Cu2Sr2O8.272-MP-mp-1218930-synth_doped.cif,Bi2Ca1Cu2Sr2O8.272,92.2,V45,high,45,8,37,92.2
Bi-Ca-Cu-O-Sr|Bi2Ca1Cu2Sr2O8.272,Bi2Ca1Cu2Sr2O8.288-MP-mp-1218930-synth_doped.cif,Bi2Ca1Cu2Sr2O8.288,90.2,V45,high,45,8,37,92.2
Bi-Ca-Cu-O-Sr|Bi2Ca1Cu2Sr2O8.272,Bi2Ca1Cu2Sr2O8.291-MP-mp-1218930-synth_doped.cif,Bi2Ca1Cu2Sr2O8.291,89.1,V45,high,45,8,37,92.2
Bi-Ca-Cu-O-Sr|Bi2Ca1Cu2Sr2O8.272,Bi2Ca1Cu2Sr2O8.293-MP-mp-1218930-synth_doped.cif,Bi2Ca1Cu2Sr2O8.293,87.5,V45,high,45,8,37,92.2
Bi-Ca-Cu-O-Sr|Bi2Ca1Cu2Sr2O8.272,Bi2Ca1Cu2Sr2O8.3-MP-mp-1218930-synth_doped.cif,Bi2Ca1Cu2Sr2O8.3,70.0,V45,high,45,8,37,92.2
Bi-Ca-Cu-O-Sr|Bi2Ca1Cu2Sr2O8.272,Bi2Ca1Cu2Sr2O8.329-MP-mp-1218930-synth_doped.cif,Bi2Ca1Cu2Sr2O8.329,47.3,V45,high,45,8,37,92.2
Bi-Ca-Cu-O-Sr|Bi2Ca1Cu2Sr2O8.272,Bi2Ca1Cu2Sr2O8.373-MP-mp-1218930-synth_doped.cif,Bi2Ca1Cu2Sr2O8.373,47.2,V45,high,45,8,37,92.2
Bi-Ca-Cu-O-Sr|Bi2Ca1Cu2Sr2O8.272,Bi2Ca1Cu2Sr2O8.428-MP-mp-1218930-synth_doped.cif,Bi2Ca1Cu2Sr2O8.428,42.1,V45,low,45,8,37,92.2
Bi-Ca-Cu-O-Sr|Bi2Ca1Cu2Sr2O8.272,Bi4Ca2Cu4Sr4O16.25-MP-mp-1218930-synth_doped.cif,Bi4Ca2Cu4Sr4O16.25,82.4,V45,high,45,8,37,92.2
Bi-Ca-Cu-O-Sr|Bi2Ca1Cu2Sr2O8.272,Bi2Sr2Ca1Cu2O7.93-MP-mp-1218930.cif,Bi2Sr2Ca1Cu2O7.93,0.0,new,zero,45,8,37,92.2
Bi-Ca-Cu-O-Sr|Bi2Ca1Cu2Sr2O8.272,Bi2Sr2Ca1Cu2O7.965-MP-mp-1218930.cif,Bi2Sr2Ca1Cu2O7.965,0.0,new,zero,45,8,37,92.2
Bi-Ca-Cu-O-Sr|Bi2Ca1Cu2Sr2O8.272,Bi2Sr2Ca1Cu2O7.975-MP-mp-1218930.cif,Bi2Sr2Ca1Cu2O7.975,0.0,new,zero,45,8,37,92.2
Bi-Ca-Cu-I-O-Sr|Bi2Sr2Ca1Cu2I0.25O8.21,Bi2Sr2Ca1Cu2I0.25O8.21-MP-mp-1209124.cif,Bi2Sr2Ca1Cu2I0.25O8.21,71.6,new,high,3,1,2,71.6
Bi-Ca-Cu-I-O-Sr|Bi2Sr2Ca1Cu2I0.25O8.21,Bi2Sr2Ca1Cu2I0.23O8.28-MP-mp-1209124.cif,Bi2Sr2Ca1Cu2I0.23O8.28,0.0,new,zero,3,1,2,71.6
Bi-Ca-Cu-I-O-Sr|Bi2Sr2Ca1Cu2I0.25O8.21,Bi2Sr2Ca1Cu2I0.2O8.242-MP-mp-1209382.cif,Bi2Sr2Ca1Cu2I0.2O8.242,64.6,new,high,3,1,2,71.6
Bi-Cu-La-O-Sr|Bi1.95Sr1.65La0.4Cu1O6.311,Bi1.95Sr1.65La0.4Cu1O6.414-MP-icsd-63210.cif,Bi1.95Sr1.65La0.4Cu1O6.414,10.4,new,low,6,0,6,35.5
Bi-Cu-La-O-Sr|Bi1.95Sr1.65La0.4Cu1O6.311,Bi1.95Sr1.65La0.4Cu1O6.311-MP-icsd-63210.cif,Bi1.95Sr1.65La0.4Cu1O6.311,35.5,new,high,6,0,6,35.5
Bi-Cu-La-O-Sr|Bi1.95Sr1.65La0.4Cu1O6.311,Bi1.95Sr1.65La0.4Cu1O6.343-MP-icsd-63210.cif,Bi1.95Sr1.65La0.4Cu1O6.343,25.25,new,high,6,0,6,35.5
Bi-Cu-La-O-Sr|Bi1.95Sr1.65La0.4Cu1O6.311,Bi1.95Sr1.65La0.4Cu1O6.334-MP-icsd-63210.cif,Bi1.95Sr1.65La0.4Cu1O6.334,30.5,new,high,6,0,6,35.5
Bi-Cu-La-O-Sr|Bi1.95Sr1.65La0.4Cu1O6.311,Bi1.95Sr1.65La0.4Cu1O6.36-MP-icsd-63210.cif,Bi1.95Sr1.65La0.4Cu1O6.36,23.0,new,high,6,0,6,35.5
Bi-Cu-La-O-Sr|Bi1.95Sr1.65La0.4Cu1O6.311,Bi1.95Sr1.65La0.4Cu1O6.298-MP-icsd-63210.cif,Bi1.95Sr1.65La0.4Cu1O6.298,33.3,new,high,6,0,6,35.5
Bi-Cu-O-Sr|Bi2Cu1Sr2O6.13,Bi2Cu1Sr2O6.09-MP-mp-555827-synth_doped.cif,Bi2Cu1Sr2O6.09,10.0,V45,high,7,1,6,16.0
Bi-Cu-O-Sr|Bi2Cu1Sr2O6.13,Bi2Cu1Sr2O6.13-MP-mp-555827-synth_doped.cif,Bi2Cu1Sr2O6.13,16.0,V45,high,7,1,6,16.0
Bi-Cu-O-Sr|Bi2Cu1Sr2O6.13,Bi2Cu1Sr2O6.14-MP-mp-555827-synth_doped.cif,Bi2Cu1Sr2O6.14,14.0,V45,high,7,1,6,16.0
Bi-Cu-O-Sr|Bi2Cu1Sr2O6.13,Bi2Cu1Sr2O6.16-MP-mp-555827-synth_doped.cif,Bi2Cu1Sr2O6.16,10.0,V45,high,7,1,6,16.0
Bi-Cu-O-Sr|Bi2Cu1Sr2O6.13,Bi2Cu1Sr2O6.17-MP-mp-555827-synth_doped.cif,Bi2Cu1Sr2O6.17,0.0,V45,zero,7,1,6,16.0
Bi-Cu-O-Sr|Bi2Cu1Sr2O6.13,Bi2Cu1Sr2O6.175-MP-mp-555827-synth_doped.cif,Bi2Cu1Sr2O6.175,7.0,V45,low,7,1,6,16.0
Bi-Cu-O-Sr|Bi2Cu1Sr2O6.13,Bi2Cu1Sr2O6.18-MP-mp-555827-synth_doped.cif,Bi2Cu1Sr2O6.18,3.0,V45,low,7,1,6,16.0
Ca-Cu-La-O|Ca0.16Cu1La1.84O4,Ca0.065Cu1La1.935O4-MP-mp-1077929-synth_doped.cif,Ca0.065Cu1La1.935O4,5.55,V45,low,18,0,18,34.0
Ca-Cu-La-O|Ca0.16Cu1La1.84O4,Ca0.075Cu1La1.925O4-MP-mp-1077929-synth_doped.cif,Ca0.075Cu1La1.925O4,9.2,V45,low,18,0,18,34.0
Ca-Cu-La-O|Ca0.16Cu1La1.84O4,Ca0.08Cu1La1.92O4-MP-mp-1077929-synth_doped.cif,Ca0.08Cu1La1.92O4,15.0,V45,low,18,0,18,34.0
Ca-Cu-La-O|Ca0.16Cu1La1.84O4,Ca0.09Cu1La1.91O4-MP-mp-1077929-synth_doped.cif,Ca0.09Cu1La1.91O4,20.0,V45,high,18,0,18,34.0
Ca-Cu-La-O|Ca0.16Cu1La1.84O4,Ca0.113Cu1La1.887O4-MP-mp-1077929-synth_doped.cif,Ca0.113Cu1La1.887O4,20.1,V45,high,18,0,18,34.0
Ca-Cu-La-O|Ca0.16Cu1La1.84O4,Ca0.115Cu1La1.885O4-MP-mp-1077929-synth_doped.cif,Ca0.115Cu1La1.885O4,23.0,V45,high,18,0,18,34.0
Ca-Cu-La-O|Ca0.16Cu1La1.84O4,Ca0.11Cu1La1.89O4-MP-mp-1077929-synth_doped.cif,Ca0.11Cu1La1.89O4,23.0,V45,high,18,0,18,34.0
Ca-Cu-La-O|Ca0.16Cu1La1.84O4,Ca0.125Cu1La1.875O4-MP-mp-1077929-synth_doped.cif,Ca0.125Cu1La1.875O4,23.85,V45,high,18,0,18,34.0
Ca-Cu-La-O|Ca0.16Cu1La1.84O4,Ca0.12Cu1La1.88O4-MP-mp-1077929-synth_doped.cif,Ca0.12Cu1La1.88O4,24.0,V45,high,18,0,18,34.0
Ca-Cu-La-O|Ca0.16Cu1La1.84O4,Ca0.13Cu1La1.87O4-MP-mp-1077929-synth_doped.cif,Ca0.13Cu1La1.87O4,28.0,V45,high,18,0,18,34.0
Ca-Cu-La-O|Ca0.16Cu1La1.84O4,Ca0.14Cu1La1.86O4-MP-mp-1077929-synth_doped.cif,Ca0.14Cu1La1.86O4,32.0,V45,high,18,0,18,34.0
Ca-Cu-La-O|Ca0.16Cu1La1.84O4,Ca0.16Cu1La1.84O4-MP-mp-1077929-synth_doped.cif,Ca0.16Cu1La1.84O4,34.0,V45,high,18,0,18,34.0
Ca-Cu-La-O|Ca0.16Cu1La1.84O4,Ca0.17Cu1La1.83O4-MP-mp-1077929-synth_doped.cif,Ca0.17Cu1La1.83O4,34.0,V45,high,18,0,18,34.0
Ca-Cu-La-O|Ca0.16Cu1La1.84O4,Ca0.18Cu1La1.82O4-MP-mp-1077929-synth_doped.cif,Ca0.18Cu1La1.82O4,33.0,V45,high,18,0,18,34.0
Ca-Cu-La-O|Ca0.16Cu1La1.84O4,Ca0.19Cu1La1.81O4-MP-mp-1077929-synth_doped.cif,Ca0.19Cu1La1.81O4,32.0,V45,high,18,0,18,34.0
Ca-Cu-La-O|Ca0.16Cu1La1.84O4,Ca0.1Cu1La1.9O4-MP-mp-1077929-synth_doped.cif,Ca0.1Cu1La1.9O4,20.5,V45,high,18,0,18,34.0
Ca-Cu-La-O|Ca0.16Cu1La1.84O4,Ca0.2Cu1La1.8O4-MP-mp-1077929-synth_doped.cif,Ca0.2Cu1La1.8O4,30.0,V45,high,18,0,18,34.0
Ca-Cu-La-O|Ca0.16Cu1La1.84O4,La1.9Ca0.1Cu1O3.967-MP-mp-1077929.cif,La1.9Ca0.1Cu1O3.967,20.0,new,high,18,0,18,34.0
Ca-Cu-O-Pb-Sr-Y|Pb0.5Sr2Y0.6Ca0.4Cu2.5O6.97,Pb0.5Sr2Y0.6Ca0.4Cu2.5O6.99-MP-mp-1208525.cif,Pb0.5Sr2Y0.6Ca0.4Cu2.5O6.99,0.0,new,zero,2,1,1,67.0
Ca-Cu-O-Pb-Sr-Y|Pb0.5Sr2Y0.6Ca0.4Cu2.5O6.97,Pb0.5Sr2Y0.6Ca0.4Cu2.5O6.97-MP-mp-1208525.cif,Pb0.5Sr2Y0.6Ca0.4Cu2.5O6.97,67.0,new,high,2,1,1,67.0
Ca-Cu-O-Pb-Sr-Y|Pb0.5Ca1Sr2Y0.5Cu2O7,Pb0.5Ca1Sr2Y0.5Cu2O7-MP-mp-1218853.cif,Pb0.5Ca1Sr2Y0.5Cu2O7,62.0,new,high,3,0,3,62.0
Ca-Cu-O-Pb-Sr-Y|Pb0.5Ca1Sr2Y0.5Cu2O7,Pb0.5Ca1Sr2Y0.5Cu2O6.93-MP-mp-1218853.cif,Pb0.5Ca1Sr2Y0.5Cu2O6.93,30.0,new,low,3,0,3,62.0
Ca-Cu-O-Pb-Sr-Y|Pb0.5Ca1Sr2Y0.5Cu2O7,Pb0.5Ca1Sr2Y0.5Cu2O6.95-MP-mp-1218853.cif,Pb0.5Ca1Sr2Y0.5Cu2O6.95,52.5,new,high,3,0,3,62.0
Ca-Cu-Ga-O-Sr-Y|Ca0.35Cu2Ga1Sr2Y0.65O7,Ca0.35Cu2Ga1Sr2Y0.65O7-MP-mp-1218546-synth_doped.cif,Ca0.35Cu2Ga1Sr2Y0.65O7,27.0,V45,high,2,1,1,27.0
Ca-Cu-Ga-O-Sr-Y|Ca0.35Cu2Ga1Sr2Y0.65O7,Y0.65Ca0.35Sr2Cu2Ga1O6.94-MP-mp-1218712.cif,Y0.65Ca0.35Sr2Cu2Ga1O6.94,0.0,new,zero,2,1,1,27.0
Ca-Cu-O-Sr-Tl-Y|Tl1Sr2Ca0.2Y0.8Cu2O6.97,Ca0.2Cu2Sr2Tl1Y0.8O7-MP-mp-1218486-synth_doped.cif,Ca0.2Cu2Sr2Tl1Y0.8O7,0.0,V45,zero,2,1,1,93.0
Ca-Cu-O-Sr-Tl-Y|Tl1Sr2Ca0.2Y0.8Cu2O6.97,Tl1Sr2Ca0.2Y0.8Cu2O6.97-MP-mp-1218486.cif,Tl1Sr2Ca0.2Y0.8Cu2O6.97,93.0,new,high,2,1,1,93.0
Ca-Cu-O-Sr-Tl-Y|Tl1Sr2Ca0.4Y0.6Cu2O6.93,Tl1Sr2Ca0.4Y0.6Cu2O7-MP-mp-1218486.cif,Tl1Sr2Ca0.4Y0.6Cu2O7,35.0,new,low,2,0,2,92.0
Ca-Cu-O-Sr-Tl-Y|Tl1Sr2Ca0.4Y0.6Cu2O6.93,Tl1Sr2Ca0.4Y0.6Cu2O6.93-MP-mp-1218486.cif,Tl1Sr2Ca0.4Y0.6Cu2O6.93,92.0,new,high,2,0,2,92.0
Ce-Cu-Nd-O|Nd1.85Ce0.15Cu1O4.014,Ce0.12Cu1Nd1.88O4-MP-mp-4158-synth_doped.cif,Ce0.12Cu1Nd1.88O4,0.0,V45,zero,20,8,12,25.0
Ce-Cu-Nd-O|Nd1.85Ce0.15Cu1O4.014,Ce0.13Cu1Nd1.87O4-MP-mp-4158-synth_doped.cif,Ce0.13Cu1Nd1.87O4,0.0,V45,zero,20,8,12,25.0
Ce-Cu-Nd-O|Nd1.85Ce0.15Cu1O4.014,Ce0.14Cu1Nd1.86O4-MP-mp-4158-synth_doped.cif,Ce0.14Cu1Nd1.86O4,22.9,V45,high,20,8,12,25.0
Ce-Cu-Nd-O|Nd1.85Ce0.15Cu1O4.014,Ce0.153Cu1Nd1.847O4-MP-mp-4158-synth_doped.cif,Ce0.153Cu1Nd1.847O4,22.5,V45,high,20,8,12,25.0
Ce-Cu-Nd-O|Nd1.85Ce0.15Cu1O4.014,Ce0.15Cu1Nd1.85O4-MP-mp-4158-synth_doped.cif,Ce0.15Cu1Nd1.85O4,21.2325,V45,high,20,8,12,25.0
Ce-Cu-Nd-O|Nd1.85Ce0.15Cu1O4.014,Ce0.17Cu1Nd1.83O4-MP-mp-4158-synth_doped.cif,Ce0.17Cu1Nd1.83O4,12.8,V45,high,20,8,12,25.0
Ce-Cu-Nd-O|Nd1.85Ce0.15Cu1O4.014,Ce0.18Cu1Nd1.82O4-MP-mp-4158-synth_doped.cif,Ce0.18Cu1Nd1.82O4,0.0,V45,zero,20,8,12,25.0
Ce-Cu-Nd-O|Nd1.85Ce0.15Cu1O4.014,Ce0.1Cu1Nd1.9O4-MP-mp-4158-synth_doped.cif,Ce0.1Cu1Nd1.9O4,0.0,V45,zero,20,8,12,25.0
Ce-Cu-Nd-O|Nd1.85Ce0.15Cu1O4.014,Nd1.89Ce0.11Cu1O3.97-MP-mp-4158.cif,Nd1.89Ce0.11Cu1O3.97,0.0,new,zero,20,8,12,25.0
Ce-Cu-Nd-O|Nd1.85Ce0.15Cu1O4.014,Nd1.88Ce0.12Cu1O3.94-MP-mp-4158.cif,Nd1.88Ce0.12Cu1O3.94,0.0,new,zero,20,8,12,25.0
Ce-Cu-Nd-O|Nd1.85Ce0.15Cu1O4.014,Nd1.85Ce0.15Cu1O4.064-MP-mp-662567.cif,Nd1.85Ce0.15Cu1O4.064,0.0,new,zero,20,8,12,25.0
Ce-Cu-Nd-O|Nd1.85Ce0.15Cu1O4.014,Nd1.85Ce0.15Cu1O4.03-MP-mp-662567.cif,Nd1.85Ce0.15Cu1O4.03,21.1,new,high,20,8,12,25.0
Ce-Cu-Nd-O|Nd1.85Ce0.15Cu1O4.014,Nd1.85Ce0.15Cu1O3.97-MP-mp-4158.cif,Nd1.85Ce0.15Cu1O3.97,20.8,new,high,20,8,12,25.0
Ce-Cu-Nd-O|Nd1.85Ce0.15Cu1O4.014,Nd1.85Ce0.15Cu1O3.95-MP-mp-4158.cif,Nd1.85Ce0.15Cu1O3.95,22.1,new,high,20,8,12,25.0
Ce-Cu-Nd-O|Nd1.85Ce0.15Cu1O4.014,Nd1.85Ce0.15Cu1O3.93-MP-mp-4158.cif,Nd1.85Ce0.15Cu1O3.93,24.0,new,high,20,8,12,25.0
Ce-Cu-Nd-O|Nd1.85Ce0.15Cu1O4.014,Nd1.84Ce0.16Cu1O3.96-MP-mp-4158.cif,Nd1.84Ce0.16Cu1O3.96,16.1,new,high,20,8,12,25.0
Ce-Cu-Nd-O|Nd1.85Ce0.15Cu1O4.014,Nd1.86Ce0.14Cu1O3.96-MP-mp-4158.cif,Nd1.86Ce0.14Cu1O3.96,21.3,new,high,20,8,12,25.0
Ce-Cu-Nd-O|Nd1.85Ce0.15Cu1O4.014,Nd1.85Ce0.15Cu1O4.034-MP-icsd-39476.cif,Nd1.85Ce0.15Cu1O4.034,9.1,new,low,20,8,12,25.0
Ce-Cu-Nd-O|Nd1.85Ce0.15Cu1O4.014,Nd1.85Ce0.15Cu1O4.014-MP-icsd-39476.cif,Nd1.85Ce0.15Cu1O4.014,25.0,new,high,20,8,12,25.0
Ce-Cu-Nd-O|Nd1.85Ce0.15Cu1O4.014,Nd1.875Ce0.125CuO4-MP-icsd-39476.cif,Nd1.875Ce0.125CuO4,0.0,new,zero,20,8,12,25.0
Ce-Cu-Gd-O-Ru-Sr|Ce0.02Cu2Gd0.98Ru1Sr2O8,Ce0.02Cu2Gd0.98Ru1Sr2O8-MP-mp-1194240-synth_doped.cif,Ce0.02Cu2Gd0.98Ru1Sr2O8,13.0,V45,high,2,1,1,13.0
Ce-Cu-Gd-O-Ru-Sr|Ce0.02Cu2Gd0.98Ru1Sr2O8,Ce0.05Cu2Gd0.95Ru1Sr2O8-MP-mp-1194240-synth_doped.cif,Ce0.05Cu2Gd0.95Ru1Sr2O8,0.0,V45,zero,2,1,1,13.0
Ce-Cu-Gd-O-Ru-Sr|Ru1Sr2Gd1.4Ce0.6Cu2O10,Ru1Sr2Gd1.4Ce0.6Cu2O10-MP-mp-1218883.cif,Ru1Sr2Gd1.4Ce0.6Cu2O10,45.0,new,high,2,1,1,45.0
Ce-Cu-Gd-O-Ru-Sr|Ru1Sr2Gd1.4Ce0.6Cu2O10,RuSr2Gd1.4Ce0.6Cu2O10-MP-mp-1218883.cif,RuSr2Gd1.4Ce0.6Cu2O10,0.0,new,zero,2,1,1,45.0
Ce-Cu-O-Pr|Ce0.04Cu1Pr1.96O4,Ce0.04Cu1Pr1.96O4-MP-mp-4181-synth_doped.cif,Ce0.04Cu1Pr1.96O4,23.6,V45,high,2,1,1,23.6
Ce-Cu-O-Pr|Ce0.04Cu1Pr1.96O4,Ce0.05Cu1Pr1.95O4-MP-mp-4181-synth_doped.cif,Ce0.05Cu1Pr1.95O4,0.0,V45,zero,2,1,1,23.6
Ce-Cu-O-Pr|Ce0.09Cu1Pr1.91O4,Ce0.09Cu1Pr1.91O4-MP-mp-4181-synth_doped.cif,Ce0.09Cu1Pr1.91O4,21.5,V45,high,3,1,2,21.5
Ce-Cu-O-Pr|Ce0.09Cu1Pr1.91O4,Ce0.1Cu1Pr1.9O4-MP-mp-4181-synth_doped.cif,Ce0.1Cu1Pr1.9O4,0.0,V45,zero,3,1,2,21.5
Ce-Cu-O-Pr|Ce0.09Cu1Pr1.91O4,Pr1.9Ce0.1Cu1O3.98-MP-icsd-56654.cif,Pr1.9Ce0.1Cu1O3.98,9.0,new,low,3,1,2,21.5
Ce-Cu-O-Pr|Pr1.85Ce0.15Cu1O3.97,Ce0.13Cu1Pr1.87O4-MP-mp-4181-synth_doped.cif,Ce0.13Cu1Pr1.87O4,9.4,V45,low,6,1,5,20.0
Ce-Cu-O-Pr|Pr1.85Ce0.15Cu1O3.97,Ce0.14Cu1Pr1.86O4-MP-mp-4181-synth_doped.cif,Ce0.14Cu1Pr1.86O4,19.35,V45,high,6,1,5,20.0
Ce-Cu-O-Pr|Pr1.85Ce0.15Cu1O3.97,Pr1.87Ce0.13Cu1O3.99-MP-mp-4181.cif,Pr1.87Ce0.13Cu1O3.99,16.0,new,high,6,1,5,20.0
Ce-Cu-O-Pr|Pr1.85Ce0.15Cu1O3.97,Pr1.85Ce0.15Cu1O3.98-MP-mp-4181.cif,Pr1.85Ce0.15Cu1O3.98,19.53333333,new,high,6,1,5,20.0
Ce-Cu-O-Pr|Pr1.85Ce0.15Cu1O3.97,Pr1.85Ce0.15Cu1O3.97-MP-mp-4181.cif,Pr1.85Ce0.15Cu1O3.97,20.0,new,high,6,1,5,20.0
Ce-Cu-O-Pr|Pr1.85Ce0.15Cu1O3.97,Pr1.875Ce0.125CuO4-MP-mp-4181.cif,Pr1.875Ce0.125CuO4,0.0,new,zero,6,1,5,20.0
Ce-Cu-O-Pr|Ce0.17Cu1Pr1.83O4,Ce0.2Cu1Pr1.8O4-MP-mp-4181-synth_doped.cif,Ce0.2Cu1Pr1.8O4,3.0,V45,low,4,1,3,15.425
Ce-Cu-O-Pr|Ce0.17Cu1Pr1.83O4,Pr1.83Ce0.17Cu1O3.99-MP-mp-4181.cif,Pr1.83Ce0.17Cu1O3.99,13.0,new,high,4,1,3,15.425
Ce-Cu-O-Pr|Ce0.17Cu1Pr1.83O4,Ce0.17Cu1Pr1.83O4-MP-mp-4181-synth_doped.cif,Ce0.17Cu1Pr1.83O4,15.425,V45,high,4,1,3,15.425
Ce-Cu-O-Pr|Ce0.17Cu1Pr1.83O4,Ce0.18Cu1Pr1.82O4-MP-mp-4181-synth_doped.cif,Ce0.18Cu1Pr1.82O4,0.0,V45,zero,4,1,3,15.425
Ce-Cu-La-O|Ce0.064Cu1La1.936O4,Ce0.064Cu1La1.936O4-MP-mp-1077929-synth_doped.cif,Ce0.064Cu1La1.936O4,13.8,V45,high,2,1,1,13.8
Ce-Cu-La-O|Ce0.064Cu1La1.936O4,Ce0.06Cu1La1.94O4-MP-mp-1077929-synth_doped.cif,Ce0.06Cu1La1.94O4,0.0,V45,zero,2,1,1,13.8
Ce-Cu-La-O|Ce0.091Cu1La1.909O4,Ce0.091Cu1La1.909O4-MP-mp-1077929-synth_doped.cif,Ce0.091Cu1La1.909O4,30.3,V45,high,11,0,11,30.3
Ce-Cu-La-O|Ce0.091Cu1La1.909O4,Ce0.09Cu1La1.91O4-MP-mp-1077929-synth_doped.cif,Ce0.09Cu1La1.91O4,20.35,V45,high,11,0,11,30.3
Ce-Cu-La-O|Ce0.091Cu1La1.909O4,Ce0.105Cu1La1.895O4-MP-mp-1077929-synth_doped.cif,Ce0.105Cu1La1.895O4,24.3,V45,high,11,0,11,30.3
Ce-Cu-La-O|Ce0.091Cu1La1.909O4,Ce0.109Cu1La1.891O4-MP-mp-1077929-synth_doped.cif,Ce0.109Cu1La1.891O4,28.5,V45,high,11,0,11,30.3
Ce-Cu-La-O|Ce0.091Cu1La1.909O4,Ce0.11Cu1La1.89O4-MP-mp-1077929-synth_doped.cif,Ce0.11Cu1La1.89O4,27.1625,V45,high,11,0,11,30.3
Ce-Cu-La-O|Ce0.091Cu1La1.909O4,Ce0.12Cu1La1.88O4-MP-mp-1077929-synth_doped.cif,Ce0.12Cu1La1.88O4,24.3,V45,high,11,0,11,30.3
Ce-Cu-La-O|Ce0.091Cu1La1.909O4,Ce0.135Cu1La1.865O4-MP-mp-1077929-synth_doped.cif,Ce0.135Cu1La1.865O4,21.2,V45,high,11,0,11,30.3
Ce-Cu-La-O|Ce0.091Cu1La1.909O4,Ce0.13Cu1La1.87O4-MP-mp-1077929-synth_doped.cif,Ce0.13Cu1La1.87O4,21.83333333,V45,high,11,0,11,30.3
Ce-Cu-La-O|Ce0.091Cu1La1.909O4,Ce0.15Cu1La1.85O4-MP-mp-1077929-synth_doped.cif,Ce0.15Cu1La1.85O4,9.25,V45,low,11,0,11,30.3
Ce-Cu-La-O|Ce0.091Cu1La1.909O4,Ce0.16Cu1La1.84O4-MP-mp-1077929-synth_doped.cif,Ce0.16Cu1La1.84O4,1.5,V45,low,11,0,11,30.3
Ce-Cu-La-O|Ce0.091Cu1La1.909O4,Ce0.179Cu1La1.821O4-MP-mp-1077929-synth_doped.cif,Ce0.179Cu1La1.821O4,7.225,V45,low,11,0,11,30.3
Ce-Cu-O-Sm|Ce0.14Cu1Sm1.86O4,Ce0.09Cu1Sm1.91O4-MP-mp-4210-synth_doped.cif,Ce0.09Cu1Sm1.91O4,0.0,V45,zero,14,6,8,22.7
Ce-Cu-O-Sm|Ce0.14Cu1Sm1.86O4,Ce0.11Cu1Sm1.89O4-MP-mp-4210-synth_doped.cif,Ce0.11Cu1Sm1.89O4,0.0,V45,zero,14,6,8,22.7
Ce-Cu-O-Sm|Ce0.14Cu1Sm1.86O4,Ce0.12Cu1Sm1.88O4-MP-mp-4210-synth_doped.cif,Ce0.12Cu1Sm1.88O4,3.9,V45,low,14,6,8,22.7
Ce-Cu-O-Sm|Ce0.14Cu1Sm1.86O4,Ce0.13Cu1Sm1.87O4-MP-mp-4210-synth_doped.cif,Ce0.13Cu1Sm1.87O4,0.0,V45,zero,14,6,8,22.7
Ce-Cu-O-Sm|Ce0.14Cu1Sm1.86O4,Ce0.143Cu1Sm1.857O4-MP-mp-4210-synth_doped.cif,Ce0.143Cu1Sm1.857O4,22.3,V45,high,14,6,8,22.7
Ce-Cu-O-Sm|Ce0.14Cu1Sm1.86O4,Ce0.14Cu1Sm1.86O4-MP-mp-4210-synth_doped.cif,Ce0.14Cu1Sm1.86O4,22.7,V45,high,14,6,8,22.7
Ce-Cu-O-Sm|Ce0.14Cu1Sm1.86O4,Ce0.156Cu1Sm1.844O4-MP-mp-4210-synth_doped.cif,Ce0.156Cu1Sm1.844O4,16.4,V45,high,14,6,8,22.7
Ce-Cu-O-Sm|Ce0.14Cu1Sm1.86O4,Ce0.15Cu1Sm1.85O4-MP-mp-4210-synth_doped.cif,Ce0.15Cu1Sm1.85O4,18.05714286,V45,high,14,6,8,22.7
Ce-Cu-O-Sm|Ce0.14Cu1Sm1.86O4,Ce0.17Cu1Sm1.83O4-MP-mp-4210-synth_doped.cif,Ce0.17Cu1Sm1.83O4,0.0,V45,zero,14,6,8,22.7
Ce-Cu-O-Sm|Ce0.14Cu1Sm1.86O4,Ce0.19Cu1Sm1.81O4-MP-mp-4210-synth_doped.cif,Ce0.19Cu1Sm1.81O4,0.0,V45,zero,14,6,8,22.7
Ce-Cu-O-Sm|Ce0.14Cu1Sm1.86O4,Ce0.21Cu1Sm1.79O4-MP-mp-4210-synth_doped.cif,Ce0.21Cu1Sm1.79O4,0.0,V45,zero,14,6,8,22.7
Ce-Cu-O-Sm|Ce0.14Cu1Sm1.86O4,Ce0.2Cu1Sm1.8O4-MP-mp-4210-synth_doped.cif,Ce0.2Cu1Sm1.8O4,14.7,V45,high,14,6,8,22.7
Ce-Cu-O-Sm|Ce0.14Cu1Sm1.86O4,Sm1.85Ce0.15Cu1O3.98-MP-mp-4210.cif,Sm1.85Ce0.15Cu1O3.98,19.7,new,high,14,6,8,22.7
Ce-Cu-O-Sm|Ce0.14Cu1Sm1.86O4,Sm1.85Ce0.15Cu1O3.97-MP-mp-4210.cif,Sm1.85Ce0.15Cu1O3.97,21.8,new,high,14,6,8,22.7
Co-Cu-La-O-Sr|La1.85Sr0.15Cu0.9975Co0.0025O4,La1.84Sr0.16Cu0.99Co0.01O4-MP-mp-1077929.cif,La1.84Sr0.16Cu0.99Co0.01O4,29.5,new,high,10,0,10,34.8
Co-Cu-La-O-Sr|La1.85Sr0.15Cu0.9975Co0.0025O4,La1.85Sr0.15Cu0.99Co0.01O4-MP-mp-1077929.cif,La1.85Sr0.15Cu0.99Co0.01O4,25.2,new,high,10,0,10,34.8
Co-Cu-La-O-Sr|La1.85Sr0.15Cu0.9975Co0.0025O4,La1.85Sr0.15Cu0.996Co0.004O4-MP-mp-1077929.cif,La1.85Sr0.15Cu0.996Co0.004O4,30.6,new,high,10,0,10,34.8
Co-Cu-La-O-Sr|La1.85Sr0.15Cu0.9975Co0.0025O4,La1.85Sr0.15Cu0.9875Co0.0125O4-MP-mp-1077929.cif,La1.85Sr0.15Cu0.9875Co0.0125O4,18.6,new,high,10,0,10,34.8
Co-Cu-La-O-Sr|La1.85Sr0.15Cu0.9975Co0.0025O4,La1.85Sr0.15Cu0.976Co0.024O4-MP-mp-1077929.cif,La1.85Sr0.15Cu0.976Co0.024O4,4.4,new,low,10,0,10,34.8
Co-Cu-La-O-Sr|La1.85Sr0.15Cu0.9975Co0.0025O4,La1.83Sr0.17Cu0.98Co0.02O4-MP-mp-1077929.cif,La1.83Sr0.17Cu0.98Co0.02O4,17.0,new,low,10,0,10,34.8
Co-Cu-La-O-Sr|La1.85Sr0.15Cu0.9975Co0.0025O4,La1.85Sr0.15Cu0.9825Co0.0175O4-MP-mp-1077929.cif,La1.85Sr0.15Cu0.9825Co0.0175O4,8.9,new,low,10,0,10,34.8
Co-Cu-La-O-Sr|La1.85Sr0.15Cu0.9975Co0.0025O4,La1.85Sr0.15Cu0.973Co0.027O4-MP-mp-1077929.cif,La1.85Sr0.15Cu0.973Co0.027O4,1.25,new,low,10,0,10,34.8
Co-Cu-La-O-Sr|La1.85Sr0.15Cu0.9975Co0.0025O4,La1.82Sr0.18Cu0.97Co0.03O4-MP-mp-1077929.cif,La1.82Sr0.18Cu0.97Co0.03O4,3.0,new,low,10,0,10,34.8
Co-Cu-La-O-Sr|La1.85Sr0.15Cu0.9975Co0.0025O4,La1.85Sr0.15Cu0.9975Co0.0025O4-MP-mp-1077929.cif,La1.85Sr0.15Cu0.9975Co0.0025O4,34.8,new,high,10,0,10,34.8
Co-Cu-La-O-Sr|La1.75Sr0.25Cu0.94Co0.06O4,Sr0.2La1.8Cu0.95Co0.05O4-MP-mp-1077929.cif,Sr0.2La1.8Cu0.95Co0.05O4,8.0,new,low,10,1,9,36.4
Co-Cu-La-O-Sr|La1.75Sr0.25Cu0.94Co0.06O4,La1.67Sr0.33Cu0.94Co0.06O4-MP-mp-1218244.cif,La1.67Sr0.33Cu0.94Co0.06O4,29.0,new,high,10,1,9,36.4
Co-Cu-La-O-Sr|La1.75Sr0.25Cu0.94Co0.06O4,La1.69Sr0.31Cu0.94Co0.06O4-MP-mp-1218244.cif,La1.69Sr0.31Cu0.94Co0.06O4,31.0,new,high,10,1,9,36.4
Co-Cu-La-O-Sr|La1.75Sr0.25Cu0.94Co0.06O4,La1.71Sr0.29Cu0.94Co0.06O4-MP-mp-1077929.cif,La1.71Sr0.29Cu0.94Co0.06O4,33.0,new,high,10,1,9,36.4
Co-Cu-La-O-Sr|La1.75Sr0.25Cu0.94Co0.06O4,La1.73Sr0.27Cu0.94Co0.06O4-MP-mp-1077929.cif,La1.73Sr0.27Cu0.94Co0.06O4,34.0,new,high,10,1,9,36.4
Co-Cu-La-O-Sr|La1.75Sr0.25Cu0.94Co0.06O4,La1.77Sr0.23Cu0.94Co0.06O4-MP-mp-1077929.cif,La1.77Sr0.23Cu0.94Co0.06O4,32.5,new,high,10,1,9,36.4
Co-Cu-La-O-Sr|La1.75Sr0.25Cu0.94Co0.06O4,La1.79Sr0.21Cu0.94Co0.06O4-MP-mp-1077929.cif,La1.79Sr0.21Cu0.94Co0.06O4,31.8,new,high,10,1,9,36.4
Co-Cu-La-O-Sr|La1.75Sr0.25Cu0.94Co0.06O4,La1.81Sr0.19Cu0.94Co0.06O4-MP-mp-1077929.cif,La1.81Sr0.19Cu0.94Co0.06O4,31.8,new,high,10,1,9,36.4
Co-Cu-La-O-Sr|La1.75Sr0.25Cu0.94Co0.06O4,La1.75Sr0.25Cu0.94Co0.06O4-MP-mp-1077929.cif,La1.75Sr0.25Cu0.94Co0.06O4,36.4,new,high,10,1,9,36.4
Co-Cu-La-O-Sr|La1.75Sr0.25Cu0.94Co0.06O4,La1.83Sr0.17Cu0.94Co0.06O4-MP-mp-1077929.cif,La1.83Sr0.17Cu0.94Co0.06O4,0.0,new,zero,10,1,9,36.4
Cr-Cu-Fe-O|Cr0.95Cu1Fe0.05O2,Cr0.95Cu1Fe0.05O2-MP-mp-510625-synth_doped.cif,Cr0.95Cu1Fe0.05O2,117.5,V45,high,2,1,1,117.5
Cr-Cu-Fe-O|Cr0.95Cu1Fe0.05O2,Cu(Cr0.94Fe0.06)O2-MP-mp-510625.cif,Cu(Cr0.94Fe0.06)O2,0.0,new,zero,2,1,1,117.5
Cu-O-Ru-Sr-Y|Cu0.05Ru0.95Sr2Y1O6,Cu0.03Ru0.97Sr2Y1O6-MP-mp-14430-synth_doped.cif,Cu0.03Ru0.97Sr2Y1O6,0.0,V45,zero,3,1,2,11.9
Cu-O-Ru-Sr-Y|Cu0.05Ru0.95Sr2Y1O6,Cu0.04Ru0.96Sr2Y1O6-MP-mp-14430-synth_doped.cif,Cu0.04Ru0.96Sr2Y1O6,5.1,V45,low,3,1,2,11.9
Cu-O-Ru-Sr-Y|Cu0.05Ru0.95Sr2Y1O6,Cu0.05Ru0.95Sr2Y1O6-MP-mp-14430-synth_doped.cif,Cu0.05Ru0.95Sr2Y1O6,11.9,V45,high,3,1,2,11.9
Cu-Fe-La-O-Sr|La1.71Sr0.29Cu0.94Fe0.06O4,La1.67Sr0.33Cu0.94Fe0.06O4-MP-mp-1218244.cif,La1.67Sr0.33Cu0.94Fe0.06O4,0.0,new,zero,10,1,9,32.5
Cu-Fe-La-O-Sr|La1.71Sr0.29Cu0.94Fe0.06O4,La1.69Sr0.31Cu0.94Fe0.06O4-MP-mp-1218244.cif,La1.69Sr0.31Cu0.94Fe0.06O4,28.4,new,high,10,1,9,32.5
Cu-Fe-La-O-Sr|La1.71Sr0.29Cu0.94Fe0.06O4,La1.71Sr0.29Cu0.94Fe0.06O4-MP-mp-1077929.cif,La1.71Sr0.29Cu0.94Fe0.06O4,32.5,new,high,10,1,9,32.5
Cu-Fe-La-O-Sr|La1.71Sr0.29Cu0.94Fe0.06O4,La1.73Sr0.27Cu0.94Fe0.06O4-MP-mp-1077929.cif,La1.73Sr0.27Cu0.94Fe0.06O4,32.5,new,high,10,1,9,32.5
Cu-Fe-La-O-Sr|La1.71Sr0.29Cu0.94Fe0.06O4,La1.77Sr0.23Cu0.94Fe0.06O4-MP-mp-1077929.cif,La1.77Sr0.23Cu0.94Fe0.06O4,30.5,new,high,10,1,9,32.5
Cu-Fe-La-O-Sr|La1.71Sr0.29Cu0.94Fe0.06O4,La1.79Sr0.21Cu0.94Fe0.06O4-MP-mp-1077929.cif,La1.79Sr0.21Cu0.94Fe0.06O4,2.8,new,low,10,1,9,32.5
Cu-Fe-La-O-Sr|La1.71Sr0.29Cu0.94Fe0.06O4,La1.81Sr0.19Cu0.94Fe0.06O4-MP-mp-1077929.cif,La1.81Sr0.19Cu0.94Fe0.06O4,28.6,new,high,10,1,9,32.5
Cu-Fe-La-O-Sr|La1.71Sr0.29Cu0.94Fe0.06O4,La1.75Sr0.25Cu0.94Fe0.06O4-MP-mp-1077929.cif,La1.75Sr0.25Cu0.94Fe0.06O4,30.5,new,high,10,1,9,32.5
Cu-Fe-La-O-Sr|La1.71Sr0.29Cu0.94Fe0.06O4,La1.83Sr0.17Cu0.94Fe0.06O4-MP-mp-1077929.cif,La1.83Sr0.17Cu0.94Fe0.06O4,26.5,new,high,10,1,9,32.5
Cu-Fe-La-O-Sr|La1.71Sr0.29Cu0.94Fe0.06O4,La1.8Sr0.2Cu0.95Fe0.05O4-MP-mp-1077929.cif,La1.8Sr0.2Cu0.95Fe0.05O4,15.0,new,low,10,1,9,32.5
Cu-Fe-La-O-Sr|La1.82Sr0.18Cu0.97Fe0.03O4,La1.815Sr0.185Cu0.965Fe0.035O4-MP-mp-1077929.cif,La1.815Sr0.185Cu0.965Fe0.035O4,0.0,new,zero,2,1,1,29.0
Cu-Fe-La-O-Sr|La1.82Sr0.18Cu0.97Fe0.03O4,La1.82Sr0.18Cu0.97Fe0.03O4-MP-mp-1077929.cif,La1.82Sr0.18Cu0.97Fe0.03O4,29.0,new,high,2,1,1,29.0
Cu-Fe-La-O-Sr|La1.85Sr0.15Cu0.997Fe0.003O4,La1.85Sr0.15Cu0.973Fe0.027O4-MP-mp-1077929.cif,La1.85Sr0.15Cu0.973Fe0.027O4,0.0,new,zero,6,1,5,33.6
Cu-Fe-La-O-Sr|La1.85Sr0.15Cu0.997Fe0.003O4,La1.84Sr0.16Cu0.99Fe0.01O4-MP-mp-1077929.cif,La1.84Sr0.16Cu0.99Fe0.01O4,32.5,new,high,6,1,5,33.6
Cu-Fe-La-O-Sr|La1.85Sr0.15Cu0.997Fe0.003O4,La1.85Sr0.15Cu0.988Fe0.012O4-MP-mp-1077929.cif,La1.85Sr0.15Cu0.988Fe0.012O4,8.4,new,low,6,1,5,33.6
Cu-Fe-La-O-Sr|La1.85Sr0.15Cu0.997Fe0.003O4,La1.85Sr0.15Cu0.996Fe0.004O4-MP-mp-1077929.cif,La1.85Sr0.15Cu0.996Fe0.004O4,27.825,new,high,6,1,5,33.6
Cu-Fe-La-O-Sr|La1.85Sr0.15Cu0.997Fe0.003O4,La1.85Sr0.15Cu0.997Fe0.003O4-MP-mp-1077929.cif,La1.85Sr0.15Cu0.997Fe0.003O4,33.6,new,high,6,1,5,33.6
Cu-Fe-La-O-Sr|La1.85Sr0.15Cu0.997Fe0.003O4,La1.85Sr0.15Cu0.982Fe0.018O4-MP-mp-1077929.cif,La1.85Sr0.15Cu0.982Fe0.018O4,0.05,new,low,6,1,5,33.6
Cu-La-O-Zn|La2Cu0.99Zn0.01O4.099,La2Cu0.95Zn0.05O4.106-MP-mp-757399.cif,La2Cu0.95Zn0.05O4.106,0.0,new,zero,5,2,3,29.3
Cu-La-O-Zn|La2Cu0.99Zn0.01O4.099,La2Cu0.96Zn0.04O4.105-MP-mp-757399.cif,La2Cu0.96Zn0.04O4.105,0.0,new,zero,5,2,3,29.3
Cu-La-O-Zn|La2Cu0.99Zn0.01O4.099,La2Cu0.97Zn0.03O4.1-MP-mp-757399.cif,La2Cu0.97Zn0.03O4.1,7.3,new,low,5,2,3,29.3
Cu-La-O-Zn|La2Cu0.99Zn0.01O4.099,La2Cu0.99Zn0.01O4.099-MP-mp-757399.cif,La2Cu0.99Zn0.01O4.099,29.3,new,high,5,2,3,29.3
Cu-La-O-Zn|La2Cu0.99Zn0.01O4.099,La2Cu0.98Zn0.02O4.099-MP-icsd-41494.cif,La2Cu0.98Zn0.02O4.099,19.2,new,high,5,2,3,29.3
Cu-La-O-Sr|La1.98Sr0.02Cu1O4.09,Cu1La1.72Sr0.28O4-MP-mp-1077929-synth_doped.cif,Cu1La1.72Sr0.28O4,4.98,V45,low,78,18,60,40.0
Cu-La-O-Sr|La1.98Sr0.02Cu1O4.09,Cu1La1.737Sr0.263O4-MP-mp-1077929-synth_doped.cif,Cu1La1.737Sr0.263O4,8.0,V45,low,78,18,60,40.0
Cu-La-O-Sr|La1.98Sr0.02Cu1O4.09,Cu1La1.74Sr0.26O4-MP-mp-1077929-synth_doped.cif,Cu1La1.74Sr0.26O4,9.5875,V45,low,78,18,60,40.0
Cu-La-O-Sr|La1.98Sr0.02Cu1O4.09,Cu1La1.762Sr0.238O4-MP-mp-1077929-synth_doped.cif,Cu1La1.762Sr0.238O4,19.5,V45,low,78,18,60,40.0
Cu-La-O-Sr|La1.98Sr0.02Cu1O4.09,Cu1La1.763Sr0.237O4-MP-mp-1077929-synth_doped.cif,Cu1La1.763Sr0.237O4,13.0,V45,low,78,18,60,40.0
Cu-La-O-Sr|La1.98Sr0.02Cu1O4.09,Cu1La1.76Sr0.24O4-MP-mp-1077929-synth_doped.cif,Cu1La1.76Sr0.24O4,17.7,V45,low,78,18,60,40.0
Cu-La-O-Sr|La1.98Sr0.02Cu1O4.09,Cu1La1.774Sr0.226O4-MP-mp-1077929-synth_doped.cif,Cu1La1.774Sr0.226O4,19.8,V45,low,78,18,60,40.0
Cu-La-O-Sr|La1.98Sr0.02Cu1O4.09,Cu1La1.775Sr0.225O4-MP-mp-1077929-synth_doped.cif,Cu1La1.775Sr0.225O4,21.5,V45,high,78,18,60,40.0
Cu-La-O-Sr|La1.98Sr0.02Cu1O4.09,Cu1La1.77Sr0.23O4-MP-mp-1077929-synth_doped.cif,Cu1La1.77Sr0.23O4,21.15,V45,high,78,18,60,40.0
Cu-La-O-Sr|La1.98Sr0.02Cu1O4.09,Cu1La1.782Sr0.218O4-MP-mp-1077929-synth_doped.cif,Cu1La1.782Sr0.218O4,25.0,V45,high,78,18,60,40.0
Cu-La-O-Sr|La1.98Sr0.02Cu1O4.09,Cu1La1.795Sr0.205O4-MP-mp-1077929-synth_doped.cif,Cu1La1.795Sr0.205O4,0.0,V45,zero,78,18,60,40.0
Cu-La-O-Sr|La1.98Sr0.02Cu1O4.09,Cu1La1.798Sr0.202O4-MP-mp-1077929-synth_doped.cif,Cu1La1.798Sr0.202O4,30.5,V45,high,78,18,60,40.0
Cu-La-O-Sr|La1.98Sr0.02Cu1O4.09,Cu1La1.812Sr0.188O4-MP-mp-1077929-synth_doped.cif,Cu1La1.812Sr0.188O4,33.7,V45,high,78,18,60,40.0
Cu-La-O-Sr|La1.98Sr0.02Cu1O4.09,Cu1La1.822Sr0.178O4-MP-mp-1077929-synth_doped.cif,Cu1La1.822Sr0.178O4,36.0,V45,high,78,18,60,40.0
Cu-La-O-Sr|La1.98Sr0.02Cu1O4.09,Cu1La1.828Sr0.172O4-MP-mp-1077929-synth_doped.cif,Cu1La1.828Sr0.172O4,39.35,V45,high,78,18,60,40.0
Cu-La-O-Sr|La1.98Sr0.02Cu1O4.09,Cu1La1.834Sr0.166O4-MP-mp-1077929-synth_doped.cif,Cu1La1.834Sr0.166O4,35.0,V45,high,78,18,60,40.0
Cu-La-O-Sr|La1.98Sr0.02Cu1O4.09,Cu1La1.836Sr0.164O4-MP-mp-1077929-synth_doped.cif,Cu1La1.836Sr0.164O4,36.9,V45,high,78,18,60,40.0
Cu-La-O-Sr|La1.98Sr0.02Cu1O4.09,Cu1La1.847Sr0.153O4-MP-mp-1077929-synth_doped.cif,Cu1La1.847Sr0.153O4,39.25,V45,high,78,18,60,40.0
Cu-La-O-Sr|La1.98Sr0.02Cu1O4.09,Cu1La1.855Sr0.145O4-MP-mp-1077929-synth_doped.cif,Cu1La1.855Sr0.145O4,33.55,V45,high,78,18,60,40.0
Cu-La-O-Sr|La1.98Sr0.02Cu1O4.09,Cu1La1.85Sr0.15O4-MP-mp-1077929-synth_doped.cif,Cu1La1.85Sr0.15O4,34.7,V45,high,78,18,60,40.0
Cu-La-O-Sr|La1.98Sr0.02Cu1O4.09,Cu1La1.862Sr0.138O4-MP-mp-1077929-synth_doped.cif,Cu1La1.862Sr0.138O4,33.0,V45,high,78,18,60,40.0
Cu-La-O-Sr|La1.98Sr0.02Cu1O4.09,Cu1La1.865Sr0.135O4-MP-mp-1077929-synth_doped.cif,Cu1La1.865Sr0.135O4,33.0,V45,high,78,18,60,40.0
Cu-La-O-Sr|La1.98Sr0.02Cu1O4.09,Cu1La1.868Sr0.132O4-MP-mp-1077929-synth_doped.cif,Cu1La1.868Sr0.132O4,35.5,V45,high,78,18,60,40.0
Cu-La-O-Sr|La1.98Sr0.02Cu1O4.09,Cu1La1.875Sr0.125O4-MP-mp-1077929-synth_doped.cif,Cu1La1.875Sr0.125O4,30.04,V45,high,78,18,60,40.0
Cu-La-O-Sr|La1.98Sr0.02Cu1O4.09,Cu1La1.883Sr0.117O4-MP-mp-1077929-synth_doped.cif,Cu1La1.883Sr0.117O4,33.0,V45,high,78,18,60,40.0
Cu-La-O-Sr|La1.98Sr0.02Cu1O4.09,Cu1La1.885Sr0.115O4-MP-mp-1077929-synth_doped.cif,Cu1La1.885Sr0.115O4,28.414,V45,high,78,18,60,40.0
Cu-La-O-Sr|La1.98Sr0.02Cu1O4.09,Cu1La1.887Sr0.113O4-MP-mp-1077929-synth_doped.cif,Cu1La1.887Sr0.113O4,29.7,V45,high,78,18,60,40.0
Cu-La-O-Sr|La1.98Sr0.02Cu1O4.09,Cu1La1.888Sr0.112O4-MP-mp-1077929-synth_doped.cif,Cu1La1.888Sr0.112O4,27.0,V45,high,78,18,60,40.0
Cu-La-O-Sr|La1.98Sr0.02Cu1O4.09,Cu1La1.889Sr0.111O4-MP-mp-1077929-synth_doped.cif,Cu1La1.889Sr0.111O4,29.2,V45,high,78,18,60,40.0
Cu-La-O-Sr|La1.98Sr0.02Cu1O4.09,Cu1La1.895Sr0.105O4-MP-mp-1077929-synth_doped.cif,Cu1La1.895Sr0.105O4,26.3,V45,high,78,18,60,40.0
Cu-La-O-Sr|La1.98Sr0.02Cu1O4.09,Cu1La1.913Sr0.087O4-MP-mp-1077929-synth_doped.cif,Cu1La1.913Sr0.087O4,25.0,V45,high,78,18,60,40.0
Cu-La-O-Sr|La1.98Sr0.02Cu1O4.09,Cu1La1.914Sr0.086O4-MP-mp-1077929-synth_doped.cif,Cu1La1.914Sr0.086O4,22.25,V45,high,78,18,60,40.0
Cu-La-O-Sr|La1.98Sr0.02Cu1O4.09,Cu1La1.925Sr0.075O4-MP-mp-1077929-synth_doped.cif,Cu1La1.925Sr0.075O4,18.26666667,V45,low,78,18,60,40.0
Cu-La-O-Sr|La1.98Sr0.02Cu1O4.09,Cu1La1.931Sr0.069O4-MP-mp-1077929-synth_doped.cif,Cu1La1.931Sr0.069O4,12.0,V45,low,78,18,60,40.0
Cu-La-O-Sr|La1.98Sr0.02Cu1O4.09,Cu1La1.937Sr0.063O4-MP-mp-1077929-synth_doped.cif,Cu1La1.937Sr0.063O4,11.7,V45,low,78,18,60,40.0
Cu-La-O-Sr|La1.98Sr0.02Cu1O4.09,Cu1La1.93Sr0.07O4-MP-mp-1077929-synth_doped.cif,Cu1La1.93Sr0.07O4,17.2,V45,low,78,18,60,40.0
Cu-La-O-Sr|La1.98Sr0.02Cu1O4.09,Cu1La1.943Sr0.057O4-MP-mp-1077929-synth_doped.cif,Cu1La1.943Sr0.057O4,4.51,V45,low,78,18,60,40.0
Cu-La-O-Sr|La1.98Sr0.02Cu1O4.09,Cu1La1.945Sr0.055O4-MP-mp-1077929-synth_doped.cif,Cu1La1.945Sr0.055O4,0.0,V45,zero,78,18,60,40.0
Cu-La-O-Sr|La1.98Sr0.02Cu1O4.09,Cu1La1.955Sr0.045O4-MP-mp-1077929-synth_doped.cif,Cu1La1.955Sr0.045O4,0.0,V45,zero,78,18,60,40.0
Cu-La-O-Sr|La1.98Sr0.02Cu1O4.09,Cu1La1.962Sr0.038O4-MP-mp-1077929-synth_doped.cif,Cu1La1.962Sr0.038O4,0.0,V45,zero,78,18,60,40.0
Cu-La-O-Sr|La1.98Sr0.02Cu1O4.09,Cu1La1.964Sr0.036O4-MP-mp-1077929-synth_doped.cif,Cu1La1.964Sr0.036O4,0.0,V45,zero,78,18,60,40.0
Cu-La-O-Sr|La1.98Sr0.02Cu1O4.09,Cu1La1.975Sr0.025O4-MP-mp-1077929-synth_doped.cif,Cu1La1.975Sr0.025O4,0.0,V45,zero,78,18,60,40.0
Cu-La-O-Sr|La1.98Sr0.02Cu1O4.09,Cu1La1.983Sr0.017O4-MP-mp-1077929-synth_doped.cif,Cu1La1.983Sr0.017O4,0.0,V45,zero,78,18,60,40.0
Cu-La-O-Sr|La1.98Sr0.02Cu1O4.09,Cu1La1.98Sr0.02O4-MP-mp-1077929-synth_doped.cif,Cu1La1.98Sr0.02O4,0.0,V45,zero,78,18,60,40.0
Cu-La-O-Sr|La1.98Sr0.02Cu1O4.09,Cu1La1.99Sr0.01O4-MP-mp-1077929-synth_doped.cif,Cu1La1.99Sr0.01O4,0.0,V45,zero,78,18,60,40.0
Cu-La-O-Sr|La1.98Sr0.02Cu1O4.09,La1.98Sr0.02Cu1O4.09-MP-mp-757399.cif,La1.98Sr0.02Cu1O4.09,40.0,new,high,78,18,60,40.0
Cu-La-O-Sr|La1.98Sr0.02Cu1O4.09,La1.85Sr0.15Cu1O4.05-MP-mp-757399.cif,La1.85Sr0.15Cu1O4.05,39.0,new,high,78,18,60,40.0
Cu-La-O-Sr|La1.98Sr0.02Cu1O4.09,La1.85Sr0.15Cu1O4.022-MP-mp-757399.cif,La1.85Sr0.15Cu1O4.022,40.0,new,high,78,18,60,40.0
Cu-La-O-Sr|La1.98Sr0.02Cu1O4.09,La1.95Sr0.05Cu1O4.02-MP-mp-757399.cif,La1.95Sr0.05Cu1O4.02,0.0,new,zero,78,18,60,40.0
Cu-La-O-Sr|La1.98Sr0.02Cu1O4.09,La1.96Sr0.04Cu1O4.05-MP-mp-757399.cif,La1.96Sr0.04Cu1O4.05,40.0,new,high,78,18,60,40.0
Cu-La-O-Sr|La1.98Sr0.02Cu1O4.09,La1.97Sr0.03Cu1O4.06-MP-mp-757399.cif,La1.97Sr0.03Cu1O4.06,39.0,new,high,78,18,60,40.0
Cu-La-O-Sr|La1.98Sr0.02Cu1O4.09,La1.985Sr0.015Cu1O4.032-MP-mp-757399.cif,La1.985Sr0.015Cu1O4.032,26.0,new,high,78,18,60,40.0
Cu-La-O-Sr|La1.98Sr0.02Cu1O4.09,La1.7Sr0.3Cu1O3.997-MP-mp-1077929.cif,La1.7Sr0.3Cu1O3.997,5.1,new,low,78,18,60,40.0
Cu-La-O-Sr|La1.98Sr0.02Cu1O4.09,La1.73Sr0.27Cu1O3.99-MP-mp-1077929.cif,La1.73Sr0.27Cu1O3.99,0.0,new,zero,78,18,60,40.0
Cu-La-O-Sr|La1.98Sr0.02Cu1O4.09,La1.79Sr0.21Cu1O3.99-MP-mp-1077929.cif,La1.79Sr0.21Cu1O3.99,0.0,new,zero,78,18,60,40.0
Cu-La-O-Sr|La1.98Sr0.02Cu1O4.09,La1.75Sr0.25Cu1O3.99-MP-mp-1077929.cif,La1.75Sr0.25Cu1O3.99,0.0,new,zero,78,18,60,40.0
Cu-La-O-Sr|La1.98Sr0.02Cu1O4.09,La1.82Sr0.18Cu1O3.972-MP-mp-1077929.cif,La1.82Sr0.18Cu1O3.972,28.0,new,high,78,18,60,40.0
Cu-La-O-Sr|La1.98Sr0.02Cu1O4.09,La1.85Sr0.15Cu1O4.01-MP-mp-757399.cif,La1.85Sr0.15Cu1O4.01,36.0,new,high,78,18,60,40.0
Cu-La-O-Sr|La1.98Sr0.02Cu1O4.09,La1.82Sr0.18Cu1O3.987-MP-mp-1077929.cif,La1.82Sr0.18Cu1O3.987,33.0,new,high,78,18,60,40.0
Cu-La-O-Sr|La1.98Sr0.02Cu1O4.09,La1.89Sr0.11Cu1O3.986-MP-mp-1077929.cif,La1.89Sr0.11Cu1O3.986,29.2,new,high,78,18,60,40.0
Cu-La-O-Sr|La1.98Sr0.02Cu1O4.09,La1.9Sr0.1Cu1O3.997-MP-mp-1077929.cif,La1.9Sr0.1Cu1O3.997,32.0,new,high,78,18,60,40.0
Cu-La-O-Sr|La1.98Sr0.02Cu1O4.09,La1.95Sr0.05Cu1O3.98-MP-mp-1077929.cif,La1.95Sr0.05Cu1O3.98,0.0,new,zero,78,18,60,40.0
Cu-La-O-Sr|La1.98Sr0.02Cu1O4.09,La1.96Sr0.04Cu1O4.002-MP-mp-757399.cif,La1.96Sr0.04Cu1O4.002,0.0,new,zero,78,18,60,40.0
Cu-La-O-Sr|La1.98Sr0.02Cu1O4.09,La1.78Sr0.22Cu1O3.945-MP-mp-1077929.cif,La1.78Sr0.22Cu1O3.945,34.8,new,high,78,18,60,40.0
Cu-La-O-Sr|La1.98Sr0.02Cu1O4.09,La1.82Sr0.18Cu1O3.967-MP-mp-1077929.cif,La1.82Sr0.18Cu1O3.967,22.0,new,high,78,18,60,40.0
Cu-La-O-Sr|La1.98Sr0.02Cu1O4.09,La1.815Sr0.185Cu1O3.964-MP-mp-1077929.cif,La1.815Sr0.185Cu1O3.964,33.2,new,high,78,18,60,40.0
Cu-La-O-Sr|La1.98Sr0.02Cu1O4.09,La1.82Sr0.18Cu1O3.957-MP-mp-1077929.cif,La1.82Sr0.18Cu1O3.957,0.0,new,zero,78,18,60,40.0
Cu-La-O-Sr|La1.98Sr0.02Cu1O4.09,La1.81Sr0.19Cu1O3.949-MP-mp-1077929.cif,La1.81Sr0.19Cu1O3.949,0.0,new,zero,78,18,60,40.0
Cu-La-O-Sr|La1.98Sr0.02Cu1O4.09,La1.99Sr0.01Cu1O4.13-MP-mp-757399.cif,La1.99Sr0.01Cu1O4.13,40.0,new,high,78,18,60,40.0
Cu-La-O-Sr|La1.98Sr0.02Cu1O4.09,La1.9Sr0.1Cu1O4.018-MP-icsd-41494.cif,La1.9Sr0.1Cu1O4.018,40.0,new,high,78,18,60,40.0
Cu-La-O-Sr|La1.98Sr0.02Cu1O4.09,La1.985Sr0.015Cu1O4.024-MP-icsd-41494.cif,La1.985Sr0.015Cu1O4.024,16.0,new,low,78,18,60,40.0
Cu-La-O-Sr|La1.98Sr0.02Cu1O4.09,La1.9Sr0.1Cu1O4.01-MP-icsd-41494.cif,La1.9Sr0.1Cu1O4.01,29.0,new,high,78,18,60,40.0
Cu-La-O-Sr|La1.98Sr0.02Cu1O4.09,La1.943Sr0.089Cu1O4-MP-mp-1077929.cif,La1.943Sr0.089Cu1O4,24.6,new,high,78,18,60,40.0
Cu-La-O-Sr|La1.98Sr0.02Cu1O4.09,La1.943Sr0.076Cu1O4-MP-mp-1077929.cif,La1.943Sr0.076Cu1O4,16.5,new,low,78,18,60,40.0
Cu-La-O-Sr|La1.98Sr0.02Cu1O4.09,La1.788Sr0.213Cu1O4-MP-mp-1077929.cif,La1.788Sr0.213Cu1O4,23.0,new,high,78,18,60,40.0
Cu-La-O-Sr|La1.98Sr0.02Cu1O4.09,La1.837Sr0.162Cu1O4-MP-mp-1077929.cif,La1.837Sr0.162Cu1O4,36.0,new,high,78,18,60,40.0
Cu-La-O-Sr|La1.98Sr0.02Cu1O4.09,La1.9Sr0.1Cu1O3.98-MP-mp-758138.cif,La1.9Sr0.1Cu1O3.98,29.5,new,high,78,18,60,40.0
Cu-La-O-Sr|La1.98Sr0.02Cu1O4.09,La1.83Sr0.17CuO4-MP-icsd-41494.cif,La1.83Sr0.17CuO4,0.0,new,zero,78,18,60,40.0
Cu-La-O-Sr|La1.67Sr0.33Cu1O4,La1.67Sr0.33Cu1O4-MP-mp-1218244.cif,La1.67Sr0.33Cu1O4,37.0,new,high,4,3,1,37.0
Cu-La-O-Sr|La1.67Sr0.33Cu1O4,La1.64Sr0.36Cu1O4-MP-mp-1218244.cif,La1.64Sr0.36Cu1O4,0.0,new,zero,4,3,1,37.0
Cu-La-O-Sr|La1.67Sr0.33Cu1O4,La1.65Sr0.35Cu1O4-MP-mp-1218244.cif,La1.65Sr0.35Cu1O4,0.0,new,zero,4,3,1,37.0
Cu-La-O-Sr|La1.67Sr0.33Cu1O4,La1.66Sr0.36Cu1O4-MP-mp-1218244.cif,La1.66Sr0.36Cu1O4,0.0,new,zero,4,3,1,37.0
Cu-La-Na-O|Cu1La1.89Na0.11O4,Cu1La1.89Na0.11O4-MP-mp-1077929-synth_doped.cif,Cu1La1.89Na0.11O4,16.0,V45,high,2,1,1,16.0
Cu-La-Na-O|Cu1La1.89Na0.11O4,Cu1La1.9Na0.1O4-MP-mp-1077929-synth_doped.cif,Cu1La1.9Na0.1O4,0.0,V45,zero,2,1,1,16.0
Cu-La-O|Cu1La2O4.086,Cu1La2O4-MP-mp-1077929.cif,Cu1La2O4,0.0,V45,zero,33,11,22,45.2
Cu-La-O|Cu1La2O4.086,Cu1La2O4.003-MP-mp-1077929-synth_doped.cif,Cu1La2O4.003,0.0,V45,zero,33,11,22,45.2
Cu-La-O|Cu1La2O4.086,Cu1La2O4.005-MP-mp-1077929-synth_doped.cif,Cu1La2O4.005,32.0,V45,high,33,11,22,45.2
Cu-La-O|Cu1La2O4.086,Cu1La2O4.011-MP-mp-1077929-synth_doped.cif,Cu1La2O4.011,0.0,V45,zero,33,11,22,45.2
Cu-La-O|Cu1La2O4.086,Cu1La2O4.012-MP-mp-1077929-synth_doped.cif,Cu1La2O4.012,32.0,V45,high,33,11,22,45.2
Cu-La-O|Cu1La2O4.086,Cu1La2O4.015-MP-mp-1077929-synth_doped.cif,Cu1La2O4.015,0.0,V45,zero,33,11,22,45.2
Cu-La-O|Cu1La2O4.086,Cu1La2O4.017-MP-mp-1077929-synth_doped.cif,Cu1La2O4.017,34.7,V45,high,33,11,22,45.2
Cu-La-O|Cu1La2O4.086,Cu1La2O4.02-MP-mp-1077929-synth_doped.cif,Cu1La2O4.02,0.0,V45,zero,33,11,22,45.2
Cu-La-O|Cu1La2O4.086,Cu1La2O4.022-MP-mp-1077929-synth_doped.cif,Cu1La2O4.022,42.0,V45,high,33,11,22,45.2
Cu-La-O|Cu1La2O4.086,Cu1La2O4.032-MP-mp-1077929-synth_doped.cif,Cu1La2O4.032,30.0,V45,high,33,11,22,45.2
Cu-La-O|Cu1La2O4.086,Cu1La2O4.034-MP-mp-1077929-synth_doped.cif,Cu1La2O4.034,30.7,V45,high,33,11,22,45.2
Cu-La-O|Cu1La2O4.086,Cu1La2O4.035-MP-mp-1077929-synth_doped.cif,Cu1La2O4.035,35.0,V45,high,33,11,22,45.2
Cu-La-O|Cu1La2O4.086,Cu1La2O4.044-MP-mp-1077929-synth_doped.cif,Cu1La2O4.044,34.0,V45,high,33,11,22,45.2
Cu-La-O|Cu1La2O4.086,Cu1La2O4.047-MP-mp-1077929-synth_doped.cif,Cu1La2O4.047,29.7,V45,high,33,11,22,45.2
Cu-La-O|Cu1La2O4.086,Cu1La2O4.05-MP-mp-1077929-synth_doped.cif,Cu1La2O4.05,32.0,V45,high,33,11,22,45.2
Cu-La-O|Cu1La2O4.086,Cu1La2O4.052-MP-mp-1077929-synth_doped.cif,Cu1La2O4.052,0.0,V45,zero,33,11,22,45.2
Cu-La-O|Cu1La2O4.086,Cu1La2O4.054-MP-mp-1077929-synth_doped.cif,Cu1La2O4.054,29.1,V45,high,33,11,22,45.2
Cu-La-O|Cu1La2O4.086,Cu1La2O4.056-MP-mp-1077929-synth_doped.cif,Cu1La2O4.056,0.0,V45,zero,33,11,22,45.2
Cu-La-O|Cu1La2O4.086,Cu1La2O4.0625-MP-mp-1077929-synth_doped.cif,Cu1La2O4.0625,17.0,V45,low,33,11,22,45.2
Cu-La-O|Cu1La2O4.086,Cu1La2O4.066-MP-mp-1077929-synth_doped.cif,Cu1La2O4.066,38.0,V45,high,33,11,22,45.2
Cu-La-O|Cu1La2O4.086,Cu1La2O4.068-MP-mp-1077929-synth_doped.cif,Cu1La2O4.068,36.0,V45,high,33,11,22,45.2
Cu-La-O|Cu1La2O4.086,Cu1La2O4.07-MP-mp-1077929-synth_doped.cif,Cu1La2O4.07,40.4,V45,high,33,11,22,45.2
Cu-La-O|Cu1La2O4.086,Cu1La2O4.075-MP-mp-1077929-synth_doped.cif,Cu1La2O4.075,45.0,V45,high,33,11,22,45.2
Cu-La-O|Cu1La2O4.086,Cu1La2O4.086-MP-mp-1077929-synth_doped.cif,Cu1La2O4.086,45.2,V45,high,33,11,22,45.2
Cu-La-O|Cu1La2O4.086,Cu1La2O4.093-MP-mp-1077929-synth_doped.cif,Cu1La2O4.093,45.0,V45,high,33,11,22,45.2
Cu-La-O|Cu1La2O4.086,Cu1La2O4.095-MP-mp-1077929-synth_doped.cif,Cu1La2O4.095,37.8,V45,high,33,11,22,45.2
Cu-La-O|Cu1La2O4.086,Cu1La2O4.1-MP-mp-1077929-synth_doped.cif,Cu1La2O4.1,0.0,V45,zero,33,11,22,45.2
Cu-La-O|Cu1La2O4.086,Cu1La2O4.11-MP-mp-1077929-synth_doped.cif,Cu1La2O4.11,43.5,V45,high,33,11,22,45.2
Cu-La-O|Cu1La2O4.086,Cu1La2O4.12-MP-mp-1077929-synth_doped.cif,Cu1La2O4.12,43.0,V45,high,33,11,22,45.2
Cu-La-O|Cu1La2O4.086,Cu1La2O4.13-MP-mp-1077929-synth_doped.cif,Cu1La2O4.13,31.0,V45,high,33,11,22,45.2
Cu-La-O|Cu1La2O4.086,Cu1La2O4.18-MP-mp-1077929-synth_doped.cif,Cu1La2O4.18,0.0,V45,zero,33,11,22,45.2
Cu-La-O|Cu1La2O4.086,Cu1La2O4.2-MP-mp-1077929-synth_doped.cif,Cu1La2O4.2,0.0,V45,zero,33,11,22,45.2
Cu-La-O|Cu1La2O4.086,La2Cu1O3.97-MP-mp-1077929.cif,La2Cu1O3.97,0.0,new,zero,33,11,22,45.2
Cu-La-O|Cu1La2O4.32,Cu1La2O4.32-MP-mp-1077929-synth_doped.cif,Cu1La2O4.32,37.5,V45,high,2,1,1,37.5
Cu-La-O|Cu1La2O4.32,Cu1La2O4.33-MP-mp-1077929-synth_doped.cif,Cu1La2O4.33,0.0,V45,zero,2,1,1,37.5
Cu-Fe-O-Sr-Y|Cu2Fe1Sr2Y1O7.51,Cu2Fe1Sr2Y1O7.51-MP-mvc-771-synth_doped.cif,Cu2Fe1Sr2Y1O7.51,53.5,V45,high,4,1,3,53.5
Cu-Fe-O-Sr-Y|Cu2Fe1Sr2Y1O7.51,Cu2Fe1Sr2Y1O7.6-MP-mvc-771-synth_doped.cif,Cu2Fe1Sr2Y1O7.6,0.0,V45,zero,4,1,3,53.5
Cu-Fe-O-Sr-Y|Cu2Fe1Sr2Y1O7.51,Cu2Fe1Sr2Y1O7.66-MP-mvc-771-synth_doped.cif,Cu2Fe1Sr2Y1O7.66,43.5,V45,high,4,1,3,53.5
Cu-Fe-O-Sr-Y|Cu2Fe1Sr2Y1O7.51,Cu2Fe1Sr2Y1O7.68-MP-mvc-771-synth_doped.cif,Cu2Fe1Sr2Y1O7.68,53.0,V45,high,4,1,3,53.5
Cu-Gd-O-Ru-Sr-Ti|Cu2Gd1Ru0.97Sr2Ti0.03O8,Cu2Gd1Ru0.925Sr2Ti0.075O8-MP-mp-1194240-synth_doped.cif,Cu2Gd1Ru0.925Sr2Ti0.075O8,29.2,V45,high,5,1,4,40.3
Cu-Gd-O-Ru-Sr-Ti|Cu2Gd1Ru0.97Sr2Ti0.03O8,Cu2Gd1Ru0.95Sr2Ti0.05O8-MP-mp-1194240-synth_doped.cif,Cu2Gd1Ru0.95Sr2Ti0.05O8,32.2,V45,high,5,1,4,40.3
Cu-Gd-O-Ru-Sr-Ti|Cu2Gd1Ru0.97Sr2Ti0.03O8,Cu2Gd1Ru0.97Sr2Ti0.03O8-MP-mp-1194240-synth_doped.cif,Cu2Gd1Ru0.97Sr2Ti0.03O8,40.3,V45,high,5,1,4,40.3
Cu-Gd-O-Ru-Sr-Ti|Cu2Gd1Ru0.97Sr2Ti0.03O8,Cu2Gd1Ru0.99Sr2Ti0.01O8-MP-mp-1194240-synth_doped.cif,Cu2Gd1Ru0.99Sr2Ti0.01O8,36.3,V45,high,5,1,4,40.3
Cu-Gd-O-Ru-Sr-Ti|Cu2Gd1Ru0.97Sr2Ti0.03O8,Cu2Gd1Ru0.9Sr2Ti0.1O8-MP-mp-1194240-synth_doped.cif,Cu2Gd1Ru0.9Sr2Ti0.1O8,0.0,V45,zero,5,1,4,40.3
Al-Ba-Cu-O-Y|Y1Ba2Cu2.95Al0.05O6.93,Y1Ba2Cu2.985Al0.015O7-MP-mp-20674.cif,Y1Ba2Cu2.985Al0.015O7,0.0,new,zero,4,2,2,91.0
Al-Ba-Cu-O-Y|Y1Ba2Cu2.95Al0.05O6.93,Y1Ba2Cu2.97Al0.03O7-MP-mp-20674.cif,Y1Ba2Cu2.97Al0.03O7,0.0,new,zero,4,2,2,91.0
Al-Ba-Cu-O-Y|Y1Ba2Cu2.95Al0.05O6.93,Y1Ba2Cu2.95Al0.05O7-MP-mp-20674.cif,Y1Ba2Cu2.95Al0.05O7,88.0,new,high,4,2,2,91.0
Al-Ba-Cu-O-Y|Y1Ba2Cu2.95Al0.05O6.93,Y1Ba2Cu2.95Al0.05O6.93-MP-mp-20674.cif,Y1Ba2Cu2.95Al0.05O6.93,91.0,new,high,4,2,2,91.0
Al-Ba-Cu-O-Y|Y1Ba2Cu2.9Al0.1O6.93,Y1Ba2Cu2.89Al0.11O7-MP-mp-20674.cif,Y1Ba2Cu2.89Al0.11O7,82.0,new,high,6,0,6,92.0
Al-Ba-Cu-O-Y|Y1Ba2Cu2.9Al0.1O6.93,Y1Ba2Cu2.9Al0.1O7-MP-mp-20674.cif,Y1Ba2Cu2.9Al0.1O7,75.0,new,high,6,0,6,92.0
Al-Ba-Cu-O-Y|Y1Ba2Cu2.9Al0.1O6.93,Y1Ba2Cu2.9Al0.1O6.93-MP-mp-20674.cif,Y1Ba2Cu2.9Al0.1O6.93,92.0,new,high,6,0,6,92.0
Al-Ba-Cu-O-Y|Y1Ba2Cu2.9Al0.1O6.93,Y1Ba2Cu2.88Al0.12O7-MP-mp-20674.cif,Y1Ba2Cu2.88Al0.12O7,51.0,new,high,6,0,6,92.0
Al-Ba-Cu-O-Y|Y1Ba2Cu2.9Al0.1O6.93,Y1Ba2Cu2.87Al0.13O7-MP-mp-20674.cif,Y1Ba2Cu2.87Al0.13O7,45.0,new,low,6,0,6,92.0
Al-Ba-Cu-O-Y|Y1Ba2Cu2.9Al0.1O6.93,Y1Ba2Cu2.865Al0.135O7-MP-mp-20674.cif,Y1Ba2Cu2.865Al0.135O7,45.0,new,low,6,0,6,92.0
Al-Cu-La-O-Sr|La1.85Sr0.15Cu0.992Al0.008O4,La1.85Sr0.15Cu0.992Al0.008O4-MP-mp-1077929.cif,La1.85Sr0.15Cu0.992Al0.008O4,28.75,new,high,3,0,3,28.75
Al-Cu-La-O-Sr|La1.85Sr0.15Cu0.992Al0.008O4,La1.85Sr0.15Cu0.985Al0.015O4-MP-mp-1077929.cif,La1.85Sr0.15Cu0.985Al0.015O4,16.45,new,high,3,0,3,28.75
Al-Cu-La-O-Sr|La1.85Sr0.15Cu0.992Al0.008O4,La1.85Sr0.15Cu0.982Al0.018O4-MP-mp-1077929.cif,La1.85Sr0.15Cu0.982Al0.018O4,6.4,new,low,3,0,3,28.75
As-F-Fe-La-Mn-O-Y|La0.8Y0.2Fe0.997Mn0.003As1F0.11O0.89,La0.8Y0.2Fe0.975Mn0.025As1F0.11O0.89-MP-mp-1223197.cif,La0.8Y0.2Fe0.975Mn0.025As1F0.11O0.89,10.1,new,low,5,0,5,27.525
As-F-Fe-La-Mn-O-Y|La0.8Y0.2Fe0.997Mn0.003As1F0.11O0.89,La0.8Y0.2Fe0.98Mn0.02As1F0.11O0.89-MP-mp-1223197.cif,La0.8Y0.2Fe0.98Mn0.02As1F0.11O0.89,14.1,new,high,5,0,5,27.525
As-F-Fe-La-Mn-O-Y|La0.8Y0.2Fe0.997Mn0.003As1F0.11O0.89,La0.8Y0.2Fe0.99Mn0.01As1F0.11O0.89-MP-mp-1223197.cif,La0.8Y0.2Fe0.99Mn0.01As1F0.11O0.89,25.3,new,high,5,0,5,27.525
As-F-Fe-La-Mn-O-Y|La0.8Y0.2Fe0.997Mn0.003As1F0.11O0.89,La0.8Y0.2Fe0.992Mn0.008As1F0.11O0.89-MP-mp-1223197.cif,La0.8Y0.2Fe0.992Mn0.008As1F0.11O0.89,22.7,new,high,5,0,5,27.525
As-F-Fe-La-Mn-O-Y|La0.8Y0.2Fe0.997Mn0.003As1F0.11O0.89,La0.8Y0.2Fe0.997Mn0.003As1F0.11O0.89-MP-mp-1223197.cif,La0.8Y0.2Fe0.997Mn0.003As1F0.11O0.89,27.525,new,high,5,0,5,27.525
As-F-Fe-La-O-Zn|La1Fe0.991Zn0.009As1F0.08O0.9,La1Fe0.985Zn0.015As1F0.08O0.9-MP-mp-1281007.cif,La1Fe0.985Zn0.015As1F0.08O0.9,0.2,new,low,2,0,2,15.6
As-F-Fe-La-O-Zn|La1Fe0.991Zn0.009As1F0.08O0.9,La1Fe0.991Zn0.009As1F0.08O0.9-MP-mp-1281007.cif,La1Fe0.991Zn0.009As1F0.08O0.9,15.6,new,high,2,0,2,15.6
As-F-Fe-La-O|La1Fe1As1F0.07O0.93,La1F0.05Fe1As1O0.95-MP-mp-1281007.cif,La1F0.05Fe1As1O0.95,24.652,new,high,6,1,5,25.2
As-F-Fe-La-O|La1Fe1As1F0.07O0.93,La1Fe1As1F0.055O0.945-MP-mp-1281007.cif,La1Fe1As1F0.055O0.945,7.0,new,low,6,1,5,25.2
As-F-Fe-La-O|La1Fe1As1F0.07O0.93,La1Fe1As1F0.06O0.94-MP-mp-1281007.cif,La1Fe1As1F0.06O0.94,18.0,new,high,6,1,5,25.2
As-F-Fe-La-O|La1Fe1As1F0.07O0.93,La1Fe1As1F0.07O0.93-MP-mp-1281007.cif,La1Fe1As1F0.07O0.93,25.2,new,high,6,1,5,25.2
As-F-Fe-La-O|La1Fe1As1F0.07O0.93,La1Fe1As1F0.075O0.925-MP-mp-1281007.cif,La1Fe1As1F0.075O0.925,21.6,new,high,6,1,5,25.2
As-F-Fe-La-O|La1Fe1As1F0.07O0.93,La1Fe1As1F0.04O0.96-MP-mp-1281007.cif,La1Fe1As1F0.04O0.96,0.0,new,zero,6,1,5,25.2
As-Co-F-Fe-La-O|La1Fe0.9875Co0.0125As1F0.11O0.89,La1Fe0.9875Co0.0125As1F0.11O0.89-MP-mp-1281007.cif,La1Fe0.9875Co0.0125As1F0.11O0.89,24.5,new,high,2,0,2,24.5
As-Co-F-Fe-La-O|La1Fe0.9875Co0.0125As1F0.11O0.89,La1Fe0.98Co0.02As1F0.11O0.89-MP-mp-1281007.cif,La1Fe0.98Co0.02As1F0.11O0.89,10.3,new,low,2,0,2,24.5
As-F-Fe-Mn-Nd-O|Nd1Fe0.99Mn0.01As1F0.11O0.89,Nd1Fe0.97Mn0.03As1F0.11O0.89-MP-mp-1220250.cif,Nd1Fe0.97Mn0.03As1F0.11O0.89,11.9,new,low,3,0,3,38.0
As-F-Fe-Mn-Nd-O|Nd1Fe0.99Mn0.01As1F0.11O0.89,Nd1Fe0.98Mn0.02As1F0.11O0.89-MP-mp-1220250.cif,Nd1Fe0.98Mn0.02As1F0.11O0.89,27.1,new,high,3,0,3,38.0
As-F-Fe-Mn-Nd-O|Nd1Fe0.99Mn0.01As1F0.11O0.89,Nd1Fe0.99Mn0.01As1F0.11O0.89-MP-mp-1220250.cif,Nd1Fe0.99Mn0.01As1F0.11O0.89,38.0,new,high,3,0,3,38.0
As-F-Fe-La-Mn-O|La1Fe0.99975Mn0.00025As1F0.11O0.89,La1Fe0.9924Mn0.0076As1F0.11O0.89-MP-mp-1281007.cif,La1Fe0.9924Mn0.0076As1F0.11O0.89,0.0,new,zero,3,2,1,19.075
As-F-Fe-La-Mn-O|La1Fe0.99975Mn0.00025As1F0.11O0.89,La1Fe0.998Mn0.002As1F0.11O0.89-MP-mp-1281007.cif,La1Fe0.998Mn0.002As1F0.11O0.89,0.0,new,zero,3,2,1,19.075
As-F-Fe-La-Mn-O|La1Fe0.99975Mn0.00025As1F0.11O0.89,La1Fe0.99975Mn0.00025As1F0.11O0.89-MP-mp-1281007.cif,La1Fe0.99975Mn0.00025As1F0.11O0.89,19.075,new,high,3,2,1,19.075
As-Ca-Fe-Pt|Ca10Pt3.72Fe9.28As18,Ca10Fe9.2Pt3.8As18-MP-mp-1227730.cif,Ca10Fe9.2Pt3.8As18,13.0,new,high,10,2,8,14.9
As-Ca-Fe-Pt|Ca10Pt3.72Fe9.28As18,Ca10Pt3.72Fe9.28As18-MP-mp-1227730.cif,Ca10Pt3.72Fe9.28As18,14.9,new,high,10,2,8,14.9
As-Ca-Fe-Pt|Ca10Pt3.72Fe9.28As18,Ca10Pt3.617Fe9.383As18-MP-mp-1227730.cif,Ca10Pt3.617Fe9.383As18,13.6,new,high,10,2,8,14.9
As-Ca-Fe-Pt|Ca10Pt3.72Fe9.28As18,Ca10Pt3.51Fe9.49As18-MP-mp-1227730.cif,Ca10Pt3.51Fe9.49As18,14.12,new,high,10,2,8,14.9
As-Ca-Fe-Pt|Ca10Pt3.72Fe9.28As18,Ca10Pt3.474Fe9.526As18-MP-mp-1227730.cif,Ca10Pt3.474Fe9.526As18,11.85,new,high,10,2,8,14.9
As-Ca-Fe-Pt|Ca10Pt3.72Fe9.28As18,Ca10Pt3.41Fe9.59As18-MP-mp-1227730.cif,Ca10Pt3.41Fe9.59As18,8.625,new,high,10,2,8,14.9
As-Ca-Fe-Pt|Ca10Pt3.72Fe9.28As18,Ca10Pt3.33Fe9.67As18-MP-mp-1227730.cif,Ca10Pt3.33Fe9.67As18,0.0,new,zero,10,2,8,14.9
As-Ca-Fe-Pt|Ca10Pt3.72Fe9.28As18,Ca10Pt3.28Fe9.72As18-MP-mp-1227730.cif,Ca10Pt3.28Fe9.72As18,6.0,new,low,10,2,8,14.9
As-Ca-Fe-Pt|Ca10Pt3.72Fe9.28As18,Ca10Pt3.213Fe9.787As18-MP-mp-1227730.cif,Ca10Pt3.213Fe9.787As18,4.3,new,low,10,2,8,14.9
As-Ca-Fe-Pt|Ca10Pt3.72Fe9.28As18,Ca10Pt3.18Fe9.82As18-MP-mp-1227730.cif,Ca10Pt3.18Fe9.82As18,0.0,new,zero,10,2,8,14.9
As-Ba-Co-Fe|Ba1Fe1.87Co0.13As2,Ba1Fe1.93Co0.07As2-MP-mp-2903350.cif,Ba1Fe1.93Co0.07As2,0.0,new,zero,19,1,18,25.0
As-Ba-Co-Fe|Ba1Fe1.87Co0.13As2,Ba1Fe1.924Co0.076As2-MP-mp-2903350.cif,Ba1Fe1.924Co0.076As2,7.852500000000001,new,low,19,1,18,25.0
As-Ba-Co-Fe|Ba1Fe1.87Co0.13As2,Ba1Fe1.92Co0.08As2-MP-mp-2903350.cif,Ba1Fe1.92Co0.08As2,7.833333333,new,low,19,1,18,25.0
As-Ba-Co-Fe|Ba1Fe1.87Co0.13As2,Ba1Fe1.916Co0.084As2-MP-mp-2903350.cif,Ba1Fe1.916Co0.084As2,15.5,new,high,19,1,18,25.0
As-Ba-Co-Fe|Ba1Fe1.87Co0.13As2,Ba1Fe1.91Co0.09As2-MP-mp-2903350.cif,Ba1Fe1.91Co0.09As2,15.45333333,new,high,19,1,18,25.0
As-Ba-Co-Fe|Ba1Fe1.87Co0.13As2,Ba1Fe1.906Co0.094As2-MP-mp-2903350.cif,Ba1Fe1.906Co0.094As2,17.282142855,new,high,19,1,18,25.0
As-Ba-Co-Fe|Ba1Fe1.87Co0.13As2,Ba1Fe1.892Co0.108As2-MP-mp-2903350.cif,Ba1Fe1.892Co0.108As2,21.875,new,high,19,1,18,25.0
As-Ba-Co-Fe|Ba1Fe1.87Co0.13As2,Ba1Fe1.885Co0.115As2-MP-mp-2903350.cif,Ba1Fe1.885Co0.115As2,23.616666665,new,high,19,1,18,25.0
As-Ba-Co-Fe|Ba1Fe1.87Co0.13As2,Ba1Fe1.878Co0.122As2-MP-mp-2903350.cif,Ba1Fe1.878Co0.122As2,24.0,new,high,19,1,18,25.0
As-Ba-Co-Fe|Ba1Fe1.87Co0.13As2,Ba1Fe1.874Co0.126As2-MP-mp-2903350.cif,Ba1Fe1.874Co0.126As2,23.45,new,high,19,1,18,25.0
As-Ba-Co-Fe|Ba1Fe1.87Co0.13As2,Ba1Fe1.87Co0.13As2-MP-mp-2903350.cif,Ba1Fe1.87Co0.13As2,25.0,new,high,19,1,18,25.0
As-Ba-Co-Fe|Ba1Fe1.87Co0.13As2,Ba1Fe1.86Co0.14As2-MP-mp-2903350.cif,Ba1Fe1.86Co0.14As2,22.4,new,high,19,1,18,25.0
As-Ba-Co-Fe|Ba1Fe1.87Co0.13As2,Ba1Fe1.9Co0.1As2-MP-mp-2903350.cif,Ba1Fe1.9Co0.1As2,18.6,new,high,19,1,18,25.0
As-Ba-Co-Fe|Ba1Fe1.87Co0.13As2,Ba1Fe1.844Co0.156As2-MP-mp-2903350.cif,Ba1Fe1.844Co0.156As2,21.7,new,high,19,1,18,25.0
As-Ba-Co-Fe|Ba1Fe1.87Co0.13As2,Ba1Fe1.84Co0.16As2-MP-mp-2903350.cif,Ba1Fe1.84Co0.16As2,22.9,new,high,19,1,18,25.0
As-Ba-Co-Fe|Ba1Fe1.87Co0.13As2,Ba1Fe1.83Co0.17As2-MP-mp-2903350.cif,Ba1Fe1.83Co0.17As2,19.6,new,high,19,1,18,25.0
As-Ba-Co-Fe|Ba1Fe1.87Co0.13As2,Ba1Fe1.824Co0.176As2-MP-mp-2903350.cif,Ba1Fe1.824Co0.176As2,21.05,new,high,19,1,18,25.0
As-Ba-Co-Fe|Ba1Fe1.87Co0.13As2,Ba1Fe1.82Co0.18As2-MP-mp-2903350.cif,Ba1Fe1.82Co0.18As2,20.7,new,high,19,1,18,25.0
As-Ba-Co-Fe|Ba1Fe1.87Co0.13As2,Ba1Fe1.85Co0.15As2-MP-mp-2903350.cif,Ba1Fe1.85Co0.15As2,23.1525,new,high,19,1,18,25.0
As-Ba-Co-Fe|Ba1Fe1.75Co0.25As2,Ba1Fe1.784Co0.216As2-MP-mp-2903350.cif,Ba1Fe1.784Co0.216As2,14.6,new,high,6,0,6,22.0
As-Ba-Co-Fe|Ba1Fe1.75Co0.25As2,Ba1Fe1.782Co0.218As2-MP-mp-2903350.cif,Ba1Fe1.782Co0.218As2,15.165,new,high,6,0,6,22.0
As-Ba-Co-Fe|Ba1Fe1.75Co0.25As2,Ba1Fe1.774Co0.226As2-MP-mp-2903350.cif,Ba1Fe1.774Co0.226As2,11.95,new,high,6,0,6,22.0
As-Ba-Co-Fe|Ba1Fe1.75Co0.25As2,Ba1Fe1.772Co0.228As2-MP-mp-2903350.cif,Ba1Fe1.772Co0.228As2,13.9525,new,high,6,0,6,22.0
As-Ba-Co-Fe|Ba1Fe1.75Co0.25As2,Ba1Fe1.76Co0.24As2-MP-mp-2903350.cif,Ba1Fe1.76Co0.24As2,5.1,new,low,6,0,6,22.0
As-Ba-Co-Fe|Ba1Fe1.75Co0.25As2,Ba1Fe1.75Co0.25As2-MP-mp-2903350.cif,Ba1Fe1.75Co0.25As2,22.0,new,high,6,0,6,22.0
As-Ba-Fe-Ni|Ba1Fe1.9Ni0.1As2,Ba1Fe1.88Ni0.12As2-MP-mp-2903350.cif,Ba1Fe1.88Ni0.12As2,18.6,new,high,11,0,11,20.15
As-Ba-Fe-Ni|Ba1Fe1.9Ni0.1As2,Ba1Fe1.892Ni0.108As2-MP-mp-2903350.cif,Ba1Fe1.892Ni0.108As2,15.88,new,high,11,0,11,20.15
As-Ba-Fe-Ni|Ba1Fe1.9Ni0.1As2,Ba1Fe1.904Ni0.096As2-MP-mp-2903350.cif,Ba1Fe1.904Ni0.096As2,20.05,new,high,11,0,11,20.15
As-Ba-Fe-Ni|Ba1Fe1.9Ni0.1As2,Ba1Fe1.908Ni0.092As2-MP-mp-2903350.cif,Ba1Fe1.908Ni0.092As2,18.6,new,high,11,0,11,20.15
As-Ba-Fe-Ni|Ba1Fe1.9Ni0.1As2,Ba1Fe1.915Ni0.085As2-MP-mp-2903350.cif,Ba1Fe1.915Ni0.085As2,18.2,new,high,11,0,11,20.15
As-Ba-Fe-Ni|Ba1Fe1.9Ni0.1As2,Ba1Fe1.925Ni0.075As2-MP-mp-2903350.cif,Ba1Fe1.925Ni0.075As2,12.95,new,high,11,0,11,20.15
As-Ba-Fe-Ni|Ba1Fe1.9Ni0.1As2,Ba1Fe1.93Ni0.07As2-MP-mp-2903350.cif,Ba1Fe1.93Ni0.07As2,17.0,new,high,11,0,11,20.15
As-Ba-Fe-Ni|Ba1Fe1.9Ni0.1As2,Ba1Fe1.935Ni0.065As2-MP-mp-2903350.cif,Ba1Fe1.935Ni0.065As2,13.066666665,new,high,11,0,11,20.15
As-Ba-Fe-Ni|Ba1Fe1.9Ni0.1As2,Ba1Fe1.945Ni0.055As2-MP-mp-2903350.cif,Ba1Fe1.945Ni0.055As2,7.4,new,low,11,0,11,20.15
As-Ba-Fe-Ni|Ba1Fe1.9Ni0.1As2,Ba1Fe1.9Ni0.1As2-MP-mp-2903350.cif,Ba1Fe1.9Ni0.1As2,20.15,new,high,11,0,11,20.15
As-Ba-Fe-Ni|Ba1Fe1.9Ni0.1As2,Ba1Fe1.952Ni0.048As2-MP-mp-2903350.cif,Ba1Fe1.952Ni0.048As2,3.463333333,new,low,11,0,11,20.15
As-Ba-Fe-Pd|Ba1Fe1.94Pd0.06As2,Ba1Fe1.94Pd0.06As2-MP-mp-2903350.cif,Ba1Fe1.94Pd0.06As2,16.4,new,high,3,0,3,16.4
As-Ba-Fe-Pd|Ba1Fe1.94Pd0.06As2,Ba1Fe1.946Pd0.054As2-MP-mp-2903350.cif,Ba1Fe1.946Pd0.054As2,12.3,new,high,3,0,3,16.4
As-Ba-Fe-Pd|Ba1Fe1.94Pd0.06As2,Ba1Fe1.958Pd0.042As2-MP-mp-2903350.cif,Ba1Fe1.958Pd0.042As2,4.1,new,low,3,0,3,16.4
As-Ca-Fe-La|Ca0.891La0.109Fe2As2,Ca0.891La0.109Fe2As2-MP-mp-1068300.cif,Ca0.891La0.109Fe2As2,45.4,new,high,2,1,1,45.4
As-Ca-Fe-La|Ca0.891La0.109Fe2As2,Ca0.895La0.105Fe2As2-MP-mp-1068300.cif,Ca0.895La0.105Fe2As2,0.0,new,zero,2,1,1,45.4
As-Ca-Co-Fe|Ca1Fe1.94Co0.06As2,Ca1Fe1.94Co0.06As2-MP-mp-1068300.cif,Ca1Fe1.94Co0.06As2,15.5,new,high,2,1,1,15.5
As-Ca-Co-Fe|Ca1Fe1.94Co0.06As2,Ca1Fe1.936Co0.064As2-MP-mp-1068300.cif,Ca1Fe1.936Co0.064As2,0.0,new,zero,2,1,1,15.5
Ba-Cu-La-O-Sr|La1.875Ba0.04Sr0.085Cu1O4,La1.875Ba0.005Sr0.12Cu1O4-MP-mp-1077929.cif,La1.875Ba0.005Sr0.12Cu1O4,31.1,new,high,6,0,6,31.7
Ba-Cu-La-O-Sr|La1.875Ba0.04Sr0.085Cu1O4,La1.875Ba0.025Sr0.1Cu1O4-MP-mp-1077929.cif,La1.875Ba0.025Sr0.1Cu1O4,29.65,new,high,6,0,6,31.7
Ba-Cu-La-O-Sr|La1.875Ba0.04Sr0.085Cu1O4,La1.875Ba0.04Sr0.085Cu1O4-MP-mp-1077929.cif,La1.875Ba0.04Sr0.085Cu1O4,31.7,new,high,6,0,6,31.7
Ba-Cu-La-O-Sr|La1.875Ba0.04Sr0.085Cu1O4,La1.875Ba0.05Sr0.075Cu1O4-MP-mp-1077929.cif,La1.875Ba0.05Sr0.075Cu1O4,15.25,new,low,6,0,6,31.7
Ba-Cu-La-O-Sr|La1.875Ba0.04Sr0.085Cu1O4,La1.875Ba0.065Sr0.06Cu1O4-MP-mp-1077929.cif,La1.875Ba0.065Sr0.06Cu1O4,10.4,new,low,6,0,6,31.7
Ba-Cu-La-O-Sr|La1.875Ba0.04Sr0.085Cu1O4,La1.875Ba0.075Sr0.05Cu1O4-MP-mp-1077929.cif,La1.875Ba0.075Sr0.05Cu1O4,8.8,new,low,6,0,6,31.7
Ba-Ca-Cu-La-Nd-O|La1.8Nd0.05Ca0.074Ba0.076Cu1O4.01,La1.8Nd0.05Ca0.074Ba0.076Cu1O4.01-MP-icsd-41494.cif,La1.8Nd0.05Ca0.074Ba0.076Cu1O4.01,23.7,new,high,2,0,2,23.7
Ba-Ca-Cu-La-Nd-O|La1.8Nd0.05Ca0.074Ba0.076Cu1O4.01,La1.8Nd0.05Ca0.074Ba0.076Cu1O4-MP-mp-1077929.cif,La1.8Nd0.05Ca0.074Ba0.076Cu1O4,2.05,new,low,2,0,2,23.7
Ba-Ca-Cu-La-Nd-O|La1.7Nd0.15Ca0.056Ba0.094Cu1O4,La1.7Nd0.15Ca0.056Ba0.094Cu1O4.02-MP-mp-757399.cif,La1.7Nd0.15Ca0.056Ba0.094Cu1O4.02,0.0,new,zero,2,1,1,16.0
Ba-Ca-Cu-La-Nd-O|La1.7Nd0.15Ca0.056Ba0.094Cu1O4,La1.7Nd0.15Ca0.056Ba0.094Cu1O4-MP-mp-1077929.cif,La1.7Nd0.15Ca0.056Ba0.094Cu1O4,16.0,new,high,2,1,1,16.0
Ba-Cu-Ga-La-O|La1.9Ba0.1Cu0.99Ga0.01O4,La1.9Ba0.1Cu0.99Ga0.01O4-MP-mp-1077929.cif,La1.9Ba0.1Cu0.99Ga0.01O4,14.3,new,high,6,1,5,14.3
Ba-Cu-Ga-La-O|La1.9Ba0.1Cu0.99Ga0.01O4,La1.88Ba0.12Cu0.99Ga0.01O4-MP-mp-1077929.cif,La1.88Ba0.12Cu0.99Ga0.01O4,8.2,new,high,6,1,5,14.3
Ba-Cu-Ga-La-O|La1.9Ba0.1Cu0.99Ga0.01O4,La1.87Ba0.13Cu0.99Ga0.01O4-MP-mp-1077929.cif,La1.87Ba0.13Cu0.99Ga0.01O4,4.5,new,low,6,1,5,14.3
Ba-Cu-Ga-La-O|La1.9Ba0.1Cu0.99Ga0.01O4,La1.84Ba0.16Cu0.99Ga0.01O4-MP-mp-1077929.cif,La1.84Ba0.16Cu0.99Ga0.01O4,8.3,new,high,6,1,5,14.3
Ba-Cu-Ga-La-O|La1.9Ba0.1Cu0.99Ga0.01O4,La1.82Ba0.18Cu0.99Ga0.01O4-MP-mp-1077929.cif,La1.82Ba0.18Cu0.99Ga0.01O4,8.6,new,high,6,1,5,14.3
Ba-Cu-Ga-La-O|La1.9Ba0.1Cu0.99Ga0.01O4,La1.86Ba0.14Cu0.99Ga0.01O4-MP-mp-1077929.cif,La1.86Ba0.14Cu0.99Ga0.01O4,0.0,new,zero,6,1,5,14.3
Ba-Cu-La-Ni-O|La1.842Ba0.158Cu0.99Ni0.01O4,La1.9Ba0.1Cu0.99Ni0.01O4-MP-mp-1077929.cif,La1.9Ba0.1Cu0.99Ni0.01O4,17.0,new,high,10,4,6,19.0
Ba-Cu-La-Ni-O|La1.842Ba0.158Cu0.99Ni0.01O4,La1.882Ba0.118Cu0.99Ni0.01O4-MP-mp-1077929.cif,La1.882Ba0.118Cu0.99Ni0.01O4,12.7,new,high,10,4,6,19.0
Ba-Cu-La-Ni-O|La1.842Ba0.158Cu0.99Ni0.01O4,La1.875Ba0.125Cu0.94Ni0.06O4-MP-mp-1077929.cif,La1.875Ba0.125Cu0.94Ni0.06O4,0.0,new,zero,10,4,6,19.0
Ba-Cu-La-Ni-O|La1.842Ba0.158Cu0.99Ni0.01O4,La1.875Ba0.125Cu0.96Ni0.04O4-MP-mp-1077929.cif,La1.875Ba0.125Cu0.96Ni0.04O4,0.0,new,zero,10,4,6,19.0
Ba-Cu-La-Ni-O|La1.842Ba0.158Cu0.99Ni0.01O4,La1.875Ba0.125Cu0.99Ni0.01O4-MP-mp-1077929.cif,La1.875Ba0.125Cu0.99Ni0.01O4,0.0,new,zero,10,4,6,19.0
Ba-Cu-La-Ni-O|La1.842Ba0.158Cu0.99Ni0.01O4,La1.875Ba0.125Cu0.98Ni0.02O4-MP-mp-1077929.cif,La1.875Ba0.125Cu0.98Ni0.02O4,0.0,new,zero,10,4,6,19.0
Ba-Cu-La-Ni-O|La1.842Ba0.158Cu0.99Ni0.01O4,La1.869Ba0.131Cu0.99Ni0.01O4-MP-mp-1077929.cif,La1.869Ba0.131Cu0.99Ni0.01O4,7.0,new,low,10,4,6,19.0
Ba-Cu-La-Ni-O|La1.842Ba0.158Cu0.99Ni0.01O4,La1.842Ba0.158Cu0.99Ni0.01O4-MP-mp-1077929.cif,La1.842Ba0.158Cu0.99Ni0.01O4,19.0,new,high,10,4,6,19.0
Ba-Cu-La-Ni-O|La1.842Ba0.158Cu0.99Ni0.01O4,La1.822Ba0.178Cu0.99Ni0.01O4-MP-mp-1077929.cif,La1.822Ba0.178Cu0.99Ni0.01O4,18.2,new,high,10,4,6,19.0
Ba-Cu-La-Ni-O|La1.842Ba0.158Cu0.99Ni0.01O4,La1.86Ba0.14Cu0.99Ni0.01O4-MP-mp-1077929.cif,La1.86Ba0.14Cu0.99Ni0.01O4,11.0,new,high,10,4,6,19.0
Ba-Cu-La-O-Zn|La1.82Ba0.18Cu0.99Zn0.01O4,La1.9Ba0.1Cu0.99Zn0.01O4-MP-mp-1077929.cif,La1.9Ba0.1Cu0.99Zn0.01O4,9.8,new,high,10,7,3,13.9
Ba-Cu-La-O-Zn|La1.82Ba0.18Cu0.99Zn0.01O4,La1.88Ba0.12Cu0.99Zn0.01O4-MP-mp-1077929.cif,La1.88Ba0.12Cu0.99Zn0.01O4,0.0,new,zero,10,7,3,13.9
Ba-Cu-La-O-Zn|La1.82Ba0.18Cu0.99Zn0.01O4,La1.875Ba0.125Cu0.9Zn0.1O4-MP-mp-1077929.cif,La1.875Ba0.125Cu0.9Zn0.1O4,0.0,new,zero,10,7,3,13.9
Ba-Cu-La-O-Zn|La1.82Ba0.18Cu0.99Zn0.01O4,La1.875Ba0.125Cu0.92Zn0.08O4-MP-mp-1077929.cif,La1.875Ba0.125Cu0.92Zn0.08O4,0.0,new,zero,10,7,3,13.9
Ba-Cu-La-O-Zn|La1.82Ba0.18Cu0.99Zn0.01O4,La1.875Ba0.125Cu0.94Zn0.06O4-MP-mp-1077929.cif,La1.875Ba0.125Cu0.94Zn0.06O4,0.0,new,zero,10,7,3,13.9
Ba-Cu-La-O-Zn|La1.82Ba0.18Cu0.99Zn0.01O4,La1.875Ba0.125Cu0.96Zn0.04O4-MP-mp-1077929.cif,La1.875Ba0.125Cu0.96Zn0.04O4,0.0,new,zero,10,7,3,13.9
Ba-Cu-La-O-Zn|La1.82Ba0.18Cu0.99Zn0.01O4,La1.875Ba0.125Cu0.98Zn0.02O4-MP-mp-1077929.cif,La1.875Ba0.125Cu0.98Zn0.02O4,0.0,new,zero,10,7,3,13.9
Ba-Cu-La-O-Zn|La1.82Ba0.18Cu0.99Zn0.01O4,La1.84Ba0.16Cu0.99Zn0.01O4-MP-mp-1077929.cif,La1.84Ba0.16Cu0.99Zn0.01O4,12.4,new,high,10,7,3,13.9
Ba-Cu-La-O-Zn|La1.82Ba0.18Cu0.99Zn0.01O4,La1.82Ba0.18Cu0.99Zn0.01O4-MP-mp-1077929.cif,La1.82Ba0.18Cu0.99Zn0.01O4,13.9,new,high,10,7,3,13.9
Ba-Cu-La-O-Zn|La1.82Ba0.18Cu0.99Zn0.01O4,La1.86Ba0.14Cu0.99Zn0.01O4-MP-mp-1077929.cif,La1.86Ba0.14Cu0.99Zn0.01O4,0.0,new,zero,10,7,3,13.9
Ba-Ca-Cu-La-O|Ca0.4Ba1.25La1.35Cu3O7.19,Ca0.4Ba1.25La1.35Cu3O7.11-MP-mp-558557.cif,Ca0.4Ba1.25La1.35Cu3O7.11,47.1,new,high,5,1,4,72.9
Ba-Ca-Cu-La-O|Ca0.4Ba1.25La1.35Cu3O7.19,Ca0.4Ba1.25La1.35Cu3O7.19-MP-mp-558557.cif,Ca0.4Ba1.25La1.35Cu3O7.19,72.9,new,high,5,1,4,72.9
Ba-Ca-Cu-La-O|Ca0.4Ba1.25La1.35Cu3O7.19,Ca0.4Ba1.25La1.35Cu3O7.16-MP-mp-558557.cif,Ca0.4Ba1.25La1.35Cu3O7.16,63.5,new,high,5,1,4,72.9
Ba-Ca-Cu-La-O|Ca0.4Ba1.25La1.35Cu3O7.19,Ca0.4Ba1.25La1.35Cu3O6.99-MP-mp-1228470.cif,Ca0.4Ba1.25La1.35Cu3O6.99,0.0,new,zero,5,1,4,72.9
Ba-Ca-Cu-La-O|Ca0.4Ba1.25La1.35Cu3O7.19,Ca0.4Ba1.25La1.35Cu3O7.04-MP-mp-558557.cif,Ca0.4Ba1.25La1.35Cu3O7.04,21.3,new,low,5,1,4,72.9
Ba-Ca-Cu-La-O|La1.5Ba1.3Ca0.2Cu3O6.957,La1.5Ba1.3Ca0.2Cu3O6.897-MP-mp-1228365.cif,La1.5Ba1.3Ca0.2Cu3O6.897,16.0,new,low,4,0,4,35.0
Ba-Ca-Cu-La-O|La1.5Ba1.3Ca0.2Cu3O6.957,La1.5Ba1.3Ca0.2Cu3O6.918-MP-mp-1228365.cif,La1.5Ba1.3Ca0.2Cu3O6.918,25.0,new,high,4,0,4,35.0
Ba-Ca-Cu-La-O|La1.5Ba1.3Ca0.2Cu3O6.957,La1.5Ba1.3Ca0.2Cu3O7.002-MP-mp-558557.cif,La1.5Ba1.3Ca0.2Cu3O7.002,16.0,new,low,4,0,4,35.0
Ba-Ca-Cu-La-O|La1.5Ba1.3Ca0.2Cu3O6.957,La1.5Ba1.3Ca0.2Cu3O6.957-MP-mp-1228365.cif,La1.5Ba1.3Ca0.2Cu3O6.957,35.0,new,high,4,0,4,35.0
Ba-Ca-Cu-La-O|Ca0.4Ba1.35La1.25Cu3O7.15,Ca0.4Ba1.35La1.25Cu3O7.08-MP-mp-558557.cif,Ca0.4Ba1.35La1.25Cu3O7.08,68.6,new,high,9,1,8,79.8
Ba-Ca-Cu-La-O|Ca0.4Ba1.35La1.25Cu3O7.15,Ca0.4La1.25Ba1.35Cu3O7.055-MP-mp-558557.cif,Ca0.4La1.25Ba1.35Cu3O7.055,57.0,new,high,9,1,8,79.8
Ba-Ca-Cu-La-O|Ca0.4Ba1.35La1.25Cu3O7.15,Ca0.4La1.25Ba1.35Cu3O7.135-MP-mp-558557.cif,Ca0.4La1.25Ba1.35Cu3O7.135,76.9,new,high,9,1,8,79.8
Ba-Ca-Cu-La-O|Ca0.4Ba1.35La1.25Cu3O7.15,Ca0.4Ba1.35La1.25Cu3O7.15-MP-mp-558557.cif,Ca0.4Ba1.35La1.25Cu3O7.15,79.8,new,high,9,1,8,79.8
Ba-Ca-Cu-La-O|Ca0.4Ba1.35La1.25Cu3O7.15,Ca0.4La1.25Ba1.35Cu3O6.99-MP-mp-1228470.cif,Ca0.4La1.25Ba1.35Cu3O6.99,38.0,new,low,9,1,8,79.8
Ba-Ca-Cu-La-O|Ca0.4Ba1.35La1.25Cu3O7.15,Ca0.4Ba1.35La1.25Cu3O6.92-MP-mp-1228470.cif,Ca0.4Ba1.35La1.25Cu3O6.92,14.4,new,low,9,1,8,79.8
Ba-Ca-Cu-La-O|Ca0.4Ba1.35La1.25Cu3O7.15,Ca0.4Ba1.35La1.25Cu3O6.95-MP-mp-1228470.cif,Ca0.4Ba1.35La1.25Cu3O6.95,24.8,new,low,9,1,8,79.8
Ba-Ca-Cu-La-O|Ca0.4Ba1.35La1.25Cu3O7.15,Ca0.4La1.25Ba1.35Cu3O6.875-MP-mp-1228470.cif,Ca0.4La1.25Ba1.35Cu3O6.875,0.0,new,zero,9,1,8,79.8
Ba-Ca-Cu-La-O|Ca0.4Ba1.35La1.25Cu3O7.15,Ca0.4Ba1.35La1.25Cu3O6.9-MP-mp-1228470.cif,Ca0.4Ba1.35La1.25Cu3O6.9,5.0,new,low,9,1,8,79.8
Ba-Ca-Cu-La-O|La1.5Ba1.4Ca0.1Cu3O6.964,La1.5Ba1.4Ca0.1Cu3O6.964-MP-mp-1228365.cif,La1.5Ba1.4Ca0.1Cu3O6.964,35.0,new,high,3,0,3,35.0
Ba-Ca-Cu-La-O|La1.5Ba1.4Ca0.1Cu3O6.964,La1.5Ba1.4Ca0.1Cu3O6.912-MP-mp-1228365.cif,La1.5Ba1.4Ca0.1Cu3O6.912,13.5,new,low,3,0,3,35.0
Ba-Ca-Cu-La-O|La1.5Ba1.4Ca0.1Cu3O6.964,La1.5Ba1.4Ca0.1Cu3O6.932-MP-mp-1228365.cif,La1.5Ba1.4Ca0.1Cu3O6.932,25.0,new,high,3,0,3,35.0
Ba-Ca-Cu-La-O|Ca0.3Ba1.45La1.25Cu3O7.172,Ca0.3Ba1.45La1.25Cu3O7.172-MP-icsd-64631.cif,Ca0.3Ba1.45La1.25Cu3O7.172,76.0,new,high,6,0,6,76.0
Ba-Ca-Cu-La-O|Ca0.3Ba1.45La1.25Cu3O7.172,Ca0.3Ba1.45La1.25Cu3O6.96-MP-mp-1228365.cif,Ca0.3Ba1.45La1.25Cu3O6.96,9.6,new,low,6,0,6,76.0
Ba-Ca-Cu-La-O|Ca0.3Ba1.45La1.25Cu3O7.172,Ca0.3Ba1.45La1.25Cu3O7-MP-mp-1228365.cif,Ca0.3Ba1.45La1.25Cu3O7,28.3,new,low,6,0,6,76.0
Ba-Ca-Cu-La-O|Ca0.3Ba1.45La1.25Cu3O7.172,La1.25Ca0.3Ba1.45Cu3O7.11-MP-icsd-64631.cif,La1.25Ca0.3Ba1.45Cu3O7.11,66.19999999999999,new,high,6,0,6,76.0
Ba-Ca-Cu-La-O|Ca0.3Ba1.45La1.25Cu3O7.172,Ca0.3Ba1.45La1.25Cu3O7.12-MP-icsd-64631.cif,Ca0.3Ba1.45La1.25Cu3O7.12,69.3,new,high,6,0,6,76.0
Ba-Ca-Cu-La-O|Ca0.3Ba1.45La1.25Cu3O7.172,Ca0.3Ba1.45La1.25Cu3O7.05-MP-icsd-64631.cif,Ca0.3Ba1.45La1.25Cu3O7.05,46.4,new,high,6,0,6,76.0
Ba-Ca-Cu-La-O|La1.1Ba1.5Ca0.4Cu3O7.06,La1.1Ba1.5Ca0.4Cu3O7.06-MP-mp-558557.cif,La1.1Ba1.5Ca0.4Cu3O7.06,79.0,new,high,5,0,5,79.0
Ba-Ca-Cu-La-O|La1.1Ba1.5Ca0.4Cu3O7.06,La1.1Ba1.5Ca0.4Cu3O7.25-MP-mp-505315.cif,La1.1Ba1.5Ca0.4Cu3O7.25,35.0,new,low,5,0,5,79.0
Ba-Ca-Cu-La-O|La1.1Ba1.5Ca0.4Cu3O7.06,La1.1Ba1.5Ca0.4Cu3O7.11-MP-mp-558557.cif,La1.1Ba1.5Ca0.4Cu3O7.11,77.0,new,high,5,0,5,79.0
Ba-Ca-Cu-La-O|La1.1Ba1.5Ca0.4Cu3O7.06,La1.1Ba1.5Ca0.4Cu3O7.17-MP-mp-558557.cif,La1.1Ba1.5Ca0.4Cu3O7.17,70.0,new,high,5,0,5,79.0
Ba-Ca-Cu-La-O|La1.1Ba1.5Ca0.4Cu3O7.06,La1.1Ba1.5Ca0.4Cu3O7.123-MP-mp-558557.cif,La1.1Ba1.5Ca0.4Cu3O7.123,76.0,new,high,5,0,5,79.0
Ba-Ca-Cu-La-O|La1Ba1.5Ca0.5Cu3O6.96,La1Ba1.5Ca0.5Cu3O7.08-MP-mp-558557.cif,La1Ba1.5Ca0.5Cu3O7.08,38.0,new,low,9,5,4,79.9
Ba-Ca-Cu-La-O|La1Ba1.5Ca0.5Cu3O6.96,La1Ba1.5Ca0.5Cu3O7.1-MP-mp-558557.cif,La1Ba1.5Ca0.5Cu3O7.1,0.0,new,zero,9,5,4,79.9
Ba-Ca-Cu-La-O|La1Ba1.5Ca0.5Cu3O6.96,La1Ba1.5Ca0.5Cu3O7.011-MP-mp-558557.cif,La1Ba1.5Ca0.5Cu3O7.011,78.0,new,high,9,5,4,79.9
Ba-Ca-Cu-La-O|La1Ba1.5Ca0.5Cu3O6.96,La1Ba1.5Ca0.5Cu3O7.02-MP-mp-558557.cif,La1Ba1.5Ca0.5Cu3O7.02,0.0,new,zero,9,5,4,79.9
Ba-Ca-Cu-La-O|La1Ba1.5Ca0.5Cu3O6.96,La1Ba1.5Ca0.5Cu3O6.96-MP-mp-1228470.cif,La1Ba1.5Ca0.5Cu3O6.96,79.9,new,high,9,5,4,79.9
Ba-Ca-Cu-La-O|La1Ba1.5Ca0.5Cu3O6.96,La1Ba1.5Ca0.5Cu3O7.14-MP-mp-558557.cif,La1Ba1.5Ca0.5Cu3O7.14,0.0,new,zero,9,5,4,79.9
Ba-Ca-Cu-La-O|La1Ba1.5Ca0.5Cu3O6.96,La1Ba1.5Ca0.5Cu3O7.18-MP-mp-558557.cif,La1Ba1.5Ca0.5Cu3O7.18,0.0,new,zero,9,5,4,79.9
Ba-Ca-Cu-La-O|La1Ba1.5Ca0.5Cu3O6.96,La1Ba1.5Ca0.5Cu3O7.112-MP-mp-558557.cif,La1Ba1.5Ca0.5Cu3O7.112,72.0,new,high,9,5,4,79.9
Ba-Ca-Cu-La-O|La1Ba1.5Ca0.5Cu3O6.96,La1Ba1.5Ca0.5Cu3O7.12-MP-mp-558557.cif,La1Ba1.5Ca0.5Cu3O7.12,0.0,new,zero,9,5,4,79.9
Ba-Ca-Cu-La-O|La1.4Ba1.5Ca0.1Cu3O6.982,La1.4Ba1.5Ca0.1Cu3O6.903-MP-mp-1228365.cif,La1.4Ba1.5Ca0.1Cu3O6.903,25.0,new,low,3,0,3,51.0
Ba-Ca-Cu-La-O|La1.4Ba1.5Ca0.1Cu3O6.982,La1.4Ba1.5Ca0.1Cu3O6.982-MP-mp-1228365.cif,La1.4Ba1.5Ca0.1Cu3O6.982,51.0,new,high,3,0,3,51.0
Ba-Ca-Cu-La-O|La1.4Ba1.5Ca0.1Cu3O6.982,La1.4Ba1.5Ca0.1Cu3O6.943-MP-mp-1228365.cif,La1.4Ba1.5Ca0.1Cu3O6.943,40.0,new,high,3,0,3,51.0
Ba-Ca-Cu-La-O|La1.1Ba1.5Ca0.4Cu3O6.82,La1.1Ba1.5Ca0.4Cu3O6.76-MP-mp-1228470.cif,La1.1Ba1.5Ca0.4Cu3O6.76,34.0,new,low,2,0,2,72.0
Ba-Ca-Cu-La-O|La1.1Ba1.5Ca0.4Cu3O6.82,La1.1Ba1.5Ca0.4Cu3O6.82-MP-mp-1228470.cif,La1.1Ba1.5Ca0.4Cu3O6.82,72.0,new,high,2,0,2,72.0
Ba-Ca-Cu-La-O|La1Ba1.5Ca0.5Cu3O6.79,La1Ba1.5Ca0.5Cu3O6.86-MP-mp-1228470.cif,La1Ba1.5Ca0.5Cu3O6.86,38.0,new,high,5,3,2,40.0
Ba-Ca-Cu-La-O|La1Ba1.5Ca0.5Cu3O6.79,La1Ba1.5Ca0.5Cu3O6.8-MP-mp-1228470.cif,La1Ba1.5Ca0.5Cu3O6.8,0.0,new,zero,5,3,2,40.0
Ba-Ca-Cu-La-O|La1Ba1.5Ca0.5Cu3O6.79,La1Ba1.5Ca0.5Cu3O6.79-MP-mp-1228470.cif,La1Ba1.5Ca0.5Cu3O6.79,40.0,new,high,5,3,2,40.0
Ba-Ca-Cu-La-O|La1Ba1.5Ca0.5Cu3O6.79,La1Ba1.5Ca0.5Cu3O6.76-MP-mp-1228470.cif,La1Ba1.5Ca0.5Cu3O6.76,0.0,new,zero,5,3,2,40.0
Ba-Ca-Cu-La-O|La1Ba1.5Ca0.5Cu3O6.79,La1Ba1.5Ca0.5Cu3O6.68-MP-mp-1228470.cif,La1Ba1.5Ca0.5Cu3O6.68,0.0,new,zero,5,3,2,40.0
Ba-Ca-Cu-La-O|Ca0.2Ba1.55La1.25Cu3O7.159,Ca0.2Ba1.55La1.25Cu3O6.98-MP-mp-1228365.cif,Ca0.2Ba1.55La1.25Cu3O6.98,12.4,new,low,7,0,7,68.5
Ba-Ca-Cu-La-O|Ca0.2Ba1.55La1.25Cu3O7.159,Ca0.2Ba1.55La1.25Cu3O7.01-MP-mp-558557.cif,Ca0.2Ba1.55La1.25Cu3O7.01,25.1,new,low,7,0,7,68.5
Ba-Ca-Cu-La-O|Ca0.2Ba1.55La1.25Cu3O7.159,Ca0.2Ba1.55La1.25Cu3O7.03-MP-mp-558557.cif,Ca0.2Ba1.55La1.25Cu3O7.03,37.900000000000006,new,high,7,0,7,68.5
Ba-Ca-Cu-La-O|Ca0.2Ba1.55La1.25Cu3O7.159,Ca0.2Ba1.55La1.25Cu3O7.07-MP-mp-558557.cif,Ca0.2Ba1.55La1.25Cu3O7.07,46.1,new,high,7,0,7,68.5
Ba-Ca-Cu-La-O|Ca0.2Ba1.55La1.25Cu3O7.159,Ca0.2Ba1.55La1.25Cu3O7.159-MP-mp-558557.cif,Ca0.2Ba1.55La1.25Cu3O7.159,68.5,new,high,7,0,7,68.5
Ba-Ca-Cu-La-O|Ca0.2Ba1.55La1.25Cu3O7.159,Ca0.2Ba1.55La1.25Cu3O7.11-MP-mp-558557.cif,Ca0.2Ba1.55La1.25Cu3O7.11,59.7,new,high,7,0,7,68.5
Ba-Ca-Cu-La-O|Ca0.2Ba1.55La1.25Cu3O7.159,La1.25Ca0.2Ba1.55Cu3O7.082-MP-mp-558557.cif,La1.25Ca0.2Ba1.55Cu3O7.082,50.2,new,high,7,0,7,68.5
Ba-Ca-Cu-La-O|Ca0.1La0.9Ba1.65La0.35Cu3O7.15,Ca0.1La0.9Ba1.65La0.35Cu3O7.15-MP-mp-558557.cif,Ca0.1La0.9Ba1.65La0.35Cu3O7.15,57.15,new,high,7,0,7,57.15
Ba-Ca-Cu-La-O|Ca0.1La0.9Ba1.65La0.35Cu3O7.15,Ca0.1Ba1.65La1.25Cu3O7.08-MP-mp-558557.cif,Ca0.1Ba1.65La1.25Cu3O7.08,45.9,new,high,7,0,7,57.15
Ba-Ca-Cu-La-O|Ca0.1La0.9Ba1.65La0.35Cu3O7.15,Ca0.1Ba1.65La1.25Cu3O7.06-MP-mp-558557.cif,Ca0.1Ba1.65La1.25Cu3O7.06,38.8,new,high,7,0,7,57.15
Ba-Ca-Cu-La-O|Ca0.1La0.9Ba1.65La0.35Cu3O7.15,Ca0.1Ba1.65La1.25Cu3O6.98-MP-mp-622210.cif,Ca0.1Ba1.65La1.25Cu3O6.98,6.5,new,low,7,0,7,57.15
Ba-Ca-Cu-La-O|Ca0.1La0.9Ba1.65La0.35Cu3O7.15,Ca0.1Ba1.65La1.25Cu3O7.01-MP-mp-558557.cif,Ca0.1Ba1.65La1.25Cu3O7.01,19.5,new,low,7,0,7,57.15
Ba-Ca-Cu-La-O|Ca0.1La0.9Ba1.65La0.35Cu3O7.15,Ca0.1Ba1.65La1.25Cu3O7.02-MP-mp-558557.cif,Ca0.1Ba1.65La1.25Cu3O7.02,26.4,new,low,7,0,7,57.15
Ba-Ca-Cu-La-O|Ca0.1La0.9Ba1.65La0.35Cu3O7.15,Ca0.1Ba1.65La1.25Cu3O7.03-MP-mp-558557.cif,Ca0.1Ba1.65La1.25Cu3O7.03,29.9,new,high,7,0,7,57.15
Ba-Cu-O-Pr-Sr-Y|Y0.4Pr0.6Ba1Sr1Cu3O7,Y0.4Pr0.6Ba1Sr1Cu3O6.95-MP-mp-1228182.cif,Y0.4Pr0.6Ba1Sr1Cu3O6.95,0.0,new,zero,3,1,2,23.0
Ba-Cu-O-Pr-Sr-Y|Y0.4Pr0.6Ba1Sr1Cu3O7,Y0.4Pr0.6Ba1Sr1Cu3O7-MP-mp-1228182.cif,Y0.4Pr0.6Ba1Sr1Cu3O7,23.0,new,high,3,1,2,23.0
Ba-Cu-O-Pr-Sr-Y|Y0.4Pr0.6Ba1Sr1Cu3O7,Y0.4Pr0.6Ba1Sr1Cu3O6.92-MP-mp-1228182.cif,Y0.4Pr0.6Ba1Sr1Cu3O6.92,18.0,new,high,3,1,2,23.0
Ba-Cu-O-Pr-Sr-Y|Y0.8Pr0.2Ba1Sr1Cu3O6.9,Y0.8Pr0.2Ba1Sr1Cu3O6.9-MP-mp-1228182.cif,Y0.8Pr0.2Ba1Sr1Cu3O6.9,79.4,new,high,2,1,1,79.4
Ba-Cu-O-Pr-Sr-Y|Y0.8Pr0.2Ba1Sr1Cu3O6.9,Y0.8Pr0.2Ba1Sr1Cu3O6.95-MP-mp-1228182.cif,Y0.8Pr0.2Ba1Sr1Cu3O6.95,0.0,new,zero,2,1,1,79.4
Ba-Cu-O-Pr-Sr-Y|Y0.6Pr0.4Ba1Sr1Cu3O6.89,Y0.6Pr0.4Ba1Sr1Cu3O6.89-MP-mp-1228182.cif,Y0.6Pr0.4Ba1Sr1Cu3O6.89,56.75,new,high,2,1,1,56.75
Ba-Cu-O-Pr-Sr-Y|Y0.6Pr0.4Ba1Sr1Cu3O6.89,Y0.6Pr0.4Ba1Sr1Cu3O6.95-MP-mp-1228182.cif,Y0.6Pr0.4Ba1Sr1Cu3O6.95,0.0,new,zero,2,1,1,56.75
Ba-Cu-O-Pr-Sr-Y|Y0.5Pr0.5Ba1Sr1Cu3O6.9,Y0.5Pr0.5Ba1Sr1Cu3O6.9-MP-mp-1228182.cif,Y0.5Pr0.5Ba1Sr1Cu3O6.9,36.0,new,high,2,1,1,36.0
Ba-Cu-O-Pr-Sr-Y|Y0.5Pr0.5Ba1Sr1Cu3O6.9,Y0.5Pr0.5Ba1Sr1Cu3O6.95-MP-mp-1228182.cif,Y0.5Pr0.5Ba1Sr1Cu3O6.95,0.0,new,zero,2,1,1,36.0
Ba-Cu-O-Pr-Sr-Y|Y0.3Pr0.7Ba1Sr1Cu3O6.95,Y0.3Pr0.7Ba1Sr1Cu3O6.95-MP-mp-1227458.cif,Y0.3Pr0.7Ba1Sr1Cu3O6.95,14.0,new,high,2,1,1,14.0
Ba-Cu-O-Pr-Sr-Y|Y0.3Pr0.7Ba1Sr1Cu3O6.95,Y0.3Pr0.7Ba1Sr1Cu3O6.9-MP-mp-1227458.cif,Y0.3Pr0.7Ba1Sr1Cu3O6.9,0.0,new,zero,2,1,1,14.0
Ba-Cu-O-Pr-Sr-Y|Y0.35Pr0.65Ba1Sr1Cu3O6.9,Y0.35Pr0.65Ba1Sr1Cu3O6.9-MP-mp-1228182.cif,Y0.35Pr0.65Ba1Sr1Cu3O6.9,20.3,new,high,2,1,1,20.3
Ba-Cu-O-Pr-Sr-Y|Y0.35Pr0.65Ba1Sr1Cu3O6.9,Y0.35Pr0.65Ba1Sr1Cu3O6.95-MP-mp-1228182.cif,Y0.35Pr0.65Ba1Sr1Cu3O6.95,0.0,new,zero,2,1,1,20.3
Ba-Cu-Dy-O-Sr|Dy1Ba1Sr1Cu3O6.93,Dy1Ba1Sr1Cu3O6.93-MP-mp-622105.cif,Dy1Ba1Sr1Cu3O6.93,82.25,new,high,3,1,2,82.25
Ba-Cu-Dy-O-Sr|Dy1Ba1Sr1Cu3O6.93,Dy1Ba1Sr1Cu3O6.89-MP-mp-622105.cif,Dy1Ba1Sr1Cu3O6.89,78.275,new,high,3,1,2,82.25
Ba-Cu-Dy-O-Sr|Dy1Ba1Sr1Cu3O6.93,DyBaSrCu3O7-MP-mp-622105.cif,DyBaSrCu3O7,0.0,new,zero,3,1,2,82.25
Ba-Cu-Er-O-Sr|Er1Ba1Sr1Cu3O6.94,Er1Ba1Sr1Cu3O6.94-MP-mp-1227765.cif,Er1Ba1Sr1Cu3O6.94,78.0,new,high,2,1,1,78.0
Ba-Cu-Er-O-Sr|Er1Ba1Sr1Cu3O6.94,ErBaSrCu3O7-MP-icsd-63405.cif,ErBaSrCu3O7,0.0,new,zero,2,1,1,78.0
Ba-Cu-Nd-O-Sr|Nd1Ba1Sr1Cu3O6.94,Nd1Ba1Sr1Cu3O6.94-MP-mp-1227498.cif,Nd1Ba1Sr1Cu3O6.94,69.0,new,high,3,1,2,69.0
Ba-Cu-Nd-O-Sr|Nd1Ba1Sr1Cu3O6.94,Nd1Ba1Sr1Cu3O7.02-MP-icsd-56627.cif,Nd1Ba1Sr1Cu3O7.02,49.9,new,high,3,1,2,69.0
Ba-Cu-Nd-O-Sr|Nd1Ba1Sr1Cu3O6.94,NdBaSrCu3O7-MP-icsd-56627.cif,NdBaSrCu3O7,0.0,new,zero,3,1,2,69.0
Ba-Cu-O-Sm-Sr|Sm1Ba1Sr1Cu3O6.94,Sm1Ba1Sr1Cu3O6.94-MP-mp-1227474.cif,Sm1Ba1Sr1Cu3O6.94,80.0,new,high,2,1,1,80.0
Ba-Cu-O-Sm-Sr|Sm1Ba1Sr1Cu3O6.94,SmBaSrCu3O7-MP-icsd-68194.cif,SmBaSrCu3O7,0.0,new,zero,2,1,1,80.0
Ba-Bi-K-O-Pr|Ba0.6K0.4Bi0.933Pr0.067O3,Ba0.6K0.4Bi0.925Pr0.075O3-MP-mp-1516766.cif,Ba0.6K0.4Bi0.925Pr0.075O3,4.5,new,low,3,1,2,11.1
Ba-Bi-K-O-Pr|Ba0.6K0.4Bi0.933Pr0.067O3,Ba0.6K0.4Bi0.933Pr0.067O3-MP-mp-1516766.cif,Ba0.6K0.4Bi0.933Pr0.067O3,11.1,new,high,3,1,2,11.1
Ba-Bi-K-O-Pr|Ba0.6K0.4Bi0.933Pr0.067O3,Ba0.6K0.4Bi0.918Pr0.082O3-MP-mp-1516766.cif,Ba0.6K0.4Bi0.918Pr0.082O3,0.0,new,zero,3,1,2,11.1
Ba-Ca-Cu-La-O-Y|La2.1Y0.7Ca1.4Ba2.8Cu7O16.433,La1.5Y0.5Ba2Ca1Cu5O11.86-MP-icsd-63321.cif,La1.5Y0.5Ba2Ca1Cu5O11.86,0.0,new,zero,2,1,1,79.0
Ba-Ca-Cu-La-O-Y|La2.1Y0.7Ca1.4Ba2.8Cu7O16.433,La2.1Y0.7Ca1.4Ba2.8Cu7O16.433-MP-icsd-63321.cif,La2.1Y0.7Ca1.4Ba2.8Cu7O16.433,79.0,new,high,2,1,1,79.0
Ba-Cu-La-O-Y-Zn|Y1Ba1.9La0.1Cu3.972Zn0.028O8,Y1Ba1.9La0.1Cu3.93Zn0.07O8-MP-mp-6790.cif,Y1Ba1.9La0.1Cu3.93Zn0.07O8,17.8,new,low,3,0,3,48.7
Ba-Cu-La-O-Y-Zn|Y1Ba1.9La0.1Cu3.972Zn0.028O8,Y1Ba1.9La0.1Cu3.95Zn0.05O8-MP-mp-6790.cif,Y1Ba1.9La0.1Cu3.95Zn0.05O8,33.3,new,high,3,0,3,48.7
Ba-Cu-La-O-Y-Zn|Y1Ba1.9La0.1Cu3.972Zn0.028O8,Y1Ba1.9La0.1Cu3.972Zn0.028O8-MP-mp-6790.cif,Y1Ba1.9La0.1Cu3.972Zn0.028O8,48.7,new,high,3,0,3,48.7
Ba-Cu-Ni-O-Y|Y1Ba2Cu2.72Ni0.28O7,Y1Ba2Cu2.7Ni0.3O7-MP-mp-20674.cif,Y1Ba2Cu2.7Ni0.3O7,0.0,new,zero,2,1,1,51.0
Ba-Cu-Ni-O-Y|Y1Ba2Cu2.72Ni0.28O7,Y1Ba2Cu2.72Ni0.28O7-MP-mp-20674.cif,Y1Ba2Cu2.72Ni0.28O7,51.0,new,high,2,1,1,51.0
Ba-Cu-Ni-O-Y|Y1Ba2Cu2.9Ni0.1O6.92,Y1Ba2Cu2.9Ni0.1O6.85-MP-mp-20674.cif,Y1Ba2Cu2.9Ni0.1O6.85,54.5,new,high,9,0,9,76.5
Ba-Cu-Ni-O-Y|Y1Ba2Cu2.9Ni0.1O6.92,Y1Ba2Cu2.9Ni0.1O6.77-MP-mp-1228903.cif,Y1Ba2Cu2.9Ni0.1O6.77,44.0,new,high,9,0,9,76.5
Ba-Cu-Ni-O-Y|Y1Ba2Cu2.9Ni0.1O6.92,Y1Ba2Cu2.9Ni0.1O6.71-MP-mp-1228425.cif,Y1Ba2Cu2.9Ni0.1O6.71,29.0,new,low,9,0,9,76.5
Ba-Cu-Ni-O-Y|Y1Ba2Cu2.9Ni0.1O6.92,Y1Ba2Cu2.9Ni0.1O6.56-MP-mp-1228425.cif,Y1Ba2Cu2.9Ni0.1O6.56,4.3,new,low,9,0,9,76.5
Ba-Cu-Ni-O-Y|Y1Ba2Cu2.9Ni0.1O6.92,Y1Ba2Cu2.9Ni0.1O6.61-MP-mp-1228425.cif,Y1Ba2Cu2.9Ni0.1O6.61,20.5,new,low,9,0,9,76.5
Ba-Cu-Ni-O-Y|Y1Ba2Cu2.9Ni0.1O6.92,Y1Ba2Cu2.9Ni0.1O6.95-MP-mp-20674.cif,Y1Ba2Cu2.9Ni0.1O6.95,70.0,new,high,9,0,9,76.5
Ba-Cu-Ni-O-Y|Y1Ba2Cu2.9Ni0.1O6.92,Y1.01Ba2.01Cu2.906Ni0.094O6.7-MP-icsd-63321.cif,Y1.01Ba2.01Cu2.906Ni0.094O6.7,71.0,new,high,9,0,9,76.5
Ba-Cu-Ni-O-Y|Y1Ba2Cu2.9Ni0.1O6.92,Y1Ba2Cu2.9Ni0.1O6.92-MP-mp-20674.cif,Y1Ba2Cu2.9Ni0.1O6.92,76.5,new,high,9,0,9,76.5
Ba-Cu-Ni-O-Y|Y1Ba2Cu2.9Ni0.1O6.92,Y1Ba2Cu2.9Ni0.1O6.87-MP-mp-20674.cif,Y1Ba2Cu2.9Ni0.1O6.87,62.25,new,high,9,0,9,76.5
Ba-Cu-Fe-O-Y|Y1Ba2Cu3.8Fe0.2O8,Y1Ba2Cu3.76Fe0.24O8-MP-mp-6790.cif,Y1Ba2Cu3.76Fe0.24O8,0.0,new,zero,2,1,1,64.0
Ba-Cu-Fe-O-Y|Y1Ba2Cu3.8Fe0.2O8,Y1Ba2Cu3.8Fe0.2O8-MP-mp-6790.cif,Y1Ba2Cu3.8Fe0.2O8,64.0,new,high,2,1,1,64.0
Ba-Cu-Fe-O-Y|Y1Ba2Cu2.68Fe0.32O6.999,YBa2(Cu0.9Fe0.1)3O7.01-MP-icsd-63321.cif,YBa2(Cu0.9Fe0.1)3O7.01,0.0,new,zero,3,2,1,26.0
Ba-Cu-Fe-O-Y|Y1Ba2Cu2.68Fe0.32O6.999,Y1Ba2Cu2.68Fe0.32O6.999-MP-mp-1228213.cif,Y1Ba2Cu2.68Fe0.32O6.999,26.0,new,high,3,2,1,26.0
Ba-Cu-Fe-O-Y|Y1Ba2Cu2.68Fe0.32O6.999,Y1Ba2Cu2.7Fe0.3O6.96-MP-mp-20674.cif,Y1Ba2Cu2.7Fe0.3O6.96,0.0,new,zero,3,2,1,26.0
Ba-Cu-Fe-O-Y|Y1Ba2Cu2.82Fe0.18O6.895,Y1Ba2Cu2.8Fe0.2O6.85-MP-mp-20674.cif,Y1Ba2Cu2.8Fe0.2O6.85,57.7,new,high,13,1,12,87.7
Ba-Cu-Fe-O-Y|Y1Ba2Cu2.82Fe0.18O6.895,Y1Ba2Cu2.8Fe0.2O6.8-MP-mp-1228903.cif,Y1Ba2Cu2.8Fe0.2O6.8,43.9,new,high,13,1,12,87.7
Ba-Cu-Fe-O-Y|Y1Ba2Cu2.82Fe0.18O6.895,Y1Ba2Cu2.8Fe0.2O6.76-MP-mp-1228903.cif,Y1Ba2Cu2.8Fe0.2O6.76,27.8,new,low,13,1,12,87.7
Ba-Cu-Fe-O-Y|Y1Ba2Cu2.82Fe0.18O6.895,Y1Ba2Cu2.82Fe0.18O7-MP-mp-20674.cif,Y1Ba2Cu2.82Fe0.18O7,74.0,new,high,13,1,12,87.7
Ba-Cu-Fe-O-Y|Y1Ba2Cu2.82Fe0.18O6.895,Y1Ba2Cu2.8Fe0.2O6.9-MP-mp-1228425.cif,Y1Ba2Cu2.8Fe0.2O6.9,58.8,new,high,13,1,12,87.7
Ba-Cu-Fe-O-Y|Y1Ba2Cu2.82Fe0.18O6.895,Y1Ba2Cu2.8Fe0.2O6.7-MP-mp-1228425.cif,Y1Ba2Cu2.8Fe0.2O6.7,0.0,new,zero,13,1,12,87.7
Ba-Cu-Fe-O-Y|Y1Ba2Cu2.82Fe0.18O6.895,Y1Ba2Cu2.84Fe0.16O6.959-MP-mp-20674.cif,Y1Ba2Cu2.84Fe0.16O6.959,53.0,new,high,13,1,12,87.7
Ba-Cu-Fe-O-Y|Y1Ba2Cu2.82Fe0.18O6.895,Y1Ba2Cu2.85Fe0.15O7-MP-mp-20674.cif,Y1Ba2Cu2.85Fe0.15O7,54.0,new,high,13,1,12,87.7
Ba-Cu-Fe-O-Y|Y1Ba2Cu2.82Fe0.18O6.895,Y1Ba2Cu2.82Fe0.18O6.95-MP-mp-20674.cif,Y1Ba2Cu2.82Fe0.18O6.95,75.6,new,high,13,1,12,87.7
Ba-Cu-Fe-O-Y|Y1Ba2Cu2.82Fe0.18O6.895,Y1Ba2Cu2.835Fe0.165O6.98-MP-mp-20674.cif,Y1Ba2Cu2.835Fe0.165O6.98,69.3,new,high,13,1,12,87.7
Ba-Cu-Fe-O-Y|Y1Ba2Cu2.82Fe0.18O6.895,Y1Ba2Cu2.8Fe0.2O6.93-MP-mp-20674.cif,Y1Ba2Cu2.8Fe0.2O6.93,49.0,new,high,13,1,12,87.7
Ba-Cu-Fe-O-Y|Y1Ba2Cu2.82Fe0.18O6.895,Y1Ba2Cu2.82Fe0.18O6.895-MP-mp-20674.cif,Y1Ba2Cu2.82Fe0.18O6.895,87.7,new,high,13,1,12,87.7
Ba-Cu-Fe-O-Y|Y1Ba2Cu2.82Fe0.18O6.895,Y1Ba2Cu2.85Fe0.15O7.02-MP-icsd-63321.cif,Y1Ba2Cu2.85Fe0.15O7.02,76.0,new,high,13,1,12,87.7
Ba-Cu-Fe-O-Y|Y1Ba2Cu2.95Fe0.05O6.92,Y1Ba2Cu2.9Fe0.1O7-MP-mp-20674.cif,Y1Ba2Cu2.9Fe0.1O7,80.5,new,high,31,3,28,91.8
Ba-Cu-Fe-O-Y|Y1Ba2Cu2.95Fe0.05O6.92,Y1Ba2Cu2.92Fe0.08O7-MP-mp-20674.cif,Y1Ba2Cu2.92Fe0.08O7,86.2,new,high,31,3,28,91.8
Ba-Cu-Fe-O-Y|Y1Ba2Cu2.95Fe0.05O6.92,Y1Ba2Cu2.94Fe0.06O6.954-MP-mp-20674.cif,Y1Ba2Cu2.94Fe0.06O6.954,76.6,new,high,31,3,28,91.8
Ba-Cu-Fe-O-Y|Y1Ba2Cu2.95Fe0.05O6.92,Y1Ba2Cu2.98Fe0.02O7-MP-mp-20674.cif,Y1Ba2Cu2.98Fe0.02O7,90.7,new,high,31,3,28,91.8
Ba-Cu-Fe-O-Y|Y1Ba2Cu2.95Fe0.05O6.92,Y1Ba2Cu2.9Fe0.1O6.929-MP-mp-20674.cif,Y1Ba2Cu2.9Fe0.1O6.929,71.0,new,high,31,3,28,91.8
Ba-Cu-Fe-O-Y|Y1Ba2Cu2.95Fe0.05O6.92,Y1Ba2Cu2.9Fe0.1O6.9-MP-mp-20674.cif,Y1Ba2Cu2.9Fe0.1O6.9,74.9,new,high,31,3,28,91.8
Ba-Cu-Fe-O-Y|Y1Ba2Cu2.95Fe0.05O6.92,Y1Ba2Cu2.94Fe0.06O6.929-MP-mp-20674.cif,Y1Ba2Cu2.94Fe0.06O6.929,85.0,new,high,31,3,28,91.8
Ba-Cu-Fe-O-Y|Y1Ba2Cu2.95Fe0.05O6.92,Y1Ba2Cu2.95Fe0.05O6.92-MP-mp-20674.cif,Y1Ba2Cu2.95Fe0.05O6.92,91.8,new,high,31,3,28,91.8
Ba-Cu-Fe-O-Y|Y1Ba2Cu2.95Fe0.05O6.92,Y1Ba2Cu2.94Fe0.06O6.89-MP-mp-20674.cif,Y1Ba2Cu2.94Fe0.06O6.89,87.5,new,high,31,3,28,91.8
Ba-Cu-Fe-O-Y|Y1Ba2Cu2.95Fe0.05O6.92,Y1Ba2Cu2.955Fe0.045O6.89-MP-mp-20674.cif,Y1Ba2Cu2.955Fe0.045O6.89,72.0,new,high,31,3,28,91.8
Ba-Cu-Fe-O-Y|Y1Ba2Cu2.95Fe0.05O6.92,Y1Ba2Cu2.955Fe0.045O6.93-MP-mp-20674.cif,Y1Ba2Cu2.955Fe0.045O6.93,91.4,new,high,31,3,28,91.8
Ba-Cu-Fe-O-Y|Y1Ba2Cu2.95Fe0.05O6.92,Y1Ba2Cu2.95Fe0.05O6.9-MP-mp-20674.cif,Y1Ba2Cu2.95Fe0.05O6.9,88.7,new,high,31,3,28,91.8
Ba-Cu-Fe-O-Y|Y1Ba2Cu2.95Fe0.05O6.92,Y1Ba2Cu2.98Fe0.02O6.93-MP-mp-20674.cif,Y1Ba2Cu2.98Fe0.02O6.93,90.4,new,high,31,3,28,91.8
Ba-Cu-Fe-O-Y|Y1Ba2Cu2.95Fe0.05O6.92,Y1Ba2Cu2.9Fe0.1O6.85-MP-mp-20674.cif,Y1Ba2Cu2.9Fe0.1O6.85,63.8,new,high,31,3,28,91.8
Ba-Cu-Fe-O-Y|Y1Ba2Cu2.95Fe0.05O6.92,Y1Ba2Cu2.91Fe0.09O6.83-MP-mp-20674.cif,Y1Ba2Cu2.91Fe0.09O6.83,60.0,new,high,31,3,28,91.8
Ba-Cu-Fe-O-Y|Y1Ba2Cu2.95Fe0.05O6.92,Y1Ba2Cu2.9Fe0.1O6.8-MP-mp-1228903.cif,Y1Ba2Cu2.9Fe0.1O6.8,50.55,new,high,31,3,28,91.8
Ba-Cu-Fe-O-Y|Y1Ba2Cu2.95Fe0.05O6.92,Y1Ba2Cu2.94Fe0.06O6.85-MP-mp-20674.cif,Y1Ba2Cu2.94Fe0.06O6.85,85.0,new,high,31,3,28,91.8
Ba-Cu-Fe-O-Y|Y1Ba2Cu2.95Fe0.05O6.92,Y1Ba2Cu2.95Fe0.05O6.79-MP-mp-1228903.cif,Y1Ba2Cu2.95Fe0.05O6.79,67.6,new,high,31,3,28,91.8
Ba-Cu-Fe-O-Y|Y1Ba2Cu2.95Fe0.05O6.92,Y1Ba2Cu2.95Fe0.05O6.84-MP-mp-20674.cif,Y1Ba2Cu2.95Fe0.05O6.84,76.4,new,high,31,3,28,91.8
Ba-Cu-Fe-O-Y|Y1Ba2Cu2.95Fe0.05O6.92,Y1Ba2Cu2.9Fe0.1O6.75-MP-mp-1228425.cif,Y1Ba2Cu2.9Fe0.1O6.75,37.4,new,low,31,3,28,91.8
Ba-Cu-Fe-O-Y|Y1Ba2Cu2.95Fe0.05O6.92,Y1Ba2Cu2.9Fe0.1O6.72-MP-mp-1228425.cif,Y1Ba2Cu2.9Fe0.1O6.72,30.75,new,low,31,3,28,91.8
Ba-Cu-Fe-O-Y|Y1Ba2Cu2.95Fe0.05O6.92,Y1Ba2Cu2.95Fe0.05O6.73-MP-mp-1228425.cif,Y1Ba2Cu2.95Fe0.05O6.73,52.7,new,high,31,3,28,91.8
Ba-Cu-Fe-O-Y|Y1Ba2Cu2.95Fe0.05O6.92,Y1Ba2Cu2.9Fe0.1O6.64-MP-mp-1228425.cif,Y1Ba2Cu2.9Fe0.1O6.64,20.5,new,low,31,3,28,91.8
Ba-Cu-Fe-O-Y|Y1Ba2Cu2.95Fe0.05O6.92,Y1Ba2Cu2.95Fe0.05O6.69-MP-mp-1228425.cif,Y1Ba2Cu2.95Fe0.05O6.69,43.5,new,low,31,3,28,91.8
Ba-Cu-Fe-O-Y|Y1Ba2Cu2.95Fe0.05O6.92,Y1Ba2Cu2.95Fe0.05O6.64-MP-mp-1228425.cif,Y1Ba2Cu2.95Fe0.05O6.64,37.4,new,low,31,3,28,91.8
Ba-Cu-Fe-O-Y|Y1Ba2Cu2.95Fe0.05O6.92,Y1Ba2Cu2.9Fe0.1O6.62-MP-mp-1228425.cif,Y1Ba2Cu2.9Fe0.1O6.62,4.2,new,low,31,3,28,91.8
Ba-Cu-Fe-O-Y|Y1Ba2Cu2.95Fe0.05O6.92,Y1Ba2Cu2.9Fe0.1O6.58-MP-mp-1228425.cif,Y1Ba2Cu2.9Fe0.1O6.58,0.0,new,zero,31,3,28,91.8
Ba-Cu-Fe-O-Y|Y1Ba2Cu2.95Fe0.05O6.92,Y1Ba2Cu2.95Fe0.05O6.6-MP-mp-1228425.cif,Y1Ba2Cu2.95Fe0.05O6.6,26.2,new,low,31,3,28,91.8
Ba-Cu-Fe-O-Y|Y1Ba2Cu2.95Fe0.05O6.92,Y1Ba2Cu2.95Fe0.05O6.55-MP-mp-1228425.cif,Y1Ba2Cu2.95Fe0.05O6.55,17.8,new,low,31,3,28,91.8
Ba-Cu-Fe-O-Y|Y1Ba2Cu2.95Fe0.05O6.92,Y1Ba2Cu2.9Fe0.1O6.52-MP-mp-1228425.cif,Y1Ba2Cu2.9Fe0.1O6.52,0.0,new,zero,31,3,28,91.8
Ba-Cu-Fe-O-Y|Y1Ba2Cu2.95Fe0.05O6.92,Y1Ba2Cu2.95Fe0.05O6.52-MP-mp-1228425.cif,Y1Ba2Cu2.95Fe0.05O6.52,0.0,new,zero,31,3,28,91.8
Ba-Cu-Fe-O-Y|Y1Ba2Cu2.6Fe0.4O7,Y1Ba2Cu2.6Fe0.4O7.024-MP-icsd-63321.cif,Y1Ba2Cu2.6Fe0.4O7.024,0.0,new,zero,2,1,1,31.0
Ba-Cu-Fe-O-Y|Y1Ba2Cu2.6Fe0.4O7,Y1Ba2Cu2.6Fe0.4O7-MP-mp-1228213.cif,Y1Ba2Cu2.6Fe0.4O7,31.0,new,high,2,1,1,31.0
Ba-Cu-Fe-O-Y|Y1Ba2Cu2.64Fe0.36O7.12,YBa2(Cu0.87Fe0.13)3O7.14-MP-icsd-63321.cif,YBa2(Cu0.87Fe0.13)3O7.14,0.0,new,zero,2,1,1,32.0
Ba-Cu-Fe-O-Y|Y1Ba2Cu2.64Fe0.36O7.12,Y1Ba2Cu2.64Fe0.36O7.12-MP-icsd-63321.cif,Y1Ba2Cu2.64Fe0.36O7.12,32.0,new,high,2,1,1,32.0
Ba-Cu-Mn-O-Y|Y1Ba2Cu3.96Mn0.04O8,Y1Ba2Cu3.88Mn0.12O8-MP-mp-6790.cif,Y1Ba2Cu3.88Mn0.12O8,0.0,new,zero,3,1,2,62.8
Ba-Cu-Mn-O-Y|Y1Ba2Cu3.96Mn0.04O8,Y1Ba2Cu3.92Mn0.08O8-MP-mp-6790.cif,Y1Ba2Cu3.92Mn0.08O8,41.6,new,high,3,1,2,62.8
Ba-Cu-Mn-O-Y|Y1Ba2Cu3.96Mn0.04O8,Y1Ba2Cu3.96Mn0.04O8-MP-mp-6790.cif,Y1Ba2Cu3.96Mn0.04O8,62.8,new,high,3,1,2,62.8
Ba-Cu-Fe-O-Pr-Y|Y0.8Pr0.2Ba2Cu3.975Fe0.025O8,Y0.8Pr0.2Ba2Cu3.925Fe0.075O8-MP-mp-1229203.cif,Y0.8Pr0.2Ba2Cu3.925Fe0.075O8,10.0,new,low,4,1,3,46.0
Ba-Cu-Fe-O-Pr-Y|Y0.8Pr0.2Ba2Cu3.975Fe0.025O8,Y0.8Pr0.2Ba2Cu3.95Fe0.05O8-MP-mp-1229203.cif,Y0.8Pr0.2Ba2Cu3.95Fe0.05O8,33.0,new,high,4,1,3,46.0
Ba-Cu-Fe-O-Pr-Y|Y0.8Pr0.2Ba2Cu3.975Fe0.025O8,Y0.8Pr0.2Ba2Cu3.975Fe0.025O8-MP-mp-1229203.cif,Y0.8Pr0.2Ba2Cu3.975Fe0.025O8,46.0,new,high,4,1,3,46.0
Ba-Cu-Fe-O-Pr-Y|Y0.8Pr0.2Ba2Cu3.975Fe0.025O8,Y0.8Pr0.2Ba2Cu3.9Fe0.1O8-MP-mp-1229203.cif,Y0.8Pr0.2Ba2Cu3.9Fe0.1O8,0.0,new,zero,4,1,3,46.0
Ba-Cu-O-Sm-Zn|Sm1Ba2Cu2.98Zn0.02O6.82,Sm1Ba2Cu2.9Zn0.1O6.83-MP-mp-21451.cif,Sm1Ba2Cu2.9Zn0.1O6.83,29.0,new,low,5,0,5,81.0
Ba-Cu-O-Sm-Zn|Sm1Ba2Cu2.98Zn0.02O6.82,Sm1Ba2Cu2.92Zn0.08O6.85-MP-mp-21451.cif,Sm1Ba2Cu2.92Zn0.08O6.85,49.0,new,high,5,0,5,81.0
Ba-Cu-O-Sm-Zn|Sm1Ba2Cu2.98Zn0.02O6.82,Sm1Ba2Cu2.94Zn0.06O6.85-MP-mp-21451.cif,Sm1Ba2Cu2.94Zn0.06O6.85,59.0,new,high,5,0,5,81.0
Ba-Cu-O-Sm-Zn|Sm1Ba2Cu2.98Zn0.02O6.82,Sm1Ba2Cu2.96Zn0.04O6.83-MP-mp-21451.cif,Sm1Ba2Cu2.96Zn0.04O6.83,70.0,new,high,5,0,5,81.0
Ba-Cu-O-Sm-Zn|Sm1Ba2Cu2.98Zn0.02O6.82,Sm1Ba2Cu2.98Zn0.02O6.82-MP-mp-21451.cif,Sm1Ba2Cu2.98Zn0.02O6.82,81.0,new,high,5,0,5,81.0
Ba-Cu-O-Y-Zr|Y1Ba2Cu2.94Zr0.06O6.81,Y1Ba2Cu2.94Zr0.06O6.82-MP-mp-20674.cif,Y1Ba2Cu2.94Zr0.06O6.82,0.0,new,zero,2,1,1,92.3
Ba-Cu-O-Y-Zr|Y1Ba2Cu2.94Zr0.06O6.81,Y1Ba2Cu2.94Zr0.06O6.81-MP-mp-20674.cif,Y1Ba2Cu2.94Zr0.06O6.81,92.3,new,high,2,1,1,92.3
Ba-Cu-Hg-O-Re|Hg0.85Re0.15Ba2Cu1O4.53,Hg0.85Re0.15Ba2Cu1O4.58-MP-mp-1147523.cif,Hg0.85Re0.15Ba2Cu1O4.58,34.85,new,low,5,0,5,96.3
Ba-Cu-Hg-O-Re|Hg0.85Re0.15Ba2Cu1O4.53,Hg0.85Re0.15Ba2Cu1O4.55-MP-mp-1147523.cif,Hg0.85Re0.15Ba2Cu1O4.55,93.7,new,high,5,0,5,96.3
Ba-Cu-Hg-O-Re|Hg0.85Re0.15Ba2Cu1O4.53,Hg0.85Re0.15Ba2Cu1O4.53-MP-mp-1147523.cif,Hg0.85Re0.15Ba2Cu1O4.53,96.3,new,high,5,0,5,96.3
Ba-Cu-Hg-O-Re|Hg0.85Re0.15Ba2Cu1O4.53,Hg0.85Re0.15Ba2Cu1O4.525-MP-mp-1147523.cif,Hg0.85Re0.15Ba2Cu1O4.525,95.55,new,high,5,0,5,96.3
Ba-Cu-Hg-O-Re|Hg0.85Re0.15Ba2Cu1O4.53,Hg0.85Re0.15Ba2Cu1O4.49-MP-mp-1147523.cif,Hg0.85Re0.15Ba2Cu1O4.49,93.7,new,high,5,0,5,96.3
Ba-Cu-Hg-O-Zn|Hg1Ba2Cu0.97Zn0.03O4.081,Hg1Ba2Cu0.97Zn0.03O4.081-MP-mp-1229200.cif,Hg1Ba2Cu0.97Zn0.03O4.081,83.0,new,high,6,0,6,83.0
Ba-Cu-Hg-O-Zn|Hg1Ba2Cu0.97Zn0.03O4.081,Hg1Ba2Cu0.97Zn0.03O4.052-MP-mp-1229200.cif,Hg1Ba2Cu0.97Zn0.03O4.052,69.0,new,high,6,0,6,83.0
Ba-Cu-Hg-O-Zn|Hg1Ba2Cu0.97Zn0.03O4.081,Hg1Ba2Cu0.97Zn0.03O4.063-MP-mp-1229200.cif,Hg1Ba2Cu0.97Zn0.03O4.063,75.0,new,high,6,0,6,83.0
Ba-Cu-Hg-O-Zn|Hg1Ba2Cu0.97Zn0.03O4.081,Hg1Ba2Cu0.97Zn0.03O4.073-MP-mp-1229200.cif,Hg1Ba2Cu0.97Zn0.03O4.073,82.0,new,high,6,0,6,83.0
Ba-Cu-Hg-O-Zn|Hg1Ba2Cu0.97Zn0.03O4.081,Hg1Ba2Cu0.97Zn0.03O4.043-MP-mp-1229200.cif,Hg1Ba2Cu0.97Zn0.03O4.043,53.0,new,high,6,0,6,83.0
Ba-Cu-Hg-O-Zn|Hg1Ba2Cu0.97Zn0.03O4.081,Hg1Ba2Cu0.97Zn0.03O4.032-MP-mp-1229200.cif,Hg1Ba2Cu0.97Zn0.03O4.032,14.0,new,low,6,0,6,83.0
Bi-Cu-Mo-O-Sr-Y|Bi0.132Mo0.198Cu2.67Sr2Y1O7.2,Bi0.1155Mo0.2145Cu2.67Sr2Y1O7.25-MP-mp-1520951.cif,Bi0.1155Mo0.2145Cu2.67Sr2Y1O7.25,0.0,new,zero,4,2,2,29.0
Bi-Cu-Mo-O-Sr-Y|Bi0.132Mo0.198Cu2.67Sr2Y1O7.2,Bi0.1485Mo0.1815Cu2.67Sr2Y1O7.21-MP-mp-1520951.cif,Bi0.1485Mo0.1815Cu2.67Sr2Y1O7.21,20.6,new,high,4,2,2,29.0
Bi-Cu-Mo-O-Sr-Y|Bi0.132Mo0.198Cu2.67Sr2Y1O7.2,Bi0.165Mo0.165Cu2.67Sr2Y1O7.21-MP-mp-1520951.cif,Bi0.165Mo0.165Cu2.67Sr2Y1O7.21,0.0,new,zero,4,2,2,29.0
Bi-Cu-Mo-O-Sr-Y|Bi0.132Mo0.198Cu2.67Sr2Y1O7.2,Bi0.132Mo0.198Cu2.67Sr2Y1O7.2-MP-mp-1520951.cif,Bi0.132Mo0.198Cu2.67Sr2Y1O7.2,29.0,new,high,4,2,2,29.0
Bi-Ca-Cu-Fe-O-Pb-Sr|Bi1.8Pb0.2Sr2Ca1Cu1.98Fe0.02O8,Bi1.8Pb0.2Sr2Ca1Cu1.84Fe0.16O8-MP-mp-1218930.cif,Bi1.8Pb0.2Sr2Ca1Cu1.84Fe0.16O8,26.1,new,low,5,0,5,54.8
Bi-Ca-Cu-Fe-O-Pb-Sr|Bi1.8Pb0.2Sr2Ca1Cu1.98Fe0.02O8,Bi1.8Pb0.2Sr2Ca1Cu1.88Fe0.12O8-MP-mp-1218930.cif,Bi1.8Pb0.2Sr2Ca1Cu1.88Fe0.12O8,30.9,new,high,5,0,5,54.8
Bi-Ca-Cu-Fe-O-Pb-Sr|Bi1.8Pb0.2Sr2Ca1Cu1.98Fe0.02O8,Bi1.8Pb0.2Sr2Ca1Cu1.92Fe0.08O8-MP-mp-1218930.cif,Bi1.8Pb0.2Sr2Ca1Cu1.92Fe0.08O8,33.8,new,high,5,0,5,54.8
Bi-Ca-Cu-Fe-O-Pb-Sr|Bi1.8Pb0.2Sr2Ca1Cu1.98Fe0.02O8,Bi1.8Pb0.2Sr2Ca1Cu1.96Fe0.04O8-MP-mp-1218930.cif,Bi1.8Pb0.2Sr2Ca1Cu1.96Fe0.04O8,48.5,new,high,5,0,5,54.8
Bi-Ca-Cu-Fe-O-Pb-Sr|Bi1.8Pb0.2Sr2Ca1Cu1.98Fe0.02O8,Bi1.8Pb0.2Sr2Ca1Cu1.98Fe0.02O8-MP-mp-1218930.cif,Bi1.8Pb0.2Sr2Ca1Cu1.98Fe0.02O8,54.8,new,high,5,0,5,54.8
Ca-Cu-Fe-O-Sr-Y|Y0.9Ca0.1Sr2Cu2.5Fe0.5O6.9,Y0.92Ca0.08Sr2Cu2.5Fe0.5O6.92-MP-mp-1218669.cif,Y0.92Ca0.08Sr2Cu2.5Fe0.5O6.92,8.0,new,low,3,0,3,20.0
Ca-Cu-Fe-O-Sr-Y|Y0.9Ca0.1Sr2Cu2.5Fe0.5O6.9,Y0.9Ca0.1Sr2Cu2.5Fe0.5O6.9-MP-mp-1218669.cif,Y0.9Ca0.1Sr2Cu2.5Fe0.5O6.9,20.0,new,high,3,0,3,20.0
Ca-Cu-Fe-O-Sr-Y|Y0.9Ca0.1Sr2Cu2.5Fe0.5O6.9,Y0.88Ca0.12Sr2Cu2.5Fe0.5O6.89-MP-mp-1218669.cif,Y0.88Ca0.12Sr2Cu2.5Fe0.5O6.89,19.0,new,high,3,0,3,20.0
Ca-Cu-La-O-Sr|La1.8Sr0.2Ca1Cu2O5.98,La1.8Sr0.2Ca1Cu2O6.03-MP-mp-1213978.cif,La1.8Sr0.2Ca1Cu2O6.03,51.0,new,high,5,1,4,60.0
Ca-Cu-La-O-Sr|La1.8Sr0.2Ca1Cu2O5.98,La1.77Sr0.23Ca1Cu2O6.03-MP-mp-1213978.cif,La1.77Sr0.23Ca1Cu2O6.03,51.5,new,high,5,1,4,60.0
Ca-Cu-La-O-Sr|La1.8Sr0.2Ca1Cu2O5.98,La1.8Sr0.2Ca1Cu2O5.96-MP-mp-1213978.cif,La1.8Sr0.2Ca1Cu2O5.96,54.0,new,high,5,1,4,60.0
Ca-Cu-La-O-Sr|La1.8Sr0.2Ca1Cu2O5.98,La1.8Sr0.2Ca1Cu2O5.98-MP-mp-1213978.cif,La1.8Sr0.2Ca1Cu2O5.98,60.0,new,high,5,1,4,60.0
Ca-Cu-La-O-Sr|La1.8Sr0.2Ca1Cu2O5.98,La1.8Sr0.2Ca1Cu2O5.92-MP-mp-1213978.cif,La1.8Sr0.2Ca1Cu2O5.92,0.0,new,zero,5,1,4,60.0
Ca-Cu-La-O-Sr|La1.9Sr0.1Ca1Cu2O6.03,La1.9Sr0.1Ca1Cu2O6.02-MP-mp-1213978.cif,La1.9Sr0.1Ca1Cu2O6.02,0.0,new,zero,2,1,1,43.0
Ca-Cu-La-O-Sr|La1.9Sr0.1Ca1Cu2O6.03,La1.9Sr0.1Ca1Cu2O6.03-MP-mp-1213978.cif,La1.9Sr0.1Ca1Cu2O6.03,43.0,new,high,2,1,1,43.0
Ca-Cu-O-Sr-Tl|Tl1.2Sr2Ca0.8Cu2O6.862,Tl1.2Sr2Ca0.8Cu2O6.862-MP-mp-20824.cif,Tl1.2Sr2Ca0.8Cu2O6.862,60.0,new,high,2,1,1,60.0
Ca-Cu-O-Sr-Tl|Tl1.2Sr2Ca0.8Cu2O6.862,Tl1.2Sr2Ca0.8Cu2O6.934-MP-mp-20824.cif,Tl1.2Sr2Ca0.8Cu2O6.934,0.0,new,zero,2,1,1,60.0
Ca-Cu-O-Sr-Tl|Tl1Sr2Ca1Cu2O6.68,Tl1Sr2Ca1Cu2O6.88-MP-mp-20824.cif,Tl1Sr2Ca1Cu2O6.88,7.6,new,low,10,1,9,75.0
Ca-Cu-O-Sr-Tl|Tl1Sr2Ca1Cu2O6.68,Tl1Sr2Ca1Cu2O6.78-MP-mp-20824.cif,Tl1Sr2Ca1Cu2O6.78,0.0,new,zero,10,1,9,75.0
Ca-Cu-O-Sr-Tl|Tl1Sr2Ca1Cu2O6.68,Tl1Sr2Ca1Cu2O6.82-MP-mp-20824.cif,Tl1Sr2Ca1Cu2O6.82,20.0,new,low,10,1,9,75.0
Ca-Cu-O-Sr-Tl|Tl1Sr2Ca1Cu2O6.68,Tl1Sr2Ca1Cu2O6.85-MP-mp-20824.cif,Tl1Sr2Ca1Cu2O6.85,27.75,new,low,10,1,9,75.0
Ca-Cu-O-Sr-Tl|Tl1Sr2Ca1Cu2O6.68,Tl1Sr2Ca1Cu2O6.75-MP-mp-20824.cif,Tl1Sr2Ca1Cu2O6.75,40.0,new,high,10,1,9,75.0
Ca-Cu-O-Sr-Tl|Tl1Sr2Ca1Cu2O6.68,Tl1Sr2Ca1Cu2O6.76-MP-mp-20824.cif,Tl1Sr2Ca1Cu2O6.76,21.0,new,low,10,1,9,75.0
Ca-Cu-O-Sr-Tl|Tl1Sr2Ca1Cu2O6.68,Tl1Sr2Ca1Cu2O6.68-MP-mp-20824.cif,Tl1Sr2Ca1Cu2O6.68,75.0,new,high,10,1,9,75.0
Ca-Cu-O-Sr-Tl|Tl1Sr2Ca1Cu2O6.68,Tl1Sr2Ca1Cu2O6.58-MP-mp-20824.cif,Tl1Sr2Ca1Cu2O6.58,43.0,new,high,10,1,9,75.0
Ca-Cu-O-Sr-Tl|Tl1Sr2Ca1Cu2O6.68,Tl1Sr2Ca1Cu2O6.61-MP-mp-20824.cif,Tl1Sr2Ca1Cu2O6.61,52.0,new,high,10,1,9,75.0
Ca-Cu-O-Sr-Tl|Tl1Sr2Ca1Cu2O6.68,Tl1Sr2Ca1Cu2O6.52-MP-mp-20824.cif,Tl1Sr2Ca1Cu2O6.52,23.0,new,low,10,1,9,75.0
Ce-Cu-La-O-Pr|Pr0.88La1Ce0.12Cu1O3.908,Pr0.96La1Ce0.04Cu1O4-MP-mp-1077929.cif,Pr0.96La1Ce0.04Cu1O4,0.0,new,zero,9,3,6,27.0
Ce-Cu-La-O-Pr|Pr0.88La1Ce0.12Cu1O3.908,Pr0.94La1Ce0.06Cu1O4-MP-mp-1077929.cif,Pr0.94La1Ce0.06Cu1O4,0.0,new,zero,9,3,6,27.0
Ce-Cu-La-O-Pr|Pr0.88La1Ce0.12Cu1O3.908,Pr0.92La1Ce0.08Cu1O4-MP-mp-1077929.cif,Pr0.92La1Ce0.08Cu1O4,0.0,new,zero,9,3,6,27.0
Ce-Cu-La-O-Pr|Pr0.88La1Ce0.12Cu1O3.908,Pr0.91La1Ce0.09Cu1O4-MP-mp-1077929.cif,Pr0.91La1Ce0.09Cu1O4,24.6,new,high,9,3,6,27.0
Ce-Cu-La-O-Pr|Pr0.88La1Ce0.12Cu1O3.908,Pr0.89La1Ce0.11Cu1O4-MP-mp-1077929.cif,Pr0.89La1Ce0.11Cu1O4,24.6,new,high,9,3,6,27.0
Ce-Cu-La-O-Pr|Pr0.88La1Ce0.12Cu1O3.908,Pr0.89La1Ce0.11Cu1O3.98-MP-mp-1077929.cif,Pr0.89La1Ce0.11Cu1O3.98,26.0,new,high,9,3,6,27.0
Ce-Cu-La-O-Pr|Pr0.88La1Ce0.12Cu1O3.908,Pr0.88La1Ce0.12Cu1O3.934-MP-mp-1077929.cif,Pr0.88La1Ce0.12Cu1O3.934,24.0,new,high,9,3,6,27.0
Ce-Cu-La-O-Pr|Pr0.88La1Ce0.12Cu1O3.908,Pr0.88La1Ce0.12Cu1O3.947-MP-mp-1077929.cif,Pr0.88La1Ce0.12Cu1O3.947,22.0,new,high,9,3,6,27.0
Ce-Cu-La-O-Pr|Pr0.88La1Ce0.12Cu1O3.908,Pr0.88La1Ce0.12Cu1O3.908-MP-mp-1077929.cif,Pr0.88La1Ce0.12Cu1O3.908,27.0,new,high,9,3,6,27.0
Ce-Co-Cu-Nd-O|Nd1.85Ce0.15Cu0.999Co0.001O4,Nd1.85Ce0.15Cu0.99Co0.01O4-MP-mp-4158.cif,Nd1.85Ce0.15Cu0.99Co0.01O4,0.0,new,zero,4,2,2,15.475
Ce-Co-Cu-Nd-O|Nd1.85Ce0.15Cu0.999Co0.001O4,Nd1.85Ce0.15Cu0.995Co0.005O4-MP-mp-4158.cif,Nd1.85Ce0.15Cu0.995Co0.005O4,4.725,new,low,4,2,2,15.475
Ce-Co-Cu-Nd-O|Nd1.85Ce0.15Cu0.999Co0.001O4,Nd1.85Ce0.15Cu0.98Co0.02O4-MP-mp-4158.cif,Nd1.85Ce0.15Cu0.98Co0.02O4,0.0,new,zero,4,2,2,15.475
Ce-Co-Cu-Nd-O|Nd1.85Ce0.15Cu0.999Co0.001O4,Nd1.85Ce0.15Cu0.999Co0.001O4-MP-mp-4158.cif,Nd1.85Ce0.15Cu0.999Co0.001O4,15.475,new,high,4,2,2,15.475
Ce-Cu-Nd-O-Zn|Nd1.85Ce0.15Cu0.996Zn0.004O4,Nd1.85Ce0.15Cu0.95Zn0.05O4-MP-mp-4158.cif,Nd1.85Ce0.15Cu0.95Zn0.05O4,8.0,new,low,7,0,7,18.05
Ce-Cu-Nd-O-Zn|Nd1.85Ce0.15Cu0.996Zn0.004O4,Nd1.85Ce0.15Cu0.96Zn0.04O4-MP-mp-4158.cif,Nd1.85Ce0.15Cu0.96Zn0.04O4,9.5,new,high,7,0,7,18.05
Ce-Cu-Nd-O-Zn|Nd1.85Ce0.15Cu0.996Zn0.004O4,Nd1.85Ce0.15Cu0.975Zn0.025O4-MP-mp-4158.cif,Nd1.85Ce0.15Cu0.975Zn0.025O4,11.5,new,high,7,0,7,18.05
Ce-Cu-Nd-O-Zn|Nd1.85Ce0.15Cu0.996Zn0.004O4,Nd1.85Ce0.15Cu0.99Zn0.01O4-MP-mp-4158.cif,Nd1.85Ce0.15Cu0.99Zn0.01O4,15.3,new,high,7,0,7,18.05
Ce-Cu-Nd-O-Zn|Nd1.85Ce0.15Cu0.996Zn0.004O4,Nd1.85Ce0.15Cu0.987Zn0.013O4-MP-mp-4158.cif,Nd1.85Ce0.15Cu0.987Zn0.013O4,14.25,new,high,7,0,7,18.05
Ce-Cu-Nd-O-Zn|Nd1.85Ce0.15Cu0.996Zn0.004O4,Nd1.85Ce0.15Cu0.996Zn0.004O4-MP-mp-4158.cif,Nd1.85Ce0.15Cu0.996Zn0.004O4,18.05,new,high,7,0,7,18.05
Ce-Cu-Nd-O-Zn|Nd1.85Ce0.15Cu0.996Zn0.004O4,Nd1.85Ce0.15Cu0.98Zn0.02O4-MP-mp-4158.cif,Nd1.85Ce0.15Cu0.98Zn0.02O4,10.85,new,high,7,0,7,18.05
Ce-Cu-Fe-Nd-O|Nd1.85Ce0.15Cu0.998Fe0.002O4,Nd1.85Ce0.15Cu0.99Fe0.01O4-MP-mp-4158.cif,Nd1.85Ce0.15Cu0.99Fe0.01O4,13.0,new,high,4,0,4,19.5
Ce-Cu-Fe-Nd-O|Nd1.85Ce0.15Cu0.998Fe0.002O4,Nd1.85Ce0.15Cu0.985Fe0.015O4-MP-mp-4158.cif,Nd1.85Ce0.15Cu0.985Fe0.015O4,6.5,new,low,4,0,4,19.5
Ce-Cu-Fe-Nd-O|Nd1.85Ce0.15Cu0.998Fe0.002O4,Nd1.85Ce0.15Cu0.995Fe0.005O4-MP-mp-4158.cif,Nd1.85Ce0.15Cu0.995Fe0.005O4,16.5,new,high,4,0,4,19.5
Ce-Cu-Fe-Nd-O|Nd1.85Ce0.15Cu0.998Fe0.002O4,Nd1.85Ce0.15Cu0.998Fe0.002O4-MP-mp-4158.cif,Nd1.85Ce0.15Cu0.998Fe0.002O4,19.5,new,high,4,0,4,19.5
Ce-Cu-Nd-Ni-O|Nd1.85Ce0.15Cu0.999Ni0.001O4,Nd1.85Ce0.15Cu0.99Ni0.01O4-MP-mp-4158.cif,Nd1.85Ce0.15Cu0.99Ni0.01O4,0.0,new,zero,5,2,3,18.525
Ce-Cu-Nd-Ni-O|Nd1.85Ce0.15Cu0.999Ni0.001O4,Nd1.85Ce0.15Cu0.997Ni0.003O4-MP-mp-4158.cif,Nd1.85Ce0.15Cu0.997Ni0.003O4,15.65,new,high,5,2,3,18.525
Ce-Cu-Nd-Ni-O|Nd1.85Ce0.15Cu0.999Ni0.001O4,Nd1.85Ce0.15Cu0.999Ni0.001O4-MP-mp-4158.cif,Nd1.85Ce0.15Cu0.999Ni0.001O4,18.525,new,high,5,2,3,18.525
Ce-Cu-Nd-Ni-O|Nd1.85Ce0.15Cu0.999Ni0.001O4,Nd1.85Ce0.15Cu0.98Ni0.02O4-MP-mp-4158.cif,Nd1.85Ce0.15Cu0.98Ni0.02O4,0.0,new,zero,5,2,3,18.525
Ce-Cu-Nd-Ni-O|Nd1.85Ce0.15Cu0.999Ni0.001O4,Nd1.85Ce0.15Cu0.992Ni0.009O4-MP-icsd-39476.cif,Nd1.85Ce0.15Cu0.992Ni0.009O4,8.4,new,low,5,2,3,18.525
Ce-Cu-Gd-O-Sm|Sm1.15Gd0.7Ce0.15Cu1O3.97,Gd0.71Sm1.14Ce0.15Cu1O4-MP-mp-4860.cif,Gd0.71Sm1.14Ce0.15Cu1O4,0.01,new,low,2,0,2,16.8
Ce-Cu-Gd-O-Sm|Sm1.15Gd0.7Ce0.15Cu1O3.97,Sm1.15Gd0.7Ce0.15Cu1O3.97-MP-mp-4860.cif,Sm1.15Gd0.7Ce0.15Cu1O3.97,16.8,new,high,2,0,2,16.8
Ce-Cu-Gd-Nd-O|Nd0.74Gd1.11Ce0.15Cu1O4,Gd1.1Nd0.75Ce0.15Cu1O4-MP-mp-4860.cif,Gd1.1Nd0.75Ce0.15Cu1O4,0.0,new,zero,2,1,1,12.0
Ce-Cu-Gd-Nd-O|Nd0.74Gd1.11Ce0.15Cu1O4,Nd0.74Gd1.11Ce0.15Cu1O4-MP-mp-4860.cif,Nd0.74Gd1.11Ce0.15Cu1O4,12.0,new,high,2,1,1,12.0
Cu-La-Mn-O-Sr|La1.81Sr0.19Cu0.98Mn0.02O4,La1.84Sr0.16Cu0.99Mn0.01O4-MP-mp-1077929.cif,La1.84Sr0.16Cu0.99Mn0.01O4,30.4,new,high,5,0,5,37.0
Cu-La-Mn-O-Sr|La1.81Sr0.19Cu0.98Mn0.02O4,Sr0.2La1.8Cu0.98Mn0.02O4-MP-mp-1077929.cif,Sr0.2La1.8Cu0.98Mn0.02O4,32.0,new,high,5,0,5,37.0
Cu-La-Mn-O-Sr|La1.81Sr0.19Cu0.98Mn0.02O4,La1.81Sr0.19Cu0.98Mn0.02O4-MP-mp-1077929.cif,La1.81Sr0.19Cu0.98Mn0.02O4,37.0,new,high,5,0,5,37.0
Cu-La-Mn-O-Sr|La1.81Sr0.19Cu0.98Mn0.02O4,La1.83Sr0.17Cu0.98Mn0.02O4-MP-mp-1077929.cif,La1.83Sr0.17Cu0.98Mn0.02O4,18.1,new,low,5,0,5,37.0
Cu-La-Mn-O-Sr|La1.81Sr0.19Cu0.98Mn0.02O4,La1.82Sr0.18Cu0.98Mn0.02O4-MP-mp-1077929.cif,La1.82Sr0.18Cu0.98Mn0.02O4,37.0,new,high,5,0,5,37.0
Cu-Ga-La-O-Sr|La1.85Sr0.15Cu0.995Ga0.005O4,La1.85Sr0.15Cu0.975Ga0.025O4-MP-mp-1077929.cif,La1.85Sr0.15Cu0.975Ga0.025O4,0.35,new,low,6,1,5,29.8
Cu-Ga-La-O-Sr|La1.85Sr0.15Cu0.995Ga0.005O4,La1.836Sr0.164Cu0.99Ga0.01O4-MP-mp-1077929.cif,La1.836Sr0.164Cu0.99Ga0.01O4,26.9,new,high,6,1,5,29.8
Cu-Ga-La-O-Sr|La1.85Sr0.15Cu0.995Ga0.005O4,La1.85Sr0.15Cu0.985Ga0.015O4-MP-mp-1077929.cif,La1.85Sr0.15Cu0.985Ga0.015O4,13.7,new,low,6,1,5,29.8
Cu-Ga-La-O-Sr|La1.85Sr0.15Cu0.995Ga0.005O4,La1.85Sr0.15Cu0.995Ga0.005O4-MP-mp-1077929.cif,La1.85Sr0.15Cu0.995Ga0.005O4,29.8,new,high,6,1,5,29.8
Cu-Ga-La-O-Sr|La1.85Sr0.15Cu0.995Ga0.005O4,La1.83Sr0.17Cu0.98Ga0.02O4-MP-mp-1077929.cif,La1.83Sr0.17Cu0.98Ga0.02O4,0.0,new,zero,6,1,5,29.8
Cu-Ga-La-O-Sr|La1.85Sr0.15Cu0.995Ga0.005O4,La1.85Sr0.15Cu0.977Ga0.023O4-MP-mp-1077929.cif,La1.85Sr0.15Cu0.977Ga0.023O4,0.9,new,low,6,1,5,29.8
Cu-La-Ni-O-Sr|La1.75Sr0.25Cu0.94Ni0.06O4,La1.78Sr0.22Cu0.92Ni0.08O4-MP-mp-1077929.cif,La1.78Sr0.22Cu0.92Ni0.08O4,21.0,new,high,58,29,29,36.5
Cu-La-Ni-O-Sr|La1.75Sr0.25Cu0.94Ni0.06O4,La1.75Sr0.25Cu0.92Ni0.08O4-MP-mp-1077929.cif,La1.75Sr0.25Cu0.92Ni0.08O4,0.0,new,zero,58,29,29,36.5
Cu-La-Ni-O-Sr|La1.75Sr0.25Cu0.94Ni0.06O4,La1.85Sr0.15Cu0.925Ni0.075O4-MP-mp-1077929.cif,La1.85Sr0.15Cu0.925Ni0.075O4,0.0,new,zero,58,29,29,36.5
Cu-La-Ni-O-Sr|La1.75Sr0.25Cu0.94Ni0.06O4,La1.78Sr0.22Cu0.93Ni0.07O4-MP-mp-1077929.cif,La1.78Sr0.22Cu0.93Ni0.07O4,0.0,new,zero,58,29,29,36.5
Cu-La-Ni-O-Sr|La1.75Sr0.25Cu0.94Ni0.06O4,La1.8Sr0.2Cu0.93Ni0.07O4-MP-mp-1077929.cif,La1.8Sr0.2Cu0.93Ni0.07O4,0.0,new,zero,58,29,29,36.5
Cu-La-Ni-O-Sr|La1.75Sr0.25Cu0.94Ni0.06O4,La1.69Sr0.31Cu0.94Ni0.06O4-MP-mp-1218244.cif,La1.69Sr0.31Cu0.94Ni0.06O4,0.0,new,zero,58,29,29,36.5
Cu-La-Ni-O-Sr|La1.75Sr0.25Cu0.94Ni0.06O4,La1.71Sr0.29Cu0.94Ni0.06O4-MP-mp-1077929.cif,La1.71Sr0.29Cu0.94Ni0.06O4,30.4,new,high,58,29,29,36.5
Cu-La-Ni-O-Sr|La1.75Sr0.25Cu0.94Ni0.06O4,La1.73Sr0.27Cu0.94Ni0.06O4-MP-mp-1077929.cif,La1.73Sr0.27Cu0.94Ni0.06O4,34.4,new,high,58,29,29,36.5
Cu-La-Ni-O-Sr|La1.75Sr0.25Cu0.94Ni0.06O4,La1.77Sr0.23Cu0.94Ni0.06O4-MP-mp-1077929.cif,La1.77Sr0.23Cu0.94Ni0.06O4,31.5,new,high,58,29,29,36.5
Cu-La-Ni-O-Sr|La1.75Sr0.25Cu0.94Ni0.06O4,La1.78Sr0.22Cu0.94Ni0.06O4-MP-mp-1077929.cif,La1.78Sr0.22Cu0.94Ni0.06O4,0.0,new,zero,58,29,29,36.5
Cu-La-Ni-O-Sr|La1.75Sr0.25Cu0.94Ni0.06O4,La1.79Sr0.21Cu0.94Ni0.06O4-MP-mp-1077929.cif,La1.79Sr0.21Cu0.94Ni0.06O4,28.3,new,high,58,29,29,36.5
Cu-La-Ni-O-Sr|La1.75Sr0.25Cu0.94Ni0.06O4,La1.8Sr0.2Cu0.94Ni0.06O4-MP-mp-1077929.cif,La1.8Sr0.2Cu0.94Ni0.06O4,0.0,new,zero,58,29,29,36.5
Cu-La-Ni-O-Sr|La1.75Sr0.25Cu0.94Ni0.06O4,La1.81Sr0.19Cu0.94Ni0.06O4-MP-mp-1077929.cif,La1.81Sr0.19Cu0.94Ni0.06O4,26.4,new,high,58,29,29,36.5
Cu-La-Ni-O-Sr|La1.75Sr0.25Cu0.94Ni0.06O4,La1.75Sr0.25Cu0.94Ni0.06O4-MP-mp-1077929.cif,La1.75Sr0.25Cu0.94Ni0.06O4,36.5,new,high,58,29,29,36.5
Cu-La-Ni-O-Sr|La1.75Sr0.25Cu0.94Ni0.06O4,La1.83Sr0.17Cu0.94Ni0.06O4-MP-mp-1077929.cif,La1.83Sr0.17Cu0.94Ni0.06O4,0.0,new,zero,58,29,29,36.5
Cu-La-Ni-O-Sr|La1.75Sr0.25Cu0.94Ni0.06O4,La1.85Sr0.15Cu0.94Ni0.06O4-MP-mp-1077929.cif,La1.85Sr0.15Cu0.94Ni0.06O4,0.0,new,zero,58,29,29,36.5
Cu-La-Ni-O-Sr|La1.75Sr0.25Cu0.94Ni0.06O4,La1.78Sr0.22Cu0.955Ni0.045O4-MP-mp-1077929.cif,La1.78Sr0.22Cu0.955Ni0.045O4,0.0,new,zero,58,29,29,36.5
Cu-La-Ni-O-Sr|La1.75Sr0.25Cu0.94Ni0.06O4,La1.78Sr0.22Cu0.95Ni0.05O4-MP-mp-1077929.cif,La1.78Sr0.22Cu0.95Ni0.05O4,2.05,new,low,58,29,29,36.5
Cu-La-Ni-O-Sr|La1.75Sr0.25Cu0.94Ni0.06O4,La1.8Sr0.2Cu0.95Ni0.05O4-MP-mp-1077929.cif,La1.8Sr0.2Cu0.95Ni0.05O4,10.5,new,low,58,29,29,36.5
Cu-La-Ni-O-Sr|La1.75Sr0.25Cu0.94Ni0.06O4,La1.84Sr0.16Cu0.95Ni0.05O4-MP-mp-1077929.cif,La1.84Sr0.16Cu0.95Ni0.05O4,0.0,new,zero,58,29,29,36.5
Cu-La-Ni-O-Sr|La1.75Sr0.25Cu0.94Ni0.06O4,La1.85Sr0.15Cu0.95Ni0.05O4-MP-mp-1077929.cif,La1.85Sr0.15Cu0.95Ni0.05O4,2.1,new,low,58,29,29,36.5
Cu-La-Ni-O-Sr|La1.75Sr0.25Cu0.94Ni0.06O4,La1.82Sr0.18Cu0.95Ni0.05O4-MP-mp-1077929.cif,La1.82Sr0.18Cu0.95Ni0.05O4,0.0,new,zero,58,29,29,36.5
Cu-La-Ni-O-Sr|La1.75Sr0.25Cu0.94Ni0.06O4,La1.8Sr0.2Cu0.96Ni0.04O4-MP-mp-1077929.cif,La1.8Sr0.2Cu0.96Ni0.04O4,4.925,new,low,58,29,29,36.5
Cu-La-Ni-O-Sr|La1.75Sr0.25Cu0.94Ni0.06O4,La1.83Sr0.17Cu0.96Ni0.04O4-MP-mp-1077929.cif,La1.83Sr0.17Cu0.96Ni0.04O4,7.233333333,new,low,58,29,29,36.5
Cu-La-Ni-O-Sr|La1.75Sr0.25Cu0.94Ni0.06O4,La1.84Sr0.16Cu0.96Ni0.04O4-MP-mp-1077929.cif,La1.84Sr0.16Cu0.96Ni0.04O4,0.0,new,zero,58,29,29,36.5
Cu-La-Ni-O-Sr|La1.75Sr0.25Cu0.94Ni0.06O4,La1.85Sr0.15Cu0.96Ni0.04O4-MP-mp-1077929.cif,La1.85Sr0.15Cu0.96Ni0.04O4,3.2005,new,low,58,29,29,36.5
Cu-La-Ni-O-Sr|La1.75Sr0.25Cu0.94Ni0.06O4,La1.82Sr0.18Cu0.96Ni0.04O4-MP-mp-1077929.cif,La1.82Sr0.18Cu0.96Ni0.04O4,0.0,new,zero,58,29,29,36.5
Cu-La-Ni-O-Sr|La1.75Sr0.25Cu0.94Ni0.06O4,La1.85Sr0.15Cu0.966Ni0.034O4-MP-mp-1077929.cif,La1.85Sr0.15Cu0.966Ni0.034O4,9.4,new,low,58,29,29,36.5
Cu-La-Ni-O-Sr|La1.75Sr0.25Cu0.94Ni0.06O4,La1.8Sr0.2Cu0.975Ni0.025O4-MP-mp-1077929.cif,La1.8Sr0.2Cu0.975Ni0.025O4,0.0,new,zero,58,29,29,36.5
Cu-La-Ni-O-Sr|La1.75Sr0.25Cu0.94Ni0.06O4,La1.83Sr0.17Cu0.97Ni0.03O4-MP-mp-1077929.cif,La1.83Sr0.17Cu0.97Ni0.03O4,14.8,new,low,58,29,29,36.5
Cu-La-Ni-O-Sr|La1.75Sr0.25Cu0.94Ni0.06O4,La1.84Sr0.16Cu0.975Ni0.025O4-MP-mp-1077929.cif,La1.84Sr0.16Cu0.975Ni0.025O4,7.5,new,low,58,29,29,36.5
Cu-La-Ni-O-Sr|La1.75Sr0.25Cu0.94Ni0.06O4,La1.85Sr0.15Cu0.971Ni0.029O4-MP-mp-1077929.cif,La1.85Sr0.15Cu0.971Ni0.029O4,13.975,new,low,58,29,29,36.5
Cu-La-Ni-O-Sr|La1.75Sr0.25Cu0.94Ni0.06O4,La1.86Sr0.14Cu0.97Ni0.03O4-MP-mp-1077929.cif,La1.86Sr0.14Cu0.97Ni0.03O4,0.0,new,zero,58,29,29,36.5
Cu-La-Ni-O-Sr|La1.75Sr0.25Cu0.94Ni0.06O4,La1.82Sr0.18Cu0.975Ni0.025O4-MP-mp-1077929.cif,La1.82Sr0.18Cu0.975Ni0.025O4,0.0,new,zero,58,29,29,36.5
Cu-La-Ni-O-Sr|La1.75Sr0.25Cu0.94Ni0.06O4,La1.77Sr0.23Cu0.99Ni0.01O4-MP-mp-1077929.cif,La1.77Sr0.23Cu0.99Ni0.01O4,18.0,new,low,58,29,29,36.5
Cu-La-Ni-O-Sr|La1.75Sr0.25Cu0.94Ni0.06O4,La1.78Sr0.22Cu0.985Ni0.015O4-MP-mp-1077929.cif,La1.78Sr0.22Cu0.985Ni0.015O4,0.0,new,zero,58,29,29,36.5
Cu-La-Ni-O-Sr|La1.75Sr0.25Cu0.94Ni0.06O4,La1.79Sr0.21Cu0.99Ni0.01O4-MP-mp-1077929.cif,La1.79Sr0.21Cu0.99Ni0.01O4,0.0,new,zero,58,29,29,36.5
Cu-La-Ni-O-Sr|La1.75Sr0.25Cu0.94Ni0.06O4,La1.8Sr0.2Cu0.985Ni0.015O4-MP-mp-1077929.cif,La1.8Sr0.2Cu0.985Ni0.015O4,0.0,new,zero,58,29,29,36.5
Cu-La-Ni-O-Sr|La1.75Sr0.25Cu0.94Ni0.06O4,La1.83Sr0.17Cu0.99Ni0.01O4-MP-mp-1077929.cif,La1.83Sr0.17Cu0.99Ni0.01O4,30.1,new,high,58,29,29,36.5
Cu-La-Ni-O-Sr|La1.75Sr0.25Cu0.94Ni0.06O4,La1.825Sr0.175Cu0.985Ni0.015O4-MP-mp-1077929.cif,La1.825Sr0.175Cu0.985Ni0.015O4,25.0,new,high,58,29,29,36.5
Cu-La-Ni-O-Sr|La1.75Sr0.25Cu0.94Ni0.06O4,La1.84Sr0.16Cu0.99Ni0.01O4-MP-mp-1077929.cif,La1.84Sr0.16Cu0.99Ni0.01O4,0.0,new,zero,58,29,29,36.5
Cu-La-Ni-O-Sr|La1.75Sr0.25Cu0.94Ni0.06O4,La1.84Sr0.16Cu0.985Ni0.015O4-MP-mp-1077929.cif,La1.84Sr0.16Cu0.985Ni0.015O4,12.5,new,low,58,29,29,36.5
Cu-La-Ni-O-Sr|La1.75Sr0.25Cu0.94Ni0.06O4,La1.85Sr0.15Cu0.99Ni0.01O4-MP-mp-1077929.cif,La1.85Sr0.15Cu0.99Ni0.01O4,30.675,new,high,58,29,29,36.5
Cu-La-Ni-O-Sr|La1.75Sr0.25Cu0.94Ni0.06O4,La1.85Sr0.15Cu0.985Ni0.015O4-MP-mp-1077929.cif,La1.85Sr0.15Cu0.985Ni0.015O4,27.8,new,high,58,29,29,36.5
Cu-La-Ni-O-Sr|La1.75Sr0.25Cu0.94Ni0.06O4,La1.855Sr0.145Cu0.99Ni0.01O4-MP-mp-1077929.cif,La1.855Sr0.145Cu0.99Ni0.01O4,33.0,new,high,58,29,29,36.5
Cu-La-Ni-O-Sr|La1.75Sr0.25Cu0.94Ni0.06O4,La1.86Sr0.14Cu0.99Ni0.01O4-MP-mp-1077929.cif,La1.86Sr0.14Cu0.99Ni0.01O4,0.0,new,zero,58,29,29,36.5
Cu-La-Ni-O-Sr|La1.75Sr0.25Cu0.94Ni0.06O4,La1.82Sr0.18Cu0.99Ni0.01O4-MP-mp-1077929.cif,La1.82Sr0.18Cu0.99Ni0.01O4,0.0,new,zero,58,29,29,36.5
Cu-La-Ni-O-Sr|La1.75Sr0.25Cu0.94Ni0.06O4,La1.775Sr0.225Cu0.995Ni0.005O4-MP-mp-1077929.cif,La1.775Sr0.225Cu0.995Ni0.005O4,21.0,new,high,58,29,29,36.5
Cu-La-Ni-O-Sr|La1.75Sr0.25Cu0.94Ni0.06O4,La1.795Sr0.205Cu0.995Ni0.005O4-MP-mp-1077929.cif,La1.795Sr0.205Cu0.995Ni0.005O4,0.0,new,zero,58,29,29,36.5
Cu-La-Ni-O-Sr|La1.75Sr0.25Cu0.94Ni0.06O4,La1.8Sr0.2Cu0.995Ni0.005O4-MP-mp-1077929.cif,La1.8Sr0.2Cu0.995Ni0.005O4,0.0,new,zero,58,29,29,36.5
Cu-La-Ni-O-Sr|La1.75Sr0.25Cu0.94Ni0.06O4,La1.835Sr0.165Cu0.995Ni0.005O4-MP-mp-1077929.cif,La1.835Sr0.165Cu0.995Ni0.005O4,33.0,new,high,58,29,29,36.5
Cu-La-Ni-O-Sr|La1.75Sr0.25Cu0.94Ni0.06O4,La1.85Sr0.15Cu0.993Ni0.007O4-MP-mp-1077929.cif,La1.85Sr0.15Cu0.993Ni0.007O4,32.6,new,high,58,29,29,36.5
Cu-La-Ni-O-Sr|La1.75Sr0.25Cu0.94Ni0.06O4,La1.86Sr0.14Cu0.995Ni0.005O4-MP-mp-1077929.cif,La1.86Sr0.14Cu0.995Ni0.005O4,0.0,new,zero,58,29,29,36.5
Cu-La-Ni-O-Sr|La1.75Sr0.25Cu0.94Ni0.06O4,La1.83Sr0.17Cu0.98Ni0.02O4-MP-mp-1077929.cif,La1.83Sr0.17Cu0.98Ni0.02O4,22.45,new,high,58,29,29,36.5
Cu-La-Ni-O-Sr|La1.75Sr0.25Cu0.94Ni0.06O4,La1.84Sr0.16Cu0.98Ni0.02O4-MP-mp-1077929.cif,La1.84Sr0.16Cu0.98Ni0.02O4,0.0,new,zero,58,29,29,36.5
Cu-La-Ni-O-Sr|La1.75Sr0.25Cu0.94Ni0.06O4,La1.85Sr0.15Cu0.982Ni0.018O4-MP-mp-1077929.cif,La1.85Sr0.15Cu0.982Ni0.018O4,22.5,new,high,58,29,29,36.5
Cu-La-Ni-O-Sr|La1.75Sr0.25Cu0.94Ni0.06O4,La1.86Sr0.14Cu0.98Ni0.02O4-MP-mp-1077929.cif,La1.86Sr0.14Cu0.98Ni0.02O4,0.0,new,zero,58,29,29,36.5
Cu-La-Ni-O-Sr|La1.75Sr0.25Cu0.94Ni0.06O4,La1.82Sr0.18Cu0.98Ni0.02O4-MP-mp-1077929.cif,La1.82Sr0.18Cu0.98Ni0.02O4,0.0,new,zero,58,29,29,36.5
Cu-La-Ni-O-Sr|La1.9Sr0.1Cu0.99Ni0.01O4,La1.9Sr0.1Cu0.96Ni0.04O4-MP-mp-1077929.cif,La1.9Sr0.1Cu0.96Ni0.04O4,0.0,new,zero,8,5,3,12.3
Cu-La-Ni-O-Sr|La1.9Sr0.1Cu0.99Ni0.01O4,La1.92Sr0.08Cu0.96Ni0.04O4-MP-mp-1077929.cif,La1.92Sr0.08Cu0.96Ni0.04O4,0.0,new,zero,8,5,3,12.3
Cu-La-Ni-O-Sr|La1.9Sr0.1Cu0.99Ni0.01O4,La1.9Sr0.1Cu0.98Ni0.02O4-MP-mp-1077929.cif,La1.9Sr0.1Cu0.98Ni0.02O4,0.0,new,zero,8,5,3,12.3
Cu-La-Ni-O-Sr|La1.9Sr0.1Cu0.99Ni0.01O4,La1.92Sr0.08Cu0.98Ni0.02O4-MP-mp-1077929.cif,La1.92Sr0.08Cu0.98Ni0.02O4,0.0,new,zero,8,5,3,12.3
Cu-La-Ni-O-Sr|La1.9Sr0.1Cu0.99Ni0.01O4,La1.9Sr0.1Cu0.975Ni0.025O4-MP-mp-1077929.cif,La1.9Sr0.1Cu0.975Ni0.025O4,3.65,new,low,8,5,3,12.3
Cu-La-Ni-O-Sr|La1.9Sr0.1Cu0.99Ni0.01O4,La1.92Sr0.08Cu0.94Ni0.06O4-MP-mp-1077929.cif,La1.92Sr0.08Cu0.94Ni0.06O4,0.0,new,zero,8,5,3,12.3
Cu-La-Ni-O-Sr|La1.9Sr0.1Cu0.99Ni0.01O4,La1.9Sr0.1Cu0.99Ni0.01O4-MP-mp-1077929.cif,La1.9Sr0.1Cu0.99Ni0.01O4,12.3,new,high,8,5,3,12.3
Cu-La-Ni-O-Sr|La1.9Sr0.1Cu0.99Ni0.01O4,La1.92Sr0.08Cu0.99Ni0.01O4-MP-mp-1077929.cif,La1.92Sr0.08Cu0.99Ni0.01O4,0.001,new,low,8,5,3,12.3
Cu-La-Ni-O-Sr|Sr0.9La0.1Cu0.99Ni0.01O2,Sr0.9La0.1Cu0.98Ni0.02O2-MP-mp-37514.cif,Sr0.9La0.1Cu0.98Ni0.02O2,0.0,new,zero,2,1,1,30.0
Cu-La-Ni-O-Sr|Sr0.9La0.1Cu0.99Ni0.01O2,Sr0.9La0.1Cu0.99Ni0.01O2-MP-mp-37514.cif,Sr0.9La0.1Cu0.99Ni0.01O2,30.0,new,high,2,1,1,30.0
Cu-La-O-Sr-Zn|La1.85Sr0.15Cu0.9975Zn0.0025O4,La1.84Sr0.16Cu0.95Zn0.05O4-MP-mp-1077929.cif,La1.84Sr0.16Cu0.95Zn0.05O4,0.0,new,zero,61,16,45,34.8
Cu-La-O-Sr-Zn|La1.85Sr0.15Cu0.9975Zn0.0025O4,La1.85Sr0.15Cu0.95Zn0.05O4-MP-mp-1077929.cif,La1.85Sr0.15Cu0.95Zn0.05O4,0.0,new,zero,61,16,45,34.8
Cu-La-O-Sr-Zn|La1.85Sr0.15Cu0.9975Zn0.0025O4,La1.78Sr0.22Cu0.96Zn0.04O4-MP-mp-532700.cif,La1.78Sr0.22Cu0.96Zn0.04O4,0.0,new,zero,61,16,45,34.8
Cu-La-O-Sr-Zn|La1.85Sr0.15Cu0.9975Zn0.0025O4,La1.8Sr0.2Cu0.96Zn0.04O4-MP-mp-1077929.cif,La1.8Sr0.2Cu0.96Zn0.04O4,2.3,new,low,61,16,45,34.8
Cu-La-O-Sr-Zn|La1.85Sr0.15Cu0.9975Zn0.0025O4,La1.84Sr0.16Cu0.96Zn0.04O4-MP-mp-1077929.cif,La1.84Sr0.16Cu0.96Zn0.04O4,0.0,new,zero,61,16,45,34.8
Cu-La-O-Sr-Zn|La1.85Sr0.15Cu0.9975Zn0.0025O4,La1.85Sr0.15Cu0.96Zn0.04O4-MP-mp-1077929.cif,La1.85Sr0.15Cu0.96Zn0.04O4,0.0,new,zero,61,16,45,34.8
Cu-La-O-Sr-Zn|La1.85Sr0.15Cu0.9975Zn0.0025O4,La1.8Sr0.2Cu0.9676Zn0.0324O4-MP-mp-1077929.cif,La1.8Sr0.2Cu0.9676Zn0.0324O4,5.5,new,low,61,16,45,34.8
Cu-La-O-Sr-Zn|La1.85Sr0.15Cu0.9975Zn0.0025O4,La1.85Sr0.15Cu0.963Zn0.037O4-MP-mp-1077929.cif,La1.85Sr0.15Cu0.963Zn0.037O4,0.0,new,zero,61,16,45,34.8
Cu-La-O-Sr-Zn|La1.85Sr0.15Cu0.9975Zn0.0025O4,La1.78Sr0.22Cu0.97Zn0.03O4-MP-mp-532700.cif,La1.78Sr0.22Cu0.97Zn0.03O4,3.3,new,low,61,16,45,34.8
Cu-La-O-Sr-Zn|La1.85Sr0.15Cu0.9975Zn0.0025O4,La1.8Sr0.2Cu0.9727Zn0.0273O4-MP-mp-1077929.cif,La1.8Sr0.2Cu0.9727Zn0.0273O4,11.1,new,low,61,16,45,34.8
Cu-La-O-Sr-Zn|La1.85Sr0.15Cu0.9975Zn0.0025O4,La1.84Sr0.16Cu0.97Zn0.03O4-MP-mp-1077929.cif,La1.84Sr0.16Cu0.97Zn0.03O4,3.925,new,low,61,16,45,34.8
Cu-La-O-Sr-Zn|La1.85Sr0.15Cu0.9975Zn0.0025O4,La1.85Sr0.15Cu0.976Zn0.024O4-MP-mp-1077929.cif,La1.85Sr0.15Cu0.976Zn0.024O4,6.6,new,low,61,16,45,34.8
Cu-La-O-Sr-Zn|La1.85Sr0.15Cu0.9975Zn0.0025O4,La1.85Sr0.15Cu0.97Zn0.03O4-MP-mp-1077929.cif,La1.85Sr0.15Cu0.97Zn0.03O4,2.0,new,low,61,16,45,34.8
Cu-La-O-Sr-Zn|La1.85Sr0.15Cu0.9975Zn0.0025O4,La1.78Sr0.22Cu0.99Zn0.01O4-MP-mp-1077929.cif,La1.78Sr0.22Cu0.99Zn0.01O4,16.76666667,new,low,61,16,45,34.8
Cu-La-O-Sr-Zn|La1.85Sr0.15Cu0.9975Zn0.0025O4,La1.78Sr0.22Cu0.985Zn0.015O4-MP-mp-1077929.cif,La1.78Sr0.22Cu0.985Zn0.015O4,10.0,new,low,61,16,45,34.8
Cu-La-O-Sr-Zn|La1.85Sr0.15Cu0.9975Zn0.0025O4,La1.79Sr0.21Cu0.99Zn0.01O4-MP-mp-1077929.cif,La1.79Sr0.21Cu0.99Zn0.01O4,20.0,new,high,61,16,45,34.8
Cu-La-O-Sr-Zn|La1.85Sr0.15Cu0.9975Zn0.0025O4,Sr0.2La1.8Cu0.99Zn0.01O4-MP-mp-1077929.cif,Sr0.2La1.8Cu0.99Zn0.01O4,29.0,new,high,61,16,45,34.8
Cu-La-O-Sr-Zn|La1.85Sr0.15Cu0.9975Zn0.0025O4,La1.8Sr0.2Cu0.9883Zn0.0117O4-MP-mp-1077929.cif,La1.8Sr0.2Cu0.9883Zn0.0117O4,23.6,new,high,61,16,45,34.8
Cu-La-O-Sr-Zn|La1.85Sr0.15Cu0.9975Zn0.0025O4,La1.805Sr0.195Cu0.99Zn0.01O4-MP-mp-1077929.cif,La1.805Sr0.195Cu0.99Zn0.01O4,20.0,new,high,61,16,45,34.8
Cu-La-O-Sr-Zn|La1.85Sr0.15Cu0.9975Zn0.0025O4,La1.815Sr0.185Cu0.99Zn0.01O4-MP-mp-1077929.cif,La1.815Sr0.185Cu0.99Zn0.01O4,24.0,new,high,61,16,45,34.8
Cu-La-O-Sr-Zn|La1.85Sr0.15Cu0.9975Zn0.0025O4,La1.81Sr0.19Cu0.99Zn0.01O4-MP-mp-1077929.cif,La1.81Sr0.19Cu0.99Zn0.01O4,19.0,new,high,61,16,45,34.8
Cu-La-O-Sr-Zn|La1.85Sr0.15Cu0.9975Zn0.0025O4,La1.83Sr0.17Cu0.99Zn0.01O4-MP-mp-1077929.cif,La1.83Sr0.17Cu0.99Zn0.01O4,25.0,new,high,61,16,45,34.8
Cu-La-O-Sr-Zn|La1.85Sr0.15Cu0.9975Zn0.0025O4,La1.834Sr0.166Cu0.99Zn0.01O4-MP-mp-1077929.cif,La1.834Sr0.166Cu0.99Zn0.01O4,26.5,new,high,61,16,45,34.8
Cu-La-O-Sr-Zn|La1.85Sr0.15Cu0.9975Zn0.0025O4,La1.85Sr0.15Cu0.99Zn0.01O4-MP-mp-1077929.cif,La1.85Sr0.15Cu0.99Zn0.01O4,28.36,new,high,61,16,45,34.8
Cu-La-O-Sr-Zn|La1.85Sr0.15Cu0.9975Zn0.0025O4,La1.85Sr0.15Cu0.984Zn0.016O4-MP-mp-1077929.cif,La1.85Sr0.15Cu0.984Zn0.016O4,21.95,new,high,61,16,45,34.8
Cu-La-O-Sr-Zn|La1.85Sr0.15Cu0.9975Zn0.0025O4,La1.855Sr0.145Cu0.99Zn0.01O4-MP-mp-1077929.cif,La1.855Sr0.145Cu0.99Zn0.01O4,24.7,new,high,61,16,45,34.8
Cu-La-O-Sr-Zn|La1.85Sr0.15Cu0.9975Zn0.0025O4,La1.86Sr0.14Cu0.99Zn0.01O4-MP-mp-1077929.cif,La1.86Sr0.14Cu0.99Zn0.01O4,0.0,new,zero,61,16,45,34.8
Cu-La-O-Sr-Zn|La1.85Sr0.15Cu0.9975Zn0.0025O4,La1.86Sr0.14Cu0.985Zn0.015O4-MP-mp-1077929.cif,La1.86Sr0.14Cu0.985Zn0.015O4,0.0,new,zero,61,16,45,34.8
Cu-La-O-Sr-Zn|La1.85Sr0.15Cu0.9975Zn0.0025O4,La1.87Sr0.13Cu0.99Zn0.01O4-MP-mp-1077929.cif,La1.87Sr0.13Cu0.99Zn0.01O4,18.83,new,high,61,16,45,34.8
Cu-La-O-Sr-Zn|La1.85Sr0.15Cu0.9975Zn0.0025O4,La1.885Sr0.115Cu0.99Zn0.01O4-MP-mp-1077929.cif,La1.885Sr0.115Cu0.99Zn0.01O4,8.56,new,low,61,16,45,34.8
Cu-La-O-Sr-Zn|La1.85Sr0.15Cu0.9975Zn0.0025O4,La1.82Sr0.18Cu0.985Zn0.015O4-MP-mp-1077929.cif,La1.82Sr0.18Cu0.985Zn0.015O4,0.0,new,zero,61,16,45,34.8
Cu-La-O-Sr-Zn|La1.85Sr0.15Cu0.9975Zn0.0025O4,La1.9Sr0.1Cu0.99Zn0.01O4-MP-mp-1077929.cif,La1.9Sr0.1Cu0.99Zn0.01O4,11.59,new,low,61,16,45,34.8
Cu-La-O-Sr-Zn|La1.85Sr0.15Cu0.9975Zn0.0025O4,La1.76Sr0.24Cu0.995Zn0.005O4-MP-mp-1077929.cif,La1.76Sr0.24Cu0.995Zn0.005O4,13.0,new,low,61,16,45,34.8
Cu-La-O-Sr-Zn|La1.85Sr0.15Cu0.9975Zn0.0025O4,La1.77Sr0.23Cu0.995Zn0.005O4-MP-mp-1077929.cif,La1.77Sr0.23Cu0.995Zn0.005O4,18.0,new,high,61,16,45,34.8
Cu-La-O-Sr-Zn|La1.85Sr0.15Cu0.9975Zn0.0025O4,La1.78Sr0.22Cu0.993Zn0.007O4-MP-mp-1077929.cif,La1.78Sr0.22Cu0.993Zn0.007O4,18.0,new,high,61,16,45,34.8
Cu-La-O-Sr-Zn|La1.85Sr0.15Cu0.9975Zn0.0025O4,La1.79Sr0.21Cu0.995Zn0.005O4-MP-mp-1077929.cif,La1.79Sr0.21Cu0.995Zn0.005O4,20.0,new,high,61,16,45,34.8
Cu-La-O-Sr-Zn|La1.85Sr0.15Cu0.9975Zn0.0025O4,La1.8Sr0.2Cu0.995Zn0.005O4-MP-mp-1077929.cif,La1.8Sr0.2Cu0.995Zn0.005O4,27.0,new,high,61,16,45,34.8
Cu-La-O-Sr-Zn|La1.85Sr0.15Cu0.9975Zn0.0025O4,La1.81Sr0.19Cu0.995Zn0.005O4-MP-mp-1077929.cif,La1.81Sr0.19Cu0.995Zn0.005O4,29.0,new,high,61,16,45,34.8
Cu-La-O-Sr-Zn|La1.85Sr0.15Cu0.9975Zn0.0025O4,La1.84Sr0.16Cu0.995Zn0.005O4-MP-mp-1077929.cif,La1.84Sr0.16Cu0.995Zn0.005O4,0.0,new,zero,61,16,45,34.8
Cu-La-O-Sr-Zn|La1.85Sr0.15Cu0.9975Zn0.0025O4,La1.85Sr0.15Cu0.9925Zn0.0075O4-MP-mp-1077929.cif,La1.85Sr0.15Cu0.9925Zn0.0075O4,30.8375,new,high,61,16,45,34.8
Cu-La-O-Sr-Zn|La1.85Sr0.15Cu0.9975Zn0.0025O4,La1.86Sr0.14Cu0.994Zn0.006O4-MP-mp-1077929.cif,La1.86Sr0.14Cu0.994Zn0.006O4,0.0,new,zero,61,16,45,34.8
Cu-La-O-Sr-Zn|La1.85Sr0.15Cu0.9975Zn0.0025O4,La1.87Sr0.13Cu0.9925Zn0.0075O4-MP-mp-1077929.cif,La1.87Sr0.13Cu0.9925Zn0.0075O4,23.73,new,high,61,16,45,34.8
Cu-La-O-Sr-Zn|La1.85Sr0.15Cu0.9975Zn0.0025O4,La1.885Sr0.115Cu0.995Zn0.005O4-MP-mp-1077929.cif,La1.885Sr0.115Cu0.995Zn0.005O4,15.045,new,low,61,16,45,34.8
Cu-La-O-Sr-Zn|La1.85Sr0.15Cu0.9975Zn0.0025O4,La1.9Sr0.1Cu0.9925Zn0.0075O4-MP-mp-1077929.cif,La1.9Sr0.1Cu0.9925Zn0.0075O4,17.255,new,low,61,16,45,34.8
Cu-La-O-Sr-Zn|La1.85Sr0.15Cu0.9975Zn0.0025O4,La1.78Sr0.22Cu0.9975Zn0.0025O4-MP-mp-1077929.cif,La1.78Sr0.22Cu0.9975Zn0.0025O4,19.25,new,high,61,16,45,34.8
Cu-La-O-Sr-Zn|La1.85Sr0.15Cu0.9975Zn0.0025O4,La1.8Sr0.2Cu0.9975Zn0.0025O4-MP-mp-1077929.cif,La1.8Sr0.2Cu0.9975Zn0.0025O4,30.2,new,high,61,16,45,34.8
Cu-La-O-Sr-Zn|La1.85Sr0.15Cu0.9975Zn0.0025O4,La1.84Sr0.16Cu0.9975Zn0.0025O4-MP-mp-1077929.cif,La1.84Sr0.16Cu0.9975Zn0.0025O4,0.0,new,zero,61,16,45,34.8
Cu-La-O-Sr-Zn|La1.85Sr0.15Cu0.9975Zn0.0025O4,La1.85Sr0.15Cu0.9975Zn0.0025O4-MP-mp-1077929.cif,La1.85Sr0.15Cu0.9975Zn0.0025O4,34.8,new,high,61,16,45,34.8
Cu-La-O-Sr-Zn|La1.85Sr0.15Cu0.9975Zn0.0025O4,La1.86Sr0.14Cu0.9975Zn0.0025O4-MP-mp-1077929.cif,La1.86Sr0.14Cu0.9975Zn0.0025O4,0.0,new,zero,61,16,45,34.8
Cu-La-O-Sr-Zn|La1.85Sr0.15Cu0.9975Zn0.0025O4,La1.87Sr0.13Cu0.9975Zn0.0025O4-MP-mp-1077929.cif,La1.87Sr0.13Cu0.9975Zn0.0025O4,28.92,new,high,61,16,45,34.8
Cu-La-O-Sr-Zn|La1.85Sr0.15Cu0.9975Zn0.0025O4,La1.885Sr0.115Cu0.9975Zn0.0025O4-MP-mp-1077929.cif,La1.885Sr0.115Cu0.9975Zn0.0025O4,22.46,new,high,61,16,45,34.8
Cu-La-O-Sr-Zn|La1.85Sr0.15Cu0.9975Zn0.0025O4,La1.9Sr0.1Cu0.9975Zn0.0025O4-MP-mp-1077929.cif,La1.9Sr0.1Cu0.9975Zn0.0025O4,23.655,new,high,61,16,45,34.8
Cu-La-O-Sr-Zn|La1.85Sr0.15Cu0.9975Zn0.0025O4,La1.78Sr0.22Cu0.98Zn0.02O4-MP-mp-1077929.cif,La1.78Sr0.22Cu0.98Zn0.02O4,9.555,new,low,61,16,45,34.8
Cu-La-O-Sr-Zn|La1.85Sr0.15Cu0.9975Zn0.0025O4,La1.8Sr0.2Cu0.983Zn0.017O4-MP-mp-1077929.cif,La1.8Sr0.2Cu0.983Zn0.017O4,19.8,new,high,61,16,45,34.8
Cu-La-O-Sr-Zn|La1.85Sr0.15Cu0.9975Zn0.0025O4,La1.8Sr0.2Cu0.9777Zn0.0223O4-MP-mp-1077929.cif,La1.8Sr0.2Cu0.9777Zn0.0223O4,17.383333335,new,low,61,16,45,34.8
Cu-La-O-Sr-Zn|La1.85Sr0.15Cu0.9975Zn0.0025O4,La1.85Sr0.15Cu0.983Zn0.017O4-MP-mp-1077929.cif,La1.85Sr0.15Cu0.983Zn0.017O4,19.4,new,high,61,16,45,34.8
Cu-La-O-Sr-Zn|La1.85Sr0.15Cu0.9975Zn0.0025O4,La1.85Sr0.15Cu0.9825Zn0.0175O4-MP-mp-1077929.cif,La1.85Sr0.15Cu0.9825Zn0.0175O4,13.1,new,low,61,16,45,34.8
Cu-La-O-Sr-Zn|La1.85Sr0.15Cu0.9975Zn0.0025O4,La1.87Sr0.13Cu0.98Zn0.02O4-MP-mp-1077929.cif,La1.87Sr0.13Cu0.98Zn0.02O4,0.0,new,zero,61,16,45,34.8
Cu-La-O-Sr-Zn|La1.85Sr0.15Cu0.9975Zn0.0025O4,La1.885Sr0.115Cu0.98Zn0.02O4-MP-mp-1077929.cif,La1.885Sr0.115Cu0.98Zn0.02O4,0.0,new,zero,61,16,45,34.8
Cu-La-O-Sr-Zn|La1.85Sr0.15Cu0.9975Zn0.0025O4,La1.9Sr0.1Cu0.98Zn0.02O4-MP-mp-1077929.cif,La1.9Sr0.1Cu0.98Zn0.02O4,1.0,new,low,61,16,45,34.8
Cu-La-O-Sr-Zn|La1.85Sr0.15Cu0.9975Zn0.0025O4,La1.875Sr0.125Cu0.99Zn0.01O4-MP-icsd-41494.cif,La1.875Sr0.125Cu0.99Zn0.01O4,0.0,new,zero,61,16,45,34.8
Cu-La-O-Sr-Ti|La1.85Sr0.15Cu0.98Ti0.02O4,La1.85Sr0.15Cu0.98Ti0.02O4-MP-mp-1077929.cif,La1.85Sr0.15Cu0.98Ti0.02O4,32.3,new,high,3,1,2,32.3
Cu-La-O-Sr-Ti|La1.85Sr0.15Cu0.98Ti0.02O4,La1.85Sr0.15Cu0.94Ti0.06O4-MP-mp-1077929.cif,La1.85Sr0.15Cu0.94Ti0.06O4,0.0,new,zero,3,1,2,32.3
Cu-La-O-Sr-Ti|La1.85Sr0.15Cu0.98Ti0.02O4,La1.85Sr0.15Cu0.96Ti0.04O4-MP-mp-1077929.cif,La1.85Sr0.15Cu0.96Ti0.04O4,26.1,new,high,3,1,2,32.3
Cu-La-O-Ru-Sr|La1.83Sr0.17Cu0.99Ru0.01O4,La1.77Sr0.23Cu0.96Ru0.04O4-MP-mp-1077929.cif,La1.77Sr0.23Cu0.96Ru0.04O4,0.0,new,zero,17,1,16,30.55
Cu-La-O-Ru-Sr|La1.83Sr0.17Cu0.99Ru0.01O4,La1.73Sr0.27Cu0.97Ru0.03O4-MP-mp-1077929.cif,La1.73Sr0.27Cu0.97Ru0.03O4,14.1,new,low,17,1,16,30.55
Cu-La-O-Ru-Sr|La1.83Sr0.17Cu0.99Ru0.01O4,La1.76Sr0.24Cu0.97Ru0.03O4-MP-mp-1077929.cif,La1.76Sr0.24Cu0.97Ru0.03O4,16.1,new,high,17,1,16,30.55
Cu-La-O-Ru-Sr|La1.83Sr0.17Cu0.99Ru0.01O4,La1.78Sr0.22Cu0.97Ru0.03O4-MP-mp-1077929.cif,La1.78Sr0.22Cu0.97Ru0.03O4,15.6,new,high,17,1,16,30.55
Cu-La-O-Ru-Sr|La1.83Sr0.17Cu0.99Ru0.01O4,La1.75Sr0.25Cu0.97Ru0.03O4-MP-mp-1077929.cif,La1.75Sr0.25Cu0.97Ru0.03O4,15.3,new,high,17,1,16,30.55
Cu-La-O-Ru-Sr|La1.83Sr0.17Cu0.99Ru0.01O4,La1.85Sr0.15Cu0.97Ru0.03O4-MP-mp-1077929.cif,La1.85Sr0.15Cu0.97Ru0.03O4,10.8,new,low,17,1,16,30.55
Cu-La-O-Ru-Sr|La1.83Sr0.17Cu0.99Ru0.01O4,La1.79Sr0.21Cu0.99Ru0.01O4-MP-mp-1077929.cif,La1.79Sr0.21Cu0.99Ru0.01O4,22.1,new,high,17,1,16,30.55
Cu-La-O-Ru-Sr|La1.83Sr0.17Cu0.99Ru0.01O4,La1.81Sr0.19Cu0.99Ru0.01O4-MP-mp-1077929.cif,La1.81Sr0.19Cu0.99Ru0.01O4,26.5,new,high,17,1,16,30.55
Cu-La-O-Ru-Sr|La1.83Sr0.17Cu0.99Ru0.01O4,La1.83Sr0.17Cu0.99Ru0.01O4-MP-mp-1077929.cif,La1.83Sr0.17Cu0.99Ru0.01O4,30.55,new,high,17,1,16,30.55
Cu-La-O-Ru-Sr|La1.83Sr0.17Cu0.99Ru0.01O4,La1.825Sr0.175Cu0.99Ru0.01O4-MP-mp-1077929.cif,La1.825Sr0.175Cu0.99Ru0.01O4,29.6,new,high,17,1,16,30.55
Cu-La-O-Ru-Sr|La1.83Sr0.17Cu0.99Ru0.01O4,La1.85Sr0.15Cu0.99Ru0.01O4-MP-mp-1077929.cif,La1.85Sr0.15Cu0.99Ru0.01O4,20.5,new,high,17,1,16,30.55
Cu-La-O-Ru-Sr|La1.83Sr0.17Cu0.99Ru0.01O4,La1.82Sr0.18Cu0.99Ru0.01O4-MP-mp-1077929.cif,La1.82Sr0.18Cu0.99Ru0.01O4,28.3,new,high,17,1,16,30.55
Cu-La-O-Ru-Sr|La1.83Sr0.17Cu0.99Ru0.01O4,La1.795Sr0.205Cu0.98Ru0.02O4-MP-mp-1077929.cif,La1.795Sr0.205Cu0.98Ru0.02O4,15.5,new,high,17,1,16,30.55
Cu-La-O-Ru-Sr|La1.83Sr0.17Cu0.99Ru0.01O4,La1.79Sr0.21Cu0.98Ru0.02O4-MP-mp-1077929.cif,La1.79Sr0.21Cu0.98Ru0.02O4,11.2,new,low,17,1,16,30.55
Cu-La-O-Ru-Sr|La1.83Sr0.17Cu0.99Ru0.01O4,La1.8Sr0.2Cu0.98Ru0.02O4-MP-mp-1077929.cif,La1.8Sr0.2Cu0.98Ru0.02O4,15.6,new,high,17,1,16,30.55
Cu-La-O-Ru-Sr|La1.83Sr0.17Cu0.99Ru0.01O4,La1.805Sr0.195Cu0.98Ru0.02O4-MP-mp-1077929.cif,La1.805Sr0.195Cu0.98Ru0.02O4,14.1,new,low,17,1,16,30.55
Cu-La-O-Ru-Sr|La1.83Sr0.17Cu0.99Ru0.01O4,La1.85Sr0.15Cu0.98Ru0.02O4-MP-mp-1077929.cif,La1.85Sr0.15Cu0.98Ru0.02O4,10.8,new,low,17,1,16,30.55
Cu-La-O-Pr|La1.8Pr0.2Cu1O4.0631,La1.8Pr0.2Cu1O4.11-MP-mp-757399.cif,La1.8Pr0.2Cu1O4.11,0.0,new,zero,2,1,1,20.2
Cu-La-O-Pr|La1.8Pr0.2Cu1O4.0631,La1.8Pr0.2Cu1O4.0631-MP-mp-757399.cif,La1.8Pr0.2Cu1O4.0631,20.2,new,high,2,1,1,20.2
Cu-La-Nd-O|La1.8Nd0.2Cu1O4.071,La1.8Nd0.2Cu1O4.086-MP-mp-757399.cif,La1.8Nd0.2Cu1O4.086,30.75,new,high,5,0,5,35.05
Cu-La-Nd-O|La1.8Nd0.2Cu1O4.071,La1.8Nd0.2Cu1O4.071-MP-mp-757399.cif,La1.8Nd0.2Cu1O4.071,35.05,new,high,5,0,5,35.05
Cu-La-Nd-O|La1.8Nd0.2Cu1O4.071,La1.8Nd0.2Cu1O4.059-MP-mp-757399.cif,La1.8Nd0.2Cu1O4.059,25.9,new,high,5,0,5,35.05
Cu-La-Nd-O|La1.8Nd0.2Cu1O4.071,La1.8Nd0.2Cu1O4.025-MP-mp-757399.cif,La1.8Nd0.2Cu1O4.025,15.9,new,low,5,0,5,35.05
Cu-La-Nd-O|La1.8Nd0.2Cu1O4.071,La1.8Nd0.2Cu1O4.04-MP-icsd-41494.cif,La1.8Nd0.2Cu1O4.04,26.3,new,high,5,0,5,35.05
Cu-Eu-La-O-Ru-Sr|Ru1Sr1.98La0.02Eu1Cu2O8,Ru1Sr1.9La0.1Eu1Cu2O8-MP-mp-1173178.cif,Ru1Sr1.9La0.1Eu1Cu2O8,0.0,new,zero,3,1,2,14.0
Cu-Eu-La-O-Ru-Sr|Ru1Sr1.98La0.02Eu1Cu2O8,Ru1Sr1.98La0.02Eu1Cu2O8-MP-mp-1194240.cif,Ru1Sr1.98La0.02Eu1Cu2O8,14.0,new,high,3,1,2,14.0
Cu-Eu-La-O-Ru-Sr|Ru1Sr1.98La0.02Eu1Cu2O8,Ru1Sr1.94La0.06Eu1Cu2O8-MP-mp-1194240.cif,Ru1Sr1.94La0.06Eu1Cu2O8,7.0,new,high,3,1,2,14.0
Cu-Gd-La-O-Sr|Gd0.91La0.89Sr0.2Cu1O4,Sr0.2La0.9Gd0.9Cu1O4-MP-mp-1218202.cif,Sr0.2La0.9Gd0.9Cu1O4,0.0,new,zero,2,1,1,13.5
Cu-Gd-La-O-Sr|Gd0.91La0.89Sr0.2Cu1O4,Gd0.91La0.89Sr0.2Cu1O4-MP-mp-1218202.cif,Gd0.91La0.89Sr0.2Cu1O4,13.5,new,high,2,1,1,13.5
Cu-La-O-Sm-Sr|Sm1La0.82Sr0.18Cu1O4,Sm1La0.8Sr0.2Cu1O4-MP-mp-1218202.cif,Sm1La0.8Sr0.2Cu1O4,24.0,new,high,3,0,3,37.0
Cu-La-O-Sm-Sr|Sm1La0.82Sr0.18Cu1O4,Sm1La0.802Sr0.198Cu1O4-MP-mp-1218202.cif,Sm1La0.802Sr0.198Cu1O4,17.2,new,low,3,0,3,37.0
Cu-La-O-Sm-Sr|Sm1La0.82Sr0.18Cu1O4,Sm1La0.82Sr0.18Cu1O4-MP-mp-1218202.cif,Sm1La0.82Sr0.18Cu1O4,37.0,new,high,3,0,3,37.0
Cu-La-Nd-O-Sr|La1.425Nd0.4Sr0.175Cu1O4,La1.425Nd0.4Sr0.175Cu1O4-MP-mp-1223089.cif,La1.425Nd0.4Sr0.175Cu1O4,25.0,new,high,2,1,1,25.0
Cu-La-Nd-O-Sr|La1.425Nd0.4Sr0.175Cu1O4,La1.44Nd0.4Sr0.16Cu1O4-MP-mp-1223089.cif,La1.44Nd0.4Sr0.16Cu1O4,0.0,new,zero,2,1,1,25.0
Cu-La-Nd-O-Sr|La1.715Nd0.125Sr0.16Cu1O4,La1.675Nd0.125Sr0.2Cu1O4-MP-mp-1077929.cif,La1.675Nd0.125Sr0.2Cu1O4,0.0,new,zero,15,2,13,35.0
Cu-La-Nd-O-Sr|La1.715Nd0.125Sr0.16Cu1O4,La1.695Nd0.125Sr0.18Cu1O4-MP-mp-1077929.cif,La1.695Nd0.125Sr0.18Cu1O4,0.0,new,zero,15,2,13,35.0
Cu-La-Nd-O-Sr|La1.715Nd0.125Sr0.16Cu1O4,La1.715Nd0.125Sr0.16Cu1O4-MP-mp-1077929.cif,La1.715Nd0.125Sr0.16Cu1O4,35.0,new,high,15,2,13,35.0
Cu-La-Nd-O-Sr|La1.715Nd0.125Sr0.16Cu1O4,La1.725Nd0.125Sr0.15Cu1O4-MP-mp-1077929.cif,La1.725Nd0.125Sr0.15Cu1O4,33.5,new,high,15,2,13,35.0
Cu-La-Nd-O-Sr|La1.715Nd0.125Sr0.16Cu1O4,La1.725Nd0.15Sr0.125Cu1O4-MP-mp-1077929.cif,La1.725Nd0.15Sr0.125Cu1O4,12.5,new,low,15,2,13,35.0
Cu-La-Nd-O-Sr|La1.715Nd0.125Sr0.16Cu1O4,La1.73Nd0.12Sr0.15Cu1O4-MP-mp-1077929.cif,La1.73Nd0.12Sr0.15Cu1O4,26.3,new,high,15,2,13,35.0
Cu-La-Nd-O-Sr|La1.715Nd0.125Sr0.16Cu1O4,La1.735Nd0.15Sr0.115Cu1O4-MP-mp-1077929.cif,La1.735Nd0.15Sr0.115Cu1O4,16.5,new,low,15,2,13,35.0
Cu-La-Nd-O-Sr|La1.715Nd0.125Sr0.16Cu1O4,La1.735Nd0.14Sr0.125Cu1O4-MP-mp-1077929.cif,La1.735Nd0.14Sr0.125Cu1O4,15.0,new,low,15,2,13,35.0
Cu-La-Nd-O-Sr|La1.715Nd0.125Sr0.16Cu1O4,La1.74Nd0.125Sr0.135Cu1O4-MP-mp-1077929.cif,La1.74Nd0.125Sr0.135Cu1O4,21.0,new,high,15,2,13,35.0
Cu-La-Nd-O-Sr|La1.715Nd0.125Sr0.16Cu1O4,La1.745Nd0.14Sr0.115Cu1O4-MP-mp-1077929.cif,La1.745Nd0.14Sr0.115Cu1O4,17.5,new,high,15,2,13,35.0
Cu-La-Nd-O-Sr|La1.715Nd0.125Sr0.16Cu1O4,La1.76Nd0.125Sr0.115Cu1O4-MP-mp-1077929.cif,La1.76Nd0.125Sr0.115Cu1O4,25.5,new,high,15,2,13,35.0
Cu-La-Nd-O-Sr|La1.715Nd0.125Sr0.16Cu1O4,La1.765Nd0.125Sr0.11Cu1O4-MP-mp-1077929.cif,La1.765Nd0.125Sr0.11Cu1O4,26.0,new,high,15,2,13,35.0
Cu-La-Nd-O-Sr|La1.715Nd0.125Sr0.16Cu1O4,La1.775Nd0.125Sr0.1Cu1O4-MP-mp-1077929.cif,La1.775Nd0.125Sr0.1Cu1O4,26.0,new,high,15,2,13,35.0
Cu-La-Nd-O-Sr|La1.715Nd0.125Sr0.16Cu1O4,La1.75Nd0.1Sr0.15Cu1O4-MP-mp-1077929.cif,La1.75Nd0.1Sr0.15Cu1O4,31.75,new,high,15,2,13,35.0
Cu-La-Nd-O-Sr|La1.715Nd0.125Sr0.16Cu1O4,La1.75Nd0.125Sr0.125Cu1O4-MP-mp-1077929.cif,La1.75Nd0.125Sr0.125Cu1O4,17.5,new,high,15,2,13,35.0
Cu-La-Nd-O-Zn|La1.8Nd0.2Cu0.99Zn0.01O4.086,La1.8Nd0.2Cu0.99Zn0.01O4.086-MP-mp-757399.cif,La1.8Nd0.2Cu0.99Zn0.01O4.086,35.6,new,high,2,0,2,35.6
Cu-La-Nd-O-Zn|La1.8Nd0.2Cu0.99Zn0.01O4.086,La1.8Nd0.2Cu0.99Zn0.01O4.0631-MP-mp-757399.cif,La1.8Nd0.2Cu0.99Zn0.01O4.0631,4.87,new,low,2,0,2,35.6
Cu-O-Sr-Ti-Y|Y1Sr2Cu2.675Ti0.325O7.1,Y1Sr2Cu2.65Ti0.35O7.1-MP-mp-1046189.cif,Y1Sr2Cu2.65Ti0.35O7.1,53.0,new,high,6,2,4,56.0
Cu-O-Sr-Ti-Y|Y1Sr2Cu2.675Ti0.325O7.1,Y1Sr2Cu2.675Ti0.325O7.1-MP-mp-1046189.cif,Y1Sr2Cu2.675Ti0.325O7.1,56.0,new,high,6,2,4,56.0
Cu-O-Sr-Ti-Y|Y1Sr2Cu2.675Ti0.325O7.1,Y1Sr2Cu2.7Ti0.3O7.224-MP-mp-1046189.cif,Y1Sr2Cu2.7Ti0.3O7.224,35.0,new,high,6,2,4,56.0
Cu-O-Sr-Ti-Y|Y1Sr2Cu2.675Ti0.325O7.1,Y1Sr2Cu2.7Ti0.3O7.144-MP-mp-1046189.cif,Y1Sr2Cu2.7Ti0.3O7.144,17.5,new,low,6,2,4,56.0
Cu-O-Sr-Ti-Y|Y1Sr2Cu2.675Ti0.325O7.1,Y1Sr2Cu2.7Ti0.3O7.098-MP-mp-1046189.cif,Y1Sr2Cu2.7Ti0.3O7.098,0.0,new,zero,6,2,4,56.0
Cu-O-Sr-Ti-Y|Y1Sr2Cu2.675Ti0.325O7.1,Y1Sr2Cu2.7Ti0.3O7.123-MP-mp-1046189.cif,Y1Sr2Cu2.7Ti0.3O7.123,0.0,new,zero,6,2,4,56.0
Cu-Mo-O-Sr-Tb|Tb1Sr2Cu2.7Mo0.3O7.15,Tb1Sr2Cu2.7Mo0.3O7.15-MP-mp-1079351.cif,Tb1Sr2Cu2.7Mo0.3O7.15,37.0,new,high,2,1,1,37.0
Cu-Mo-O-Sr-Tb|Tb1Sr2Cu2.7Mo0.3O7.15,Tb1Sr2Cu2.7Mo0.3O7.12-MP-mp-1079351.cif,Tb1Sr2Cu2.7Mo0.3O7.12,0.0,new,zero,2,1,1,37.0
Cu-Mo-O-Sr-Tb|Tb1Sr2Cu2.69Mo0.31O7,Tb1Sr2Cu2.69Mo0.31O7-MP-mp-1079351.cif,Tb1Sr2Cu2.69Mo0.31O7,34.5,new,high,2,1,1,34.5
Cu-Mo-O-Sr-Tb|Tb1Sr2Cu2.69Mo0.31O7,TbSr2Cu2.69Mo0.31O6.97-MP-mp-1079351.cif,TbSr2Cu2.69Mo0.31O6.97,0.0,new,zero,2,1,1,34.5
Ce-Cu-Ni-O-Pr|Pr1.85Ce0.15Cu0.998Ni0.002O4.065,Pr1.85Ce0.15Cu0.993Ni0.007O4.065-MP-mp-4181.cif,Pr1.85Ce0.15Cu0.993Ni0.007O4.065,9.47,new,high,3,0,3,15.89
Ce-Cu-Ni-O-Pr|Pr1.85Ce0.15Cu0.998Ni0.002O4.065,Pr1.85Ce0.15Cu0.998Ni0.002O4.065-MP-mp-4181.cif,Pr1.85Ce0.15Cu0.998Ni0.002O4.065,15.89,new,high,3,0,3,15.89
Ce-Cu-Ni-O-Pr|Pr1.85Ce0.15Cu0.998Ni0.002O4.065,Pr1.85Ce0.15Cu0.99Ni0.01O4.065-MP-mp-4181.cif,Pr1.85Ce0.15Cu0.99Ni0.01O4.065,0.93,new,low,3,0,3,15.89
