id,formula,tc,origin,severity,n_flags,reasons
Bi0.16Pb0.35V0.05Sr2Ca2Cu3O10.12-MP-mp-532540.cif,Bi0.16Pb0.35V0.05Sr2Ca2Cu3O10.12,103.7,new,7,4,A:trace-dopant(V 0.0028); C:Cu-ox-4.08; G:parent-lacks-Cu(Sr3Ca6V7BiO28); G:anion-ratio--0.31(Sr3Ca6V7BiO28)
Nd1.5Ce0.5Sr2Ta1Cu2O10-MP-mp-12286.cif,Nd1.5Ce0.5Sr2Ta1Cu2O10,12.5,new,7,4,C:Cu-ox-4.75; G:parent-lacks-Cu(Sr2Ta2O7); G:anion-ratio--0.32(Sr2Ta2O7); E:literature-IQR-12.5K(n=2)
Bi3.99Cu0.01S3O4-MP-mp-1195213.cif,Bi3.99Cu0.01S3O4,3.935,new,7,4,A:trace-dopant(Cu 0.0009); C:Cu-ox-800.00; G:parent-lacks-Cu(Bi2(SO4)3); G:anion-ratio--5.75(Bi2(SO4)3)
Bi3.975Cu0.025S3O4-MP-mp-1195213.cif,Bi3.975Cu0.025S3O4,2.99,new,7,4,A:trace-dopant(Cu 0.0023); C:Cu-ox-320.00; G:parent-lacks-Cu(Bi2(SO4)3); G:anion-ratio--5.75(Bi2(SO4)3)
Bi3.95Cu0.05S3O4-MP-mp-1195213.cif,Bi3.95Cu0.05S3O4,2.595,new,7,4,A:trace-dopant(Cu 0.0045); C:Cu-ox-160.00; G:parent-lacks-Cu(Bi2(SO4)3); G:anion-ratio--5.75(Bi2(SO4)3)
Th1Ca3Ba1Cu3O9-MP-mp-1189614.cif,Th1Ca3Ba1Cu3O9,124.5,new,6,3,C:Cu-ox-3.33; G:parent-lacks-Cu(BaThO3); G:anion-ratio--0.38(BaThO3)
Bi0.16Pb0.3V0.1Sr2Ca2Cu3O10.12-MP-mp-532540.cif,Bi0.16Pb0.3V0.1Sr2Ca2Cu3O10.12,102.5,new,6,3,C:Cu-ox-4.08; G:parent-lacks-Cu(Sr3Ca6V7BiO28); G:anion-ratio--0.31(Sr3Ca6V7BiO28)
Fe0.5Ba2Ho1Cu2.5O7.49-MP-mp-1192651.cif,Fe0.5Ba2Ho1Cu2.5O7.49,76.0,new,6,3,C:Cu-ox-4.39; G:parent-lacks-Cu(BaFeO3); G:anion-ratio--0.25(BaFeO3)
Fe0.5Ba2Dy1Cu2.5O7.52-MP-mp-1522063.cif,Fe0.5Ba2Dy1Cu2.5O7.52,75.0,new,6,3,C:Cu-ox-4.42; G:parent-lacks-Cu(BaDy(FeO3)4); G:anion-ratio--0.75(BaDy(FeO3)4)
Fe0.5Ba2Er1Cu2.5O7.46-MP-mp-1192651.cif,Fe0.5Ba2Er1Cu2.5O7.46,72.0,new,6,3,C:Cu-ox-4.37; G:parent-lacks-Cu(BaFeO3); G:anion-ratio--0.26(BaFeO3)
Fe0.5Ba2Yb1Cu2.5O7.45-MP-mp-1192651.cif,Fe0.5Ba2Yb1Cu2.5O7.45,72.0,new,6,3,C:Cu-ox-4.36; G:parent-lacks-Cu(BaFeO3); G:anion-ratio--0.26(BaFeO3)
Hg0.65V0.35Sr2Ca0.55Nd0.45Cu2O6.8-MP-mp-1218581.cif,Hg0.65V0.35Sr2Ca0.55Nd0.45Cu2O6.8,67.0,new,6,3,C:Cu-ox-3.57; G:parent-lacks-Cu(SrCa3V4O12); G:anion-ratio--0.37(SrCa3V4O12)
Fe0.5Ba1Sr1Ho1Cu2.5O7.462-MP-mp-1227739.cif,Fe0.5Ba1Sr1Ho1Cu2.5O7.462,45.2,new,6,3,C:Cu-ox-4.37; G:parent-lacks-Cu(BaSr4(FeO3)5); G:anion-ratio--0.26(BaSr4(FeO3)5)
Fe0.5Ba1Sr1Yb1Cu2.5O7.432-MP-mp-1227739.cif,Fe0.5Ba1Sr1Yb1Cu2.5O7.432,29.7,new,6,3,C:Cu-ox-4.35; G:parent-lacks-Cu(BaSr4(FeO3)5); G:anion-ratio--0.26(BaSr4(FeO3)5)
Cu0.75V0.25Sr2Y1.3Ce0.7Cu2O8.77-MP-mp-1218593.cif,Cu0.75V0.25Sr2Y1.3Ce0.7Cu2O8.77,24.5,new,6,3,C:Cu-ox-3.91; G:parent-lacks-Cu(SrCe3V4O16); G:anion-ratio--0.75(SrCe3V4O16)
Y1Ba2Cu3O6050-MP-mp-643409.cif,Y1Ba2Cu3O6050,22.0,new,6,4,"A:huge-coefficient(max 6050, 6056 atoms); A:trace-dopant(Y 0.0002); C:Cu-ox-4032.00; G:anion-ratio-+1007.21(Ba4Y(CuO3)3)"
Cu0.75Ti0.25Sr2Y1.3Ce0.7Cu2O8.71-MP-mp-1218863.cif,Cu0.75Ti0.25Sr2Y1.3Ce0.7Cu2O8.71,21.0,new,6,3,C:Cu-ox-3.86; G:parent-lacks-Cu(Sr2Ce2Ti5O15); G:anion-ratio--0.42(Sr2Ce2Ti5O15)
Bi3.9Cu0.1S3O4-MP-mp-1195213.cif,Bi3.9Cu0.1S3O4,2.995,new,6,3,C:Cu-ox-80.00; G:parent-lacks-Cu(Bi2(SO4)3); G:anion-ratio--5.75(Bi2(SO4)3)
Sn0.97As0.007Te0.993-MP-mp-484.cif,Sn0.97As0.007Te0.993,0.03,new,6,3,A:trace-dopant(As 0.0036); I:Tc-0.030K(mK?); G:anion-ratio--0.48(Te3As2)
Mo1Sr2Ho1.5Ce1Cu2O10-MP-mp-16811.cif,Mo1Sr2Ho1.5Ce1Cu2O10,0.0,new,6,3,C:Cu-ox-6.00; G:parent-lacks-Cu(Ho2MoO6); G:anion-ratio--0.67(Ho2MoO6)
Mo1Sr2Tm1.5Ce1Cu2O10-MP-mp-31123.cif,Mo1Sr2Tm1.5Ce1Cu2O10,0.0,new,6,3,C:Cu-ox-6.00; G:parent-lacks-Cu(Tm2MoO6); G:anion-ratio--0.67(Tm2MoO6)
Pb3Sr3Cu3Cl1O9.5-MP-mp-1194245.cif,Pb3Sr3Cu3Cl1O9.5,0.0,new,6,3,C:Cu-ox-4.33; G:parent-lacks-Cu(SrPb2Cl6O5); G:anion-ratio--2.50(SrPb2Cl6O5)
Cu1.5Sr2Cr0.5O5.3-MP-mp-510607.cif,Cu1.5Sr2Cr0.5O5.3,0.0,new,6,3,C:Cu-ox-4.40; G:parent-lacks-Cu(SrCrO4); G:anion-ratio--0.68(SrCrO4)
La0.9Sr0.1Cu0.965Ni0.035O4-MP-mp-1218155.cif,La0.9Sr0.1Cu0.965Ni0.035O4,0.0,new,6,3,C:Cu-ox-5.21; G:parent-lacks-Cu(SrLaNiO4); G:anion-ratio-+0.67(SrLaNiO4)
Cu0.6Co0.4Cr2O4-MP-mp-18788.cif,Cu0.6Co0.4Cr2O4,0.0,new,6,3,C:Cu-ox-13.33; G:parent-lacks-Cu(CrCoO4); G:anion-ratio--0.67(CrCoO4)
Cu0.4Co0.6Cr2O4-MP-mp-18788.cif,Cu0.4Co0.6Cr2O4,0.0,new,6,3,C:Cu-ox-20.00; G:parent-lacks-Cu(CrCoO4); G:anion-ratio--0.67(CrCoO4)
Tl6CuTe2O10-MP-mp-18191.cif,Tl6CuTe2O10,0.0,new,6,3,C:Cu-ox-20.00; G:parent-lacks-Cu(Tl2TeO6); G:anion-ratio--1.79(Tl2TeO6)
Ni0.2Cu0.2Zn0.6Fe2O3-MP-mp-1215616.cif,Ni0.2Cu0.2Zn0.6Fe2O3,0.0,new,6,3,C:Cu-ox-22.00; G:parent-lacks-Cu(ZnFe4NiO8); G:anion-ratio--0.33(ZnFe4NiO8)
La3Ni1.75Cu0.25SbO9-MP-mp-1190427.cif,La3Ni1.75Cu0.25SbO9,0.0,new,6,3,C:Cu-ox-22.00; G:parent-lacks-Cu(LaSbO4); G:anion-ratio--0.50(LaSbO4)
[(NiO)0.29(CuO)0.08](ZnO)0.62(Fe2O3)1.01-MP-mp-1045634.cif,[(NiO)0.29(CuO)0.08](ZnO)0.62(Fe2O3)1.01,0.0,new,6,3,C:Cu-ox-77.75; G:parent-lacks-Cu(Zn(FeO2)4); G:anion-ratio--0.26(Zn(FeO2)4)
Cu3(NaFeSb)O6-MP-mp-2741573.cif,Cu3(NaFeSb)O6,0.0,new,6,3,C:Cu-ox-3.67; G:parent-lacks-Cu(NaSb5O13); G:anion-ratio--1.17(NaSb5O13)
Cu3Mg2(OH)6Br2-MP-mp-24006.cif,Cu3Mg2(OH)6Br2,0.0,new,6,3,C:Cu-ox-4.00; G:parent-lacks-Cu(MgH12(BrO6)2); G:anion-ratio--23.20(MgH12(BrO6)2)
Cu3Lu(SeO3)2O2Cl-MP-mp-23096.cif,Cu3Lu(SeO3)2O2Cl,0.0,new,6,3,C:Cu-ox-5.33; G:parent-lacks-Cu(LuSeClO3); G:anion-ratio--2.25(LuSeClO3)
Cu3Ho(SeO3)2O2Cl-MP-mp-23587.cif,Cu3Ho(SeO3)2O2Cl,0.0,new,6,3,C:Cu-ox-5.33; G:parent-lacks-Cu(HoSeClO3); G:anion-ratio--2.25(HoSeClO3)
(MgCoNiCuZn)O-MP-mp-1032645.cif,(MgCoNiCuZn)O,0.0,new,6,3,C:Cu-ox--2.00; G:parent-lacks-Cu(Mg6ZnNiO8); G:anion-ratio--0.80(Mg6ZnNiO8)
Tl2Ba2Ca1Cu1.98Fe0.02F0.1O7.95-MP-mp-581641.cif,Tl2Ba2Ca1Cu1.98Fe0.02F0.1O7.95,110.0,new,5,3,A:trace-dopant(Fe 0.0013); C:Cu-ox-5.00; G:anion-ratio--1.18(Ba2CaFe2CuF14)
Tl2Ba2Ca1Cu1.98Fe0.02F0.2O7.9-MP-mp-581641.cif,Tl2Ba2Ca1Cu1.98Fe0.02F0.2O7.9,109.0,new,5,3,A:trace-dopant(Fe 0.0013); C:Cu-ox-4.95; G:anion-ratio--1.18(Ba2CaFe2CuF14)
Tl2Ba2Ca0.9Ce0.1Cu1.98Fe0.02F0.2O7.9-MP-mp-581641.cif,Tl2Ba2Ca0.9Ce0.1Cu1.98Fe0.02F0.2O7.9,103.0,new,5,3,A:trace-dopant(Fe 0.0013); C:Cu-ox-4.85; G:anion-ratio--1.18(Ba2CaFe2CuF14)
Tl2Ba2Ca1Cu1.98Fe0.02F0.3O7.85-MP-mp-581641.cif,Tl2Ba2Ca1Cu1.98Fe0.02F0.3O7.85,101.0,new,5,3,A:trace-dopant(Fe 0.0013); C:Cu-ox-4.90; G:anion-ratio--1.17(Ba2CaFe2CuF14)
Er0.94Ca0.04Ba2Cu2.82Co0.18O6.76-MP-mp-18746.cif,Er0.94Ca0.04Ba2Cu2.82Co0.18O6.76,64.0,new,5,3,A:trace-dopant(Ca 0.0031); C:Cu-ox-3.35; G:parent-lacks-Cu(BaEr2CoO5)
Bi0.066Mo0.264Cu2.67Sr2Y1O7.32-MP-mp-1520951.cif,Bi0.066Mo0.264Cu2.67Sr2Y1O7.32,31.0,new,5,3,A:trace-dopant(Bi 0.0050); C:Cu-ox-3.99; G:anion-ratio--0.28(Sr2CuBiO6)
H0.55La0.89Sr0.11Cu0.995Fe0.005O4-MP-mp-555369.cif,H0.55La0.89Sr0.11Cu0.995Fe0.005O4,13.2,new,5,3,A:trace-dopant(Fe 0.0008); C:Cu-ox-5.14; G:anion-ratio--3.23(SrCuH6O5)
Ru0.97Co0.03Sr2Gd1CuO8-MP-mp-1194240.cif,Ru0.97Co0.03Sr2Gd1CuO8,13.0,new,5,3,A:trace-dopant(Co 0.0023); C:Cu-ox-9.00; G:anion-ratio-+0.27(Sr2GdCu2RuO8)
Ru0.95Co0.05Sr2Gd1CuO8-MP-mp-1194240.cif,Ru0.95Co0.05Sr2Gd1CuO8,5.5,new,5,3,A:trace-dopant(Co 0.0038); C:Cu-ox-9.00; G:anion-ratio-+0.27(Sr2GdCu2RuO8)
Sn0.97As0.01Te0.99-MP-mp-484.cif,Sn0.97As0.01Te0.99,0.03375,new,5,2,I:Tc-0.034K(mK?); G:anion-ratio--0.49(Te3As2)
Er1Ba2Cu2.64Zn0.03O6.82-MP-mp-6416.cif,Er1Ba2Cu2.64Zn0.03O6.82,0.0,new,5,3,A:trace-dopant(Zn 0.0024); C:Cu-ox-3.63; G:parent-lacks-Cu(Ba5Er8Zn4O21)
La2Cu1O0.001-MP-mp-1077929.cif,La2Cu1O0.001,0.0,new,5,3,A:trace-dopant(O 0.0003); C:Cu-ox--6.00; G:anion-ratio--1.33(La2CuO4)
SrFe11.9Cu0.1O19-MP-mp-3742.cif,SrFe11.9Cu0.1O19,0.0,new,5,3,A:trace-dopant(Cu 0.0031); C:Cu-ox-360.00; G:parent-lacks-Cu(SrFe12O19)
Sr0.9La0.1Fe11.9Cu0.1O19-MP-mp-3742.cif,Sr0.9La0.1Fe11.9Cu0.1O19,0.0,new,5,3,A:trace-dopant(La 0.0031); C:Cu-ox-359.00; G:parent-lacks-Cu(SrFe12O19)
Nd0.5Sr0.5Mn0.98Cu0.02O3-MP-mp-1218102.cif,Nd0.5Sr0.5Mn0.98Cu0.02O3,0.0,new,5,3,A:trace-dopant(Cu 0.0040); C:Cu-ox-175.00; G:parent-lacks-Cu(SrNdMn2O6)
Nd0.5Sr0.5Mn0.99Cu0.01O3-MP-mp-1218102.cif,Nd0.5Sr0.5Mn0.99Cu0.01O3,0.0,new,5,3,A:trace-dopant(Cu 0.0020); C:Cu-ox-350.00; G:parent-lacks-Cu(SrNdMn2O6)
La0.7Ca0.3Mn0.98Cu0.02O3-MP-mp-1227500.cif,La0.7Ca0.3Mn0.98Cu0.02O3,0.0,new,5,3,A:trace-dopant(Cu 0.0040); C:Cu-ox-165.00; G:parent-lacks-Cu(CaLa2Mn3O9)
Mg0.5Cd0.25Cu0.25Fe1.9875La0.0125O4-MP-mp-1222550.cif,Mg0.5Cd0.25Cu0.25Fe1.9875La0.0125O4,0.0,new,5,3,A:trace-dopant(La 0.0018); C:Cu-ox-31.85; G:parent-lacks-Cu(Mg2Fe7O12)
Mg0.5Cd0.25Cu0.25Fe1.975La0.025O4-MP-mp-1222550.cif,Mg0.5Cd0.25Cu0.25Fe1.975La0.025O4,0.0,new,5,3,A:trace-dopant(La 0.0036); C:Cu-ox-31.70; G:parent-lacks-Cu(Mg2Fe7O12)
Zn0.9795Cu0.0005Al0.02O-MP-mp-2133.cif,Zn0.9795Cu0.0005Al0.02O,0.0,new,5,3,A:trace-dopant(Cu 0.0003); C:Cu-ox-82.00; G:parent-lacks-Cu(ZnO)
Cu2Mn0.96Ga0.04BO5-MP-mp-28943.cif,Cu2Mn0.96Ga0.04BO5,0.0,new,5,3,A:trace-dopant(Ga 0.0044); C:Cu-ox-5.00; G:parent-lacks-Cu(Mn2BO4)
(Ni0.23Mn0.02Cu0.25Zn0.5)O(Fe2O3)0.98-MP-mp-757326.cif,(Ni0.23Mn0.02Cu0.25Zn0.5)O(Fe2O3)0.98,0.0,new,5,3,A:trace-dopant(Mn 0.0029); C:Cu-ox-25.68; G:parent-lacks-Cu(Zn2Fe7O12)
Ni0.94Co0.03Mn0.04Cu0.03Fe1.96O4-MP-mp-35596.cif,Ni0.94Co0.03Mn0.04Cu0.03Fe1.96O4,0.0,new,5,3,A:trace-dopant(Co 0.0043); C:Cu-ox-204.00; G:parent-lacks-Cu(Fe2NiO4)
Ni0.25Cu0.30Zn0.45Dy0.025Fe1.975O4-MP-mp-1215616.cif,Ni0.25Cu0.30Zn0.45Dy0.025Fe1.975O4,0.0,new,5,3,A:trace-dopant(Dy 0.0036); C:Cu-ox-22.00; G:parent-lacks-Cu(ZnFe4NiO8)
B0.6C0.4Sr0.5Ba1.5Ca2Cu3O9-MP-mp-1019542.cif,B0.6C0.4Sr0.5Ba1.5Ca2Cu3O9,119.0,new,4,2,C:Cu-ox-3.33; G:parent-lacks-Cu(BaCaB2O5)
Hg1Ba2Ca3Cu4O2-MP-mp-22601.cif,Hg1Ba2Ca3Cu4O2,115.0,new,4,2,C:Cu-ox--1.50; G:anion-ratio--0.80(Ba2Ca2Cu3HgO8)
Hg1Ba2Ca3Cu4O1-MP-mp-22601.cif,Hg1Ba2Ca3Cu4O1,115.0,new,4,2,C:Cu-ox--2.00; G:anion-ratio--0.90(Ba2Ca2Cu3HgO8)
Bi2Sr2Ca2Cu3O1-MP-mp-1209015.cif,Bi2Sr2Ca2Cu3O1,112.5,new,4,2,C:Cu-ox--2.00; G:anion-ratio--1.00(Sr2Ca2Cu3(BiO5)2)
Bi1.8V0.2Sr2Ca2Cu3O2-MP-mp-1191679.cif,Bi1.8V0.2Sr2Ca2Cu3O2,112.0,new,4,2,C:Cu-ox--1.33; G:anion-ratio--0.87(Sr2Ca3Cu4(BiO6)2)
V0.5Sr2.7Ca2.3Cu4.5O11.6-MP-mp-1218581.cif,V0.5Sr2.7Ca2.3Cu4.5O11.6,107.0,new,4,2,G:parent-lacks-Cu(SrCa3V4O12); G:anion-ratio--0.34(SrCa3V4O12)
Ba2Ca3Cu5O-MP-mp-1214453.cif,Ba2Ca3Cu5O,106.0,new,4,2,C:Cu-ox--1.60; G:anion-ratio--0.73(BaCa2Cu3O5)
Cu3.5Sr2Ca2Cr0.5O9.55-MP-mp-1218573.cif,Cu3.5Sr2Ca2Cr0.5O9.55,103.0,new,4,2,G:parent-lacks-Cu(Sr4CaCr5O15); G:anion-ratio--0.31(Sr4CaCr5O15)
Cu0.5S0.5Sr2Ca2Cu3O12-MP-mp-1218361.cif,Cu0.5S0.5Sr2Ca2Cu3O12,100.0,new,4,2,C:Cu-ox-4.57; G:anion-ratio-+0.67(SrCaCuO3)
V0.5Sr2.25Ca1.75Cu3.5O9.7-MP-mp-1218581.cif,V0.5Sr2.25Ca1.75Cu3.5O9.7,98.0,new,4,2,G:parent-lacks-Cu(SrCa3V4O12); G:anion-ratio--0.29(SrCa3V4O12)
Hg0.95Re0.05Ba2Cu1O4.372-MP-mp-1147523.cif,Hg0.95Re0.05Ba2Cu1O4.372,97.0,new,4,2,C:Cu-ox-4.74; G:anion-ratio--0.41(Ba4Cu3ReO12)
Hg0.9Re0.1Ba2Cu1O4.425-MP-mp-1147523.cif,Hg0.9Re0.1Ba2Cu1O4.425,96.8,new,4,2,C:Cu-ox-4.85; G:anion-ratio--0.39(Ba4Cu3ReO12)
Hg0.85Re0.15Ba2Cu1O4.53-MP-mp-1147523.cif,Hg0.85Re0.15Ba2Cu1O4.53,96.3,new,4,2,C:Cu-ox-5.06; G:anion-ratio--0.37(Ba4Cu3ReO12)
Hg0.95Re0.05Ba2Cu1O4.37-MP-mp-1147523.cif,Hg0.95Re0.05Ba2Cu1O4.37,96.0,new,4,2,C:Cu-ox-4.74; G:anion-ratio--0.41(Ba4Cu3ReO12)
Hg0.85Re0.15Ba2Cu1O4.525-MP-mp-1147523.cif,Hg0.85Re0.15Ba2Cu1O4.525,95.55,new,4,2,C:Cu-ox-5.05; G:anion-ratio--0.37(Ba4Cu3ReO12)
Hg0.9Re0.1Ba2Cu1O4.41-MP-mp-1147523.cif,Hg0.9Re0.1Ba2Cu1O4.41,94.5,new,4,2,C:Cu-ox-4.82; G:anion-ratio--0.40(Ba4Cu3ReO12)
Hg0.9Re0.1Ba2Cu1O4.42-MP-mp-1147523.cif,Hg0.9Re0.1Ba2Cu1O4.42,94.4,new,4,2,C:Cu-ox-4.84; G:anion-ratio--0.40(Ba4Cu3ReO12)
Hg0.85Re0.15Ba2Cu1O4.55-MP-mp-1147523.cif,Hg0.85Re0.15Ba2Cu1O4.55,93.7,new,4,2,C:Cu-ox-5.10; G:anion-ratio--0.36(Ba4Cu3ReO12)
Hg0.85Re0.15Ba2Cu1O4.49-MP-mp-1147523.cif,Hg0.85Re0.15Ba2Cu1O4.49,93.7,new,4,2,C:Cu-ox-4.98; G:anion-ratio--0.38(Ba4Cu3ReO12)
Ba2Cu3O7-MP-mp-7374.cif,Ba2Cu3O7,92.0,new,4,2,C:Cu-ox-3.33; G:anion-ratio-+0.73(Ba(CuO)2)
Y1Ba2Cu3O4-MP-mp-22215.cif,Y1Ba2Cu3O4,92.0,new,4,2,C:Cu-ox-1.33; G:anion-ratio--0.33(Ba2Y(CuO2)3)
Bi2Sr3Cu2O8-MP-mp-1520951.cif,Bi2Sr3Cu2O8,91.5,new,4,2,C:Cu-ox-5.00; G:anion-ratio--0.36(Sr2CuBiO6)
Bi2Ca1Cu2Sr2O8.21-MP-mp-1218930-synth_doped.cif,Bi2Ca1Cu2Sr2O8.21,90.6,V45,4,2,C:Cu-ox-5.21; D:duplicate-Tc-0.0..90.6K(n=9)
Hg0.9Re0.1Ba2Cu1O4.35-MP-mp-1147523.cif,Hg0.9Re0.1Ba2Cu1O4.35,90.5,new,4,2,C:Cu-ox-4.70; G:anion-ratio--0.41(Ba4Cu3ReO12)
Y1Ba2Cu3F0.825O-MP-mp-1214572.cif,Y1Ba2Cu3F0.825O,90.5,new,4,2,C:Cu-ox--0.67; G:anion-ratio--0.86(Ba2YCu3O6F)
Bi2Ca1Cu2Sr2O8.245-MP-mp-1218930-synth_doped.cif,Bi2Ca1Cu2Sr2O8.245,90.0,V45,4,2,C:Cu-ox-5.24; D:duplicate-Tc-0.0..90.0K(n=5)
Bi2Ca1Cu2Sr2O8.224-MP-mp-1218930-synth_doped.cif,Bi2Ca1Cu2Sr2O8.224,89.0,V45,4,2,C:Cu-ox-5.22; D:duplicate-Tc-0.0..90.6K(n=9)
Pr1Tl2Sr2Ca4Cu5O2-MP-mp-1208792.cif,Pr1Tl2Sr2Ca4Cu5O2,88.0,new,4,2,C:Cu-ox--2.20; G:anion-ratio--1.02(Sr2PrTlCu2O7)
Bi1.6Pb0.4Sr1.8Ca1Nd0.2Cu2O8.11-MP-mp-1516265.cif,Bi1.6Pb0.4Sr1.8Ca1Nd0.2Cu2O8.11,87.0,new,4,2,C:Cu-ox-5.01; G:anion-ratio--0.34(SrCaCuBiO6)
Bi2Sr2Ca1Cu2O-MP-mp-1218930.cif,Bi2Sr2Ca1Cu2O,87.0,new,4,2,C:Cu-ox--2.00; G:anion-ratio--1.00(Sr2CaCu2(BiO4)2)
Bi2Ca1Cu2Sr2O8.248-MP-mp-1218930-synth_doped.cif,Bi2Ca1Cu2Sr2O8.248,86.0,V45,4,2,C:Cu-ox-5.25; D:duplicate-Tc-0.0..90.0K(n=5)
Lu0.9Pr0.1Ba2Cu3O2-MP-mp-1228451.cif,Lu0.9Pr0.1Ba2Cu3O2,85.0,new,4,2,C:Cu-ox--0.10; G:anion-ratio--0.83(Ba4PrLu(Cu3O7)2)
Bi2Ca1Cu2Sr2O8.234-MP-mp-1218930-synth_doped.cif,Bi2Ca1Cu2Sr2O8.234,84.0,V45,4,2,C:Cu-ox-5.23; D:duplicate-Tc-0.0..90.0K(n=5)
Bi2Sr1.3Ca0.7Cu1O6.15-MP-mp-1516265.cif,Bi2Sr1.3Ca0.7Cu1O6.15,84.0,new,4,2,C:Cu-ox-8.30; G:anion-ratio--0.27(SrCaCuBiO6)
Bi2Ca1Cu2Sr2O8.231-MP-mp-1218930-synth_doped.cif,Bi2Ca1Cu2Sr2O8.231,83.7,V45,4,2,C:Cu-ox-5.23; D:duplicate-Tc-0.0..90.6K(n=9)
Bi4Sr3Ca3Cu4O16.25-MP-mp-1516265.cif,Bi4Sr3Ca3Cu4O16.25,83.0,new,4,2,C:Cu-ox-5.12; G:anion-ratio--0.34(SrCaCuBiO6)
Ba1.6Sr0.4Yb1Cu3O6.96-MP-mp-1099602.cif,Ba1.6Sr0.4Yb1Cu3O6.96,82.0,new,4,2,C:Cu-ox-3.31; G:anion-ratio--0.34(Ba3Sr(CuO3)4)
Bi2Sr1.4Ca1.6Cu2O8.2-MP-mp-1516265.cif,Bi2Sr1.4Ca1.6Cu2O8.2,81.1,new,4,2,C:Cu-ox-5.20; G:anion-ratio--0.33(SrCaCuBiO6)
Bi4Sr4Ca3Cu4O16.29-MP-mp-1516265.cif,Bi4Sr4Ca3Cu4O16.29,81.0,new,4,2,C:Cu-ox-4.64; G:anion-ratio--0.41(SrCaCuBiO6)
Cu2.5Sr2Ca1Cr0.5O7.5-MP-mp-1218573.cif,Cu2.5Sr2Ca1Cr0.5O7.5,81.0,new,4,2,C:Cu-ox-3.60; G:parent-lacks-Cu(Sr4CaCr5O15)
Bi2Sr1.5Ca1.5Cu2O8.19-MP-mp-1516265.cif,Bi2Sr1.5Ca1.5Cu2O8.19,80.75,new,4,2,C:Cu-ox-5.19; G:anion-ratio--0.33(SrCaCuBiO6)
Bi4Ca3Sr3Cu4O16.32-MP-mp-1516265.cif,Bi4Ca3Sr3Cu4O16.32,80.0,new,4,2,C:Cu-ox-5.16; G:anion-ratio--0.33(SrCaCuBiO6)
Bi2Sr1.7Ca1.3Cu2O8.211-MP-mp-1516265.cif,Bi2Sr1.7Ca1.3Cu2O8.211,78.7,new,4,2,C:Cu-ox-5.21; G:anion-ratio--0.33(SrCaCuBiO6)
Bi2Ca1Cu2Sr2O8.216-MP-mp-1218930-synth_doped.cif,Bi2Ca1Cu2Sr2O8.216,78.0,V45,4,2,C:Cu-ox-5.22; D:duplicate-Tc-0.0..90.6K(n=9)
La1.5Nd0.5Ba2Ca1Cu5O7.123-MP-mp-1228590.cif,La1.5Nd0.5Ba2Ca1Cu5O7.123,78.0,new,4,2,C:Cu-ox-0.45; G:anion-ratio--0.37(Ba3CaLa2Cu6O13)
Bi2Sr1.6Ca1.4Cu2O8.16-MP-mp-1516265.cif,Bi2Sr1.6Ca1.4Cu2O8.16,77.6,new,4,2,C:Cu-ox-5.16; G:anion-ratio--0.33(SrCaCuBiO6)
Er0.88Ca0.12Ba2Cu2.28Co0.18O6.93-MP-mp-1229276.cif,Er0.88Ca0.12Ba2Cu2.28Co0.18O6.93,77.5,new,4,2,C:Cu-ox-4.22; G:parent-lacks-Cu(BaCa2Er10O18)
La1.7Nd0.3Ba2Ca0.6Cu4.6O7.135-MP-mp-1228590.cif,La1.7Nd0.3Ba2Ca0.6Cu4.6O7.135,77.0,new,4,2,C:Cu-ox-0.67; G:anion-ratio--0.31(Ba3CaLa2Cu6O13)
Ho1Ba2Cu2.94O6.94-MP-mp-17363.cif,Ho1Ba2Cu2.94O6.94,77.0,new,4,2,C:Cu-ox-3.36; G:parent-lacks-Cu(BaHo2O4)
Cu0.8W0.2Sr2Y1Cu2O7.3-MP-mp-510294.cif,Cu0.8W0.2Sr2Y1Cu2O7.3,77.0,new,4,2,C:Cu-ox-3.79; G:anion-ratio--0.28(Sr2CuWO6)
Bi2Sr1.1Ca1.9Cu2O8.22-MP-mp-1516265.cif,Bi2Sr1.1Ca1.9Cu2O8.22,76.5,new,4,2,C:Cu-ox-5.22; G:anion-ratio--0.33(SrCaCuBiO6)
Bi2Sr1.3Ca1.7Cu2O8.19-MP-mp-1516265.cif,Bi2Sr1.3Ca1.7Cu2O8.19,76.5,new,4,2,C:Cu-ox-5.19; G:anion-ratio--0.33(SrCaCuBiO6)
Bi2Sr1.2Ca1.8Cu2O8.199-MP-mp-1516265.cif,Bi2Sr1.2Ca1.8Cu2O8.199,76.5,new,4,2,C:Cu-ox-5.20; G:anion-ratio--0.33(SrCaCuBiO6)
Gd0.55Ca0.35Hf0.15Ba2Cu3O7.06-MP-mp-1518468.cif,Gd0.55Ca0.35Hf0.15Ba2Cu3O7.06,76.0,new,4,2,G:parent-lacks-Cu(BaCaHf4O12); G:anion-ratio--0.83(BaCaHf4O12)
Bi1.7Pb0.3Sr2Ca1Cu2O0.23-MP-mp-1218930.cif,Bi1.7Pb0.3Sr2Ca1Cu2O0.23,75.75,new,4,2,C:Cu-ox--2.77; G:anion-ratio--1.11(Sr2CaCu2(BiO4)2)
V0.5Sr2.4Ca3.6Cu5.5O13.55-MP-mp-1218581.cif,V0.5Sr2.4Ca3.6Cu5.5O13.55,75.0,new,4,2,G:parent-lacks-Cu(SrCa3V4O12); G:anion-ratio--0.37(SrCa3V4O12)
V0.5Sr2.3Ca4.7Cu6.5O15.5-MP-mp-1218581.cif,V0.5Sr2.3Ca4.7Cu6.5O15.5,75.0,new,4,2,G:parent-lacks-Cu(SrCa3V4O12); G:anion-ratio--0.39(SrCa3V4O12)
Hg0.8Mo0.2Ba2Cu1O4.4-MP-mp-1232318.cif,Hg0.8Mo0.2Ba2Cu1O4.4,74.0,new,4,2,C:Cu-ox-4.80; G:anion-ratio--0.40(Ba4Cu3MoO12)
Bi2Ca1Cu2Sr2O8.212-MP-mp-1218930-synth_doped.cif,Bi2Ca1Cu2Sr2O8.212,73.0,V45,4,2,C:Cu-ox-5.21; D:duplicate-Tc-0.0..90.6K(n=9)
Bi2Sr1.5Ca1.5Cu2O8.22-MP-mp-1516265.cif,Bi2Sr1.5Ca1.5Cu2O8.22,73.0,new,4,2,C:Cu-ox-5.22; G:anion-ratio--0.33(SrCaCuBiO6)
V0.5Sr2.6Ca5.4Cu7.5O17.3-MP-mp-1218581.cif,V0.5Sr2.6Ca5.4Cu7.5O17.3,73.0,new,4,2,G:parent-lacks-Cu(SrCa3V4O12); G:anion-ratio--0.42(SrCa3V4O12)
Lu1.8Ba0.2Cu1O4-MP-mp-7374.cif,Lu1.8Ba0.2Cu1O4,71.9,new,4,2,C:Cu-ox-7.60; G:anion-ratio-+0.67(Ba(CuO)2)
Gd0.45Ca0.4Hf0.15Ba2Cu3O7.08-MP-mp-1518468.cif,Gd0.45Ca0.4Hf0.15Ba2Cu3O7.08,71.9,new,4,2,G:parent-lacks-Cu(BaCaHf4O12); G:anion-ratio--0.82(BaCaHf4O12)
Cu4.5Sr2Ca3Cr0.5O11.45-MP-mp-1218573.cif,Cu4.5Sr2Ca3Cr0.5O11.45,71.0,new,4,2,G:parent-lacks-Cu(Sr4CaCr5O15); G:anion-ratio--0.35(Sr4CaCr5O15)
Y1Sr2Cu2.8Mo0.2O7.1-MP-mp-1079351.cif,Y1Sr2Cu2.8Mo0.2O7.1,71.0,new,4,2,C:Cu-ox-3.64; G:anion-ratio--0.32(Sr2CuMoO6)
Bi2Ca1Cu2Sr2O8.2135-MP-mp-1218930-synth_doped.cif,Bi2Ca1Cu2Sr2O8.2135,70.0,V45,4,2,C:Cu-ox-5.21; D:duplicate-Tc-0.0..90.6K(n=9)
Bi2Ca1Cu2Sr2O8.214-MP-mp-1218930-synth_doped.cif,Bi2Ca1Cu2Sr2O8.214,70.0,V45,4,2,C:Cu-ox-5.21; D:duplicate-Tc-0.0..90.6K(n=9)
Bi2Ca1Cu2Sr2O8.218-MP-mp-1218930-synth_doped.cif,Bi2Ca1Cu2Sr2O8.218,70.0,V45,4,2,C:Cu-ox-5.22; D:duplicate-Tc-0.0..90.6K(n=9)
Pb0.7Hg0.3Sr4Cu2C1O10-MP-mp-20489.cif,Pb0.7Hg0.3Sr4Cu2C1O10,68.0,new,4,2,C:Cu-ox-6.00; G:parent-lacks-Cu(SrPbO3)
Bi1.7Pb0.3Sr2Ca1Cu2O0.27-MP-mp-1218930.cif,Bi1.7Pb0.3Sr2Ca1Cu2O0.27,67.6,new,4,2,C:Cu-ox--2.73; G:anion-ratio--1.10(Sr2CaCu2(BiO4)2)
Bi2Ca1Cu2Sr2O8.256-MP-mp-1218930-synth_doped.cif,Bi2Ca1Cu2Sr2O8.256,67.2,V45,4,2,C:Cu-ox-5.26; D:duplicate-Tc-0.0..90.0K(n=5)
Bi2Sr1.5Ca1.5Cu2O8.25-MP-mp-1516265.cif,Bi2Sr1.5Ca1.5Cu2O8.25,67.0,new,4,2,C:Cu-ox-5.25; G:anion-ratio--0.32(SrCaCuBiO6)
Hg0.85Mo0.15Sr2Cu1O4-MP-mp-1079351.cif,Hg0.85Mo0.15Sr2Cu1O4,66.0,new,4,2,C:Cu-ox-4.00; G:anion-ratio--0.50(Sr2CuMoO6)
Y1Sr2Cu2.8W0.2O7.2-MP-mp-510294.cif,Y1Sr2Cu2.8W0.2O7.2,66.0,new,4,2,C:Cu-ox-3.71; G:anion-ratio--0.30(Sr2CuWO6)
Cu5.5Sr2Ca4Cr0.5O13.35-MP-mp-1218573.cif,Cu5.5Sr2Ca4Cr0.5O13.35,65.0,new,4,2,G:parent-lacks-Cu(Sr4CaCr5O15); G:anion-ratio--0.39(Sr4CaCr5O15)
Ru0.8Sr2Y1Cu2.2O8.1-MP-mp-22390.cif,Ru0.8Sr2Y1Cu2.2O8.1,65.0,new,4,2,C:Cu-ox-5.55; G:parent-lacks-Cu(SrRuO3)
Cu0.8Mo0.2Sr2Y1Cu2O7.3-MP-mp-1079351.cif,Cu0.8Mo0.2Sr2Y1Cu2O7.3,65.0,new,4,2,C:Cu-ox-3.79; G:anion-ratio--0.28(Sr2CuMoO6)
Ba2Cu1Tl2O6.16-MP-mp-6027-synth_doped.cif,Ba2Cu1Tl2O6.16,64.9,V45,4,2,C:Cu-ox-8.32; D:duplicate-Tc-0.0..64.9K(n=2)
Sr2Tm1Cu3O7.65-MP-mp-3446.cif,Sr2Tm1Cu3O7.65,62.0,new,4,2,C:Cu-ox-3.77; G:parent-lacks-Cu(SrTm2O4)
Sr2Ho1Cu3O-MP-mp-17734.cif,Sr2Ho1Cu3O,62.0,new,4,2,C:Cu-ox--0.67; G:anion-ratio--1.08(SrHo2CuO5)
Sm1Fe1As1F0.6O0.6-MP-mp-4794.cif,Sm1Fe1As1F0.6O0.6,55.0,new,4,2,G:parent-lacks-Fe(Sm2As4O9); G:anion-ratio--1.10(Sm2As4O9)
Y1Sr2Cu2.75W0.25O7.1-MP-mp-510294.cif,Y1Sr2Cu2.75W0.25O7.1,51.0,new,4,2,C:Cu-ox-3.71; G:anion-ratio--0.32(Sr2CuWO6)
Hg1Ba2Cu1O6.932-MP-mp-6562.cif,Hg1Ba2Cu1O6.932,50.0,new,4,2,C:Cu-ox-9.86; G:anion-ratio-+0.73(Ba2CuHgO4)
Hg0.75Mo0.25Sr2Cu1O4-MP-mp-1079351.cif,Hg0.75Mo0.25Sr2Cu1O4,50.0,new,4,2,C:Cu-ox-4.00; G:anion-ratio--0.50(Sr2CuMoO6)
Ho1Fe1As1O0.85-MP-mp-12944.cif,Ho1Fe1As1O0.85,49.1,new,4,2,G:parent-lacks-Fe(HoAsO4); G:anion-ratio--1.72(HoAsO4)
Ba2Cu1Hg1O4.033-MP-mp-6562-synth_doped.cif,Ba2Cu1Hg1O4.033,48.0,V45,4,2,C:Cu-ox-4.07; D:duplicate-Tc-0.0..48.0K(n=2)
Fe0.5Ba1Sr1Er1Cu2.5O7.439-MP-mp-1227774.cif,Fe0.5Ba1Sr1Er1Cu2.5O7.439,47.8,new,4,2,C:Cu-ox-4.35; G:parent-lacks-Cu(BaSrEr4O8)
Hg0.8W0.2Ba2Cu1O4.4-MP-mp-505618.cif,Hg0.8W0.2Ba2Cu1O4.4,45.0,new,4,2,C:Cu-ox-4.80; G:anion-ratio--0.40(Ba2CuWO6)
Y1Sr2Cu2.8W0.2O6.9-MP-mp-510294.cif,Y1Sr2Cu2.8W0.2O6.9,45.0,new,4,2,C:Cu-ox-3.50; G:anion-ratio--0.35(Sr2CuWO6)
Ru0.8Sr2Y1Cu2.2O7.8-MP-mp-22390.cif,Ru0.8Sr2Y1Cu2.2O7.8,43.0,new,4,2,C:Cu-ox-5.27; G:parent-lacks-Cu(SrRuO3)
Y1Sr2Cu2.65Mo0.35O7.4-MP-mp-1079351.cif,Y1Sr2Cu2.65Mo0.35O7.4,43.0,new,4,2,C:Cu-ox-4.08; G:anion-ratio--0.27(Sr2CuMoO6)
Hg0.75Mo0.25Ba2Cu1O4.51-MP-mp-1232318.cif,Hg0.75Mo0.25Ba2Cu1O4.51,40.0,new,4,2,C:Cu-ox-5.02; G:anion-ratio--0.37(Ba4Cu3MoO12)
Eu1Fe2Se2-MP-mp-21009.cif,Eu1Fe2Se2,40.0,new,4,2,G:parent-lacks-Fe(EuSe); G:anion-ratio--0.33(EuSe)
Pb0.6Cu0.4Sr1La1Cu1O5.06-MP-mp-20489.cif,Pb0.6Cu0.4Sr1La1Cu1O5.06,37.7,new,4,2,C:Cu-ox-3.66; G:parent-lacks-Cu(SrPbO3)
Pb0.5Cu0.5Sr0.9La1.1Cu1O5.08-MP-mp-20489.cif,Pb0.5Cu0.5Sr0.9La1.1Cu1O5.08,37.7,new,4,2,C:Cu-ox-3.37; G:parent-lacks-Cu(SrPbO3)
Pb0.6Cu0.4Sr0.9La1.1Cu1O5.06-MP-mp-20489.cif,Pb0.6Cu0.4Sr0.9La1.1Cu1O5.06,37.6,new,4,2,C:Cu-ox-3.59; G:parent-lacks-Cu(SrPbO3)
Tb1Sr2Cu2.7Mo0.3O7.15-MP-mp-1079351.cif,Tb1Sr2Cu2.7Mo0.3O7.15,37.0,new,4,2,C:Cu-ox-3.81; G:anion-ratio--0.31(Sr2CuMoO6)
Pb0.6Cu0.4Sr1La1Cu1O5.09-MP-mp-20489.cif,Pb0.6Cu0.4Sr1La1Cu1O5.09,36.7,new,4,2,C:Cu-ox-3.70; G:parent-lacks-Cu(SrPbO3)
Pb0.5Cu0.5Sr1La1Cu1O5.03-MP-mp-20489.cif,Pb0.5Cu0.5Sr1La1Cu1O5.03,36.7,new,4,2,C:Cu-ox-3.37; G:parent-lacks-Cu(SrPbO3)
Pb0.5Cu0.5Sr1La1Cu1O5.05-MP-mp-20489.cif,Pb0.5Cu0.5Sr1La1Cu1O5.05,36.7,new,4,2,C:Cu-ox-3.40; G:parent-lacks-Cu(SrPbO3)
Fe1Sr2Gd1Cu2O7.58-MP-mp-1218942.cif,Fe1Sr2Gd1Cu2O7.58,36.5,new,4,2,C:Cu-ox-4.08; G:parent-lacks-Cu(Sr2Gd(FeO3)3)
Ba2Cu1Hg1O4.032-MP-mp-6562-synth_doped.cif,Ba2Cu1Hg1O4.032,36.0,V45,4,2,C:Cu-ox-4.06; D:duplicate-Tc-20.0..36.0K(n=2)
Y1.01Ba2.01Cu2.697Fe0.303O-MP-mp-505589.cif,Y1.01Ba2.01Cu2.697Fe0.303O,36.0,new,4,2,C:Cu-ox--0.75; G:anion-ratio--1.08(BaYFeCuO5)
Bi1.6Pb0.4Sr1.6La0.4Cu1O4-MP-mp-686833.cif,Bi1.6Pb0.4Sr1.6La0.4Cu1O4,36.0,new,4,2,C:Cu-ox-3.60; G:anion-ratio--0.40(Sr7LaCu4(BiO3)8)
Hg0.7Mo0.3Sr2Cu1O4-MP-mp-1079351.cif,Hg0.7Mo0.3Sr2Cu1O4,36.0,new,4,2,C:Cu-ox-4.00; G:anion-ratio--0.50(Sr2CuMoO6)
Pb0.6Cu0.4Sr1La1Cu1O5.12-MP-mp-20489.cif,Pb0.6Cu0.4Sr1La1Cu1O5.12,35.9,new,4,2,C:Cu-ox-3.74; G:parent-lacks-Cu(SrPbO3)
Pb0.5Cu0.5Sr0.8La1.2Cu1O5.1-MP-mp-20489.cif,Pb0.5Cu0.5Sr0.8La1.2Cu1O5.1,34.9,new,4,2,C:Cu-ox-3.33; G:parent-lacks-Cu(SrPbO3)
Hg0.85Re0.15Ba2Cu1O4.58-MP-mp-1147523.cif,Hg0.85Re0.15Ba2Cu1O4.58,34.85,new,4,2,C:Cu-ox-5.16; G:anion-ratio--0.35(Ba4Cu3ReO12)
Pb0.6Cu0.4Sr0.8La1.2Cu1O5.11-MP-mp-20489.cif,Pb0.6Cu0.4Sr0.8La1.2Cu1O5.11,34.8,new,4,2,C:Cu-ox-3.59; G:parent-lacks-Cu(SrPbO3)
Tb1Sr2Cu2.69Mo0.31O7-MP-mp-1079351.cif,Tb1Sr2Cu2.69Mo0.31O7,34.5,new,4,2,C:Cu-ox-3.72; G:anion-ratio--0.33(Sr2CuMoO6)
Er1Ba2Cu2.28Co0.18O6.74-MP-mp-18746.cif,Er1Ba2Cu2.28Co0.18O6.74,34.0,new,4,2,C:Cu-ox-4.16; G:parent-lacks-Cu(BaEr2CoO5)
Pb0.6Cu0.4Sr1.1La0.9Cu1O5.07-MP-mp-20489.cif,Pb0.6Cu0.4Sr1.1La0.9Cu1O5.07,33.9,new,4,2,C:Cu-ox-3.74; G:parent-lacks-Cu(SrPbO3)
Bi0Mo0.33Cu2.67Sr2Y1O7.41-MP-mp-1079351.cif,Bi0Mo0.33Cu2.67Sr2Y1O7.41,33.0,new,4,2,C:Cu-ox-4.05; G:anion-ratio--0.26(Sr2CuMoO6)
Cu6.5Sr2Ca5Cr0.5O15.17-MP-mp-1218573.cif,Cu6.5Sr2Ca5Cr0.5O15.17,32.0,new,4,2,G:parent-lacks-Cu(Sr4CaCr5O15); G:anion-ratio--0.42(Sr4CaCr5O15)
Tl1Sr1La1Cu1O8-MP-mp-1218170.cif,Tl1Sr1La1Cu1O8,32.0,new,4,2,C:Cu-ox-11.00; G:anion-ratio-+0.75(SrLaTlCuO5)
Pb0.6Cu0.4Sr1La1Cu1O5.15-MP-mp-20489.cif,Pb0.6Cu0.4Sr1La1Cu1O5.15,32.0,new,4,2,C:Cu-ox-3.79; G:parent-lacks-Cu(SrPbO3)
Pb0.5Cu0.5Sr1La1Cu1O5.1-MP-mp-20489.cif,Pb0.5Cu0.5Sr1La1Cu1O5.1,31.9,new,4,2,C:Cu-ox-3.47; G:parent-lacks-Cu(SrPbO3)
Pb0.6Cu0.4Sr0.9La1.1Cu1O5.18-MP-mp-20489.cif,Pb0.6Cu0.4Sr0.9La1.1Cu1O5.18,31.6,new,4,2,C:Cu-ox-3.76; G:parent-lacks-Cu(SrPbO3)
Pb0.6Cu0.4Sr1.1La0.9Cu1O5.12-MP-mp-20489.cif,Pb0.6Cu0.4Sr1.1La0.9Cu1O5.12,31.0,new,4,2,C:Cu-ox-3.81; G:parent-lacks-Cu(SrPbO3)
Ru0.8Sn0.2Sr2Eu1Cu2O8-MP-mp-22390.cif,Ru0.8Sn0.2Sr2Eu1Cu2O8,30.3,new,4,2,C:Cu-ox-4.50; G:parent-lacks-Cu(SrRuO3)
Ru0.9Sr2Y1Cu2.1O7.9-MP-mp-22390.cif,Ru0.9Sr2Y1Cu2.1O7.9,30.0,new,4,2,C:Cu-ox-5.62; G:parent-lacks-Cu(SrRuO3)
Bi0.132Mo0.198Cu2.67Sr2Y1O7.2-MP-mp-1520951.cif,Bi0.132Mo0.198Cu2.67Sr2Y1O7.2,29.0,new,4,2,C:Cu-ox-3.90; G:anion-ratio--0.30(Sr2CuBiO6)
Y1Sr2Cu2.65Mo0.35O7.2-MP-mp-1079351.cif,Y1Sr2Cu2.65Mo0.35O7.2,29.0,new,4,2,C:Cu-ox-3.92; G:anion-ratio--0.30(Sr2CuMoO6)
Pb0.6Cu0.4Sr0.8La1.2Cu1O5.06-MP-mp-20489.cif,Pb0.6Cu0.4Sr0.8La1.2Cu1O5.06,28.7,new,4,2,C:Cu-ox-3.51; G:parent-lacks-Cu(SrPbO3)
Pb0.5Cu0.5Sr0.9La1.1Cu1O5.16-MP-mp-20489.cif,Pb0.5Cu0.5Sr0.9La1.1Cu1O5.16,28.1,new,4,2,C:Cu-ox-3.48; G:parent-lacks-Cu(SrPbO3)
Pb0.6Cu0.4Sr1.1La0.9Cu1O5.18-MP-mp-20489.cif,Pb0.6Cu0.4Sr1.1La0.9Cu1O5.18,28.0,new,4,2,C:Cu-ox-3.90; G:parent-lacks-Cu(SrPbO3)
Pb0.5Cu0.5Sr1La1Cu1O5.15-MP-mp-20489.cif,Pb0.5Cu0.5Sr1La1Cu1O5.15,28.0,new,4,2,C:Cu-ox-3.53; G:parent-lacks-Cu(SrPbO3)
Pb0.5Cu0.5Sr0.8La1.2Cu1O5.16-MP-mp-20489.cif,Pb0.5Cu0.5Sr0.8La1.2Cu1O5.16,28.0,new,4,2,C:Cu-ox-3.41; G:parent-lacks-Cu(SrPbO3)
Nd1.4Cu1O4-MP-mp-4886.cif,Nd1.4Cu1O4,27.85,new,4,2,C:Cu-ox-3.80; G:anion-ratio-+0.67(NdCuO2)
Pb0.6Cu0.4Sr0.9La1.1Cu1O5.24-MP-mp-20489.cif,Pb0.6Cu0.4Sr0.9La1.1Cu1O5.24,27.8,new,4,2,C:Cu-ox-3.84; G:parent-lacks-Cu(SrPbO3)
Bi2Sr2Dy1.64Ce0.36Cu2O10.26-MP-mp-1208858.cif,Bi2Sr2Dy1.64Ce0.36Cu2O10.26,27.0,new,4,2,C:Cu-ox-7.54; G:parent-lacks-Cu(Sr2DyBiO6)
Pb0.6Cu0.4Sr0.8La1.2Cu1O5.28-MP-mp-20489.cif,Pb0.6Cu0.4Sr0.8La1.2Cu1O5.28,26.65,new,4,2,C:Cu-ox-3.83; G:parent-lacks-Cu(SrPbO3)
Pb0.5Cu0.5Sr0.8La1.2Cu1O5.25-MP-mp-20489.cif,Pb0.5Cu0.5Sr0.8La1.2Cu1O5.25,25.2,new,4,2,C:Cu-ox-3.53; G:parent-lacks-Cu(SrPbO3)
Pb0.6Cu0.4Sr1La1Cu1O5.19-MP-mp-20489.cif,Pb0.6Cu0.4Sr1La1Cu1O5.19,25.1,new,4,2,C:Cu-ox-3.84; G:parent-lacks-Cu(SrPbO3)
Pb0.6Cu0.4Sr1La1Cu1O5.21-MP-mp-20489.cif,Pb0.6Cu0.4Sr1La1Cu1O5.21,25.1,new,4,2,C:Cu-ox-3.87; G:parent-lacks-Cu(SrPbO3)
Pb0.6Cu0.4Sr1.1La0.9Cu1O5.19-MP-mp-20489.cif,Pb0.6Cu0.4Sr1.1La0.9Cu1O5.19,25.0,new,4,2,C:Cu-ox-3.91; G:parent-lacks-Cu(SrPbO3)
Pb0.5Cu0.5Sr0.9La1.1Cu1O5.22-MP-mp-20489.cif,Pb0.5Cu0.5Sr0.9La1.1Cu1O5.22,24.9,new,4,2,C:Cu-ox-3.56; G:parent-lacks-Cu(SrPbO3)
Ru0.6Sn0.4Sr2Eu1Cu2O8-MP-mp-22390.cif,Ru0.6Sn0.4Sr2Eu1Cu2O8,24.2,new,4,2,C:Cu-ox-4.50; G:parent-lacks-Cu(SrRuO3)
Pb0.5Cu0.5Sr1La1Cu1O5.19-MP-mp-20489.cif,Pb0.5Cu0.5Sr1La1Cu1O5.19,24.1,new,4,2,C:Cu-ox-3.59; G:parent-lacks-Cu(SrPbO3)
Al1Sr2Ho0.4Ca0.6Cu2O7-MP-mp-1208627.cif,Al1Sr2Ho0.4Ca0.6Cu2O7,24.0,new,4,2,C:Cu-ox-4.40; G:parent-lacks-Cu(SrHo2Al2O7)
Bi2Sr2Ho1.64Ce0.36Cu2O10.22-MP-mp-1208845.cif,Bi2Sr2Ho1.64Ce0.36Cu2O10.22,24.0,new,4,2,C:Cu-ox-7.50; G:parent-lacks-Cu(Sr2HoBiO6)
Ru0.9Sr2Er1Cu2O7.8-MP-mp-6294.cif,Ru0.9Sr2Er1Cu2O7.8,23.0,new,4,2,C:Cu-ox-5.80; G:parent-lacks-Cu(Sr2ErRuO6)
La1Cu1O4-MP-mp-1077929.cif,La1Cu1O4,23.0,new,4,2,C:Cu-ox-5.00; G:anion-ratio-+0.67(La2CuO4)
Eu1.5Ce0.5Sr2Cu1Ti1O10-MP-mp-1218863.cif,Eu1.5Ce0.5Sr2Cu1Ti1O10,22.0,new,4,2,C:Cu-ox-9.50; G:parent-lacks-Cu(Sr2Ce2Ti5O15)
Bi0.1485Mo0.1815Cu2.67Sr2Y1O7.21-MP-mp-1520951.cif,Bi0.1485Mo0.1815Cu2.67Sr2Y1O7.21,20.6,new,4,2,C:Cu-ox-3.90; G:anion-ratio--0.30(Sr2CuBiO6)
Ba2Cu1Hg1O4.025-MP-mp-6562-synth_doped.cif,Ba2Cu1Hg1O4.025,20.0,V45,4,2,C:Cu-ox-4.05; D:duplicate-Tc-20.0..36.0K(n=2)
Al1Sr2Ho0.5Ca0.5Cu2O7.05-MP-mp-1208627.cif,Al1Sr2Ho0.5Ca0.5Cu2O7.05,18.0,new,4,2,C:Cu-ox-4.55; G:parent-lacks-Cu(SrHo2Al2O7)
La0.75Sr0.25Cu1O4-MP-mp-1218202.cif,La0.75Sr0.25Cu1O4,14.4,new,4,2,C:Cu-ox-5.25; G:anion-ratio-+0.67(SrLaCuO4)
Hg1Ba2Cu0.97Zn0.03O4.032-MP-mp-1229200.cif,Hg1Ba2Cu0.97Zn0.03O4.032,14.0,new,4,3,A:trace-dopant(Zn 0.0037); C:Cu-ox-4.13; E:literature-IQR-14.0K(n=2)
Gd0.51Pr1.34Ce0.15Cu1O1-MP-mp-4181.cif,Gd0.51Pr1.34Ce0.15Cu1O1,12.1,new,4,2,C:Cu-ox--4.15; G:anion-ratio--1.00(Pr2CuO4)
Hg0.75Mo0.25Ba2Cu1O4.59-MP-mp-1232318.cif,Hg0.75Mo0.25Ba2Cu1O4.59,12.0,new,4,2,C:Cu-ox-5.18; G:anion-ratio--0.35(Ba4Cu3MoO12)
Gd1.4Ce0.6Sr2Cu2Ti1O10-MP-mp-1218863.cif,Gd1.4Ce0.6Sr2Cu2Ti1O10,11.0,new,4,2,C:Cu-ox-4.70; G:parent-lacks-Cu(Sr2Ce2Ti5O15)
Bi2Cu1Sr2O6.16-MP-mp-555827-synth_doped.cif,Bi2Cu1Sr2O6.16,10.0,V45,4,2,C:Cu-ox-8.32; D:duplicate-Tc-0.0..10.0K(n=2)
Cu7.5Sr2Ca6Cr0.5O17.1-MP-mp-1218573.cif,Cu7.5Sr2Ca6Cr0.5O17.1,10.0,new,4,2,G:parent-lacks-Cu(Sr4CaCr5O15); G:anion-ratio--0.43(Sr4CaCr5O15)
Nb99.976O0.024-MP-mp-1470.cif,Nb99.976O0.024,9.23,new,4,3,"A:huge-coefficient(max 100, 100 atoms); A:trace-dopant(O 0.0002); G:anion-ratio--2.42(Nb12O29)"
Nb99.861O0.139-MP-mp-1470.cif,Nb99.861O0.139,9.03,new,4,3,"A:huge-coefficient(max 100, 100 atoms); A:trace-dopant(O 0.0014); G:anion-ratio--2.42(Nb12O29)"
Al0.25Fe0.75Se0.85-MP-mp-11674.cif,Al0.25Fe0.75Se0.85,8.5,new,4,2,G:parent-lacks-Fe(Al2Se3); G:anion-ratio--0.65(Al2Se3)
Fe1Sr2Nd1Cu2O7.54-MP-mp-1218798.cif,Fe1Sr2Nd1Cu2O7.54,4.2,new,4,2,C:Cu-ox-4.04; G:parent-lacks-Cu(Sr2Nd(FeO3)3)
Co0.004Ir0.996-MP-mp-101.cif,Co0.004Ir0.996,0.046,new,4,2,A:trace-dopant(Co 0.0040); I:Tc-0.046K(mK?)
Ce0.98La0.02Pt3Si1-MP-mp-1207119-synth_doped.cif,Ce0.98La0.02Pt3Si1,0.03,V45,4,2,A:trace-dopant(La 0.0040); I:Tc-0.030K(mK?)
La1.92Sr0.08Cu0.99Ni0.01O4-MP-mp-1077929.cif,La1.92Sr0.08Cu0.99Ni0.01O4,0.001,new,4,2,A:trace-dopant(Ni 0.0014); I:Tc-0.001K(mK?)
Ba2Cu1Hg1O4.04-MP-mp-6562-synth_doped.cif,Ba2Cu1Hg1O4.04,0.0,V45,4,2,C:Cu-ox-4.08; D:duplicate-Tc-0.0..48.0K(n=2)
Ba2Cu1Tl2O6.164-MP-mp-6027-synth_doped.cif,Ba2Cu1Tl2O6.164,0.0,V45,4,2,C:Cu-ox-8.33; D:duplicate-Tc-0.0..64.9K(n=2)
Bi2Ca1Cu2Sr2O8.217-MP-mp-1218930-synth_doped.cif,Bi2Ca1Cu2Sr2O8.217,0.0,V45,4,2,C:Cu-ox-5.22; D:duplicate-Tc-0.0..90.6K(n=9)
Bi2Ca1Cu2Sr2O8.255-MP-mp-1218930-synth_doped.cif,Bi2Ca1Cu2Sr2O8.255,0.0,V45,4,2,C:Cu-ox-5.26; D:duplicate-Tc-0.0..90.0K(n=5)
Bi2Cu1Sr2O6.17-MP-mp-555827-synth_doped.cif,Bi2Cu1Sr2O6.17,0.0,V45,4,2,C:Cu-ox-8.34; D:duplicate-Tc-0.0..10.0K(n=2)
Eu2.17Ce0.5Sr1.33Cu2Al1O9.11-MP-mp-1218323.cif,Eu2.17Ce0.5Sr1.33Cu2Al1O9.11,0.0,new,4,2,C:Cu-ox-3.52; G:parent-lacks-Cu(SrCeAlO4)
Al1Sr2Ho0.65Ca0.35Cu2O7.01-MP-mp-1208627.cif,Al1Sr2Ho0.65Ca0.35Cu2O7.01,0.0,new,4,2,C:Cu-ox-4.66; G:parent-lacks-Cu(SrHo2Al2O7)
Ca1Fe1As1F0.29H0.71-MP-mp-758814.cif,Ca1Fe1As1F0.29H0.71,0.0,new,4,2,G:parent-lacks-Fe(CaAs2H6F18); G:anion-ratio--7.67(CaAs2H6F18)
Nd2Sr3Cu3B2O12-MP-mp-1173386.cif,Nd2Sr3Cu3B2O12,0.0,new,4,2,C:Cu-ox-4.00; G:anion-ratio--0.30(NdCuO3)
Eu1Ba1Cu1B1O5-MP-mp-1212596.cif,Eu1Ba1Cu1B1O5,0.0,new,4,2,C:Cu-ox-5.00; G:parent-lacks-Cu(Eu2B2O5)
Fe0.5Ba1Sr1Nd1Cu2.5O7.499-MP-mp-1218798.cif,Fe0.5Ba1Sr1Nd1Cu2.5O7.499,0.0,new,4,2,G:parent-lacks-Cu(Sr2Nd(FeO3)3); G:anion-ratio--0.25(Sr2Nd(FeO3)3)
Ti2Ba2Ca1Gd2.25Ce0.75Cu2O14-MP-mp-1521898.cif,Ti2Ba2Ca1Gd2.25Ce0.75Cu2O14,0.0,new,4,2,C:Cu-ox-6.12; G:parent-lacks-Cu(BaCaCeTiO6)
Nd2Ba2Ca1Ce1Ti1.9Cu2.1O14-MP-mp-1521898.cif,Nd2Ba2Ca1Ce1Ti1.9Cu2.1O14,0.0,new,4,2,C:Cu-ox-5.71; G:parent-lacks-Cu(BaCaCeTiO6)
Nd2Ba2Ce1Ti2Cu2O13-MP-mp-6285.cif,Nd2Ba2Ce1Ti2Cu2O13,0.0,new,4,2,C:Cu-ox-6.00; G:parent-lacks-Cu(BaNd2Ti3O10)
La1.8Nd0.2Ba2Ca0.4Cu4.4O7.183-MP-mp-1228590.cif,La1.8Nd0.2Ba2Ca0.4Cu4.4O7.183,0.0,new,4,2,C:Cu-ox-0.81; G:anion-ratio--0.27(Ba3CaLa2Cu6O13)
La1Ba2Cu2.1Co0.9O7.24-MP-mp-1223344.cif,La1Ba2Cu2.1Co0.9O7.24,0.0,new,4,2,C:Cu-ox-3.56; G:anion-ratio--0.29(La3Co2CuO9)
Eu1Ba2Cu2.3Co0.7O7.12-MP-mp-18965.cif,Eu1Ba2Cu2.3Co0.7O7.12,0.0,new,4,2,G:parent-lacks-Cu(BaCoO3); G:anion-ratio--0.31(BaCoO3)
Eu1Ba2Cu2.5Co0.5O7.05-MP-mp-18965.cif,Eu1Ba2Cu2.5Co0.5O7.05,0.0,new,4,2,G:parent-lacks-Cu(BaCoO3); G:anion-ratio--0.32(BaCoO3)
Eu1Ba2Cu2.6Co0.4O7.02-MP-mp-18965.cif,Eu1Ba2Cu2.6Co0.4O7.02,0.0,new,4,2,G:parent-lacks-Cu(BaCoO3); G:anion-ratio--0.33(BaCoO3)
Hg1Ba2Ca2Cu3O1-MP-mp-22601.cif,Hg1Ba2Ca2Cu3O1,0.0,new,4,2,C:Cu-ox--2.00; G:anion-ratio--0.88(Ba2Ca2Cu3HgO8)
Ba4Cu1Na1Cl4O4-MP-mp-1232325.cif,Ba4Cu1Na1Cl4O4,0.0,new,4,2,C:Cu-ox--1.00; G:anion-ratio-+0.33(BaNaCuClO2)
Ho1Ba2Cu3O1-MP-mp-1214501.cif,Ho1Ba2Cu3O1,0.0,new,4,2,C:Cu-ox--0.67; G:anion-ratio--0.96(Ba4Ho(CuO3)3)
Tm1Ba2Cu3O1-MP-mp-1228146.cif,Tm1Ba2Cu3O1,0.0,new,4,2,C:Cu-ox--0.67; G:anion-ratio--0.92(Ba4Tm2Cu6O13)
Y1Ba2Cu3O1-MP-mp-22215.cif,Y1Ba2Cu3O1,0.0,new,4,2,C:Cu-ox--0.67; G:anion-ratio--0.83(Ba2Y(CuO2)3)
Yb1Ba2Cu3O1-MP-mp-772788.cif,Yb1Ba2Cu3O1,0.0,new,4,2,C:Cu-ox--0.67; G:anion-ratio--1.08(Ba2Cu2O5)
Ba2Gd1Ru0.9Cu0.1O6-MP-mp-2646935.cif,Ba2Gd1Ru0.9Cu0.1O6,0.0,new,4,2,C:Cu-ox-50.00; G:parent-lacks-Cu(Ba2GdRuO6)
Bi0.1155Mo0.2145Cu2.67Sr2Y1O7.25-MP-mp-1520951.cif,Bi0.1155Mo0.2145Cu2.67Sr2Y1O7.25,0.0,new,4,2,C:Cu-ox-3.93; G:anion-ratio--0.29(Sr2CuBiO6)
Bi0.165Mo0.165Cu2.67Sr2Y1O7.21-MP-mp-1520951.cif,Bi0.165Mo0.165Cu2.67Sr2Y1O7.21,0.0,new,4,2,C:Cu-ox-3.90; G:anion-ratio--0.30(Sr2CuBiO6)
Bi0.198Mo0.132Cu2.67Sr2Y1O7.18-MP-mp-1520951.cif,Bi0.198Mo0.132Cu2.67Sr2Y1O7.18,0.0,new,4,2,C:Cu-ox-3.88; G:anion-ratio--0.30(Sr2CuBiO6)
Bi0.33Hg0.67Sr2Ca1Cu2O7-MP-mp-1516265.cif,Bi0.33Hg0.67Sr2Ca1Cu2O7,0.0,new,4,2,C:Cu-ox-4.00; G:anion-ratio--0.33(SrCaCuBiO6)
Bi0.264Mo0.066Cu2.67Sr2Y1O7.09-MP-mp-1520951.cif,Bi0.264Mo0.066Cu2.67Sr2Y1O7.09,0.0,new,4,2,C:Cu-ox-3.81; G:anion-ratio--0.32(Sr2CuBiO6)
Bi2Sr2Cu1O6O6-MP-mp-555827.cif,Bi2Sr2Cu1O6O6,0.0,new,4,2,C:Cu-ox-20.00; G:anion-ratio-+1.20(Sr2Cu(BiO3)2)
Bi2Sr2Er1.64Ce0.36Cu2O10.21-MP-mp-1208875.cif,Bi2Sr2Er1.64Ce0.36Cu2O10.21,0.0,new,4,2,C:Cu-ox-7.49; G:parent-lacks-Cu(Sr2ErBiO6)
Bi2Sr2Tm1.64Ce0.36Cu2O10.2-MP-mp-1208751.cif,Bi2Sr2Tm1.64Ce0.36Cu2O10.2,0.0,new,4,2,C:Cu-ox-7.48; G:parent-lacks-Cu(Sr2TmBiO6)
C1Ca3Cu2O7-MP-mp-1232312.cif,C1Ca3Cu2O7,0.0,new,4,2,C:Cu-ox-4.00; G:anion-ratio-+0.77(Ca2Cu(CO)2)
Y0.6Ca0.4Sr2Cu2Ga1O0.92-MP-mp-1218712.cif,Y0.6Ca0.4Sr2Cu2Ga1O0.92,0.0,new,4,2,C:Cu-ox--1.48; G:anion-ratio--1.01(Sr6CaY2Ga3(Cu2O7)3)
Ca0.86Sr0.14Cu1O4-MP-mp-1218361.cif,Ca0.86Sr0.14Cu1O4,0.0,new,4,2,C:Cu-ox-6.00; G:anion-ratio-+1.00(SrCaCuO3)
Cu8.5Sr2Ca7Cr0.5O19.05-MP-mp-1218573.cif,Cu8.5Sr2Ca7Cr0.5O19.05,0.0,new,4,2,G:parent-lacks-Cu(Sr4CaCr5O15); G:anion-ratio--0.44(Sr4CaCr5O15)
Cu9.5Sr2Ca8Cr0.5O21.05-MP-mp-1218573.cif,Cu9.5Sr2Ca8Cr0.5O21.05,0.0,new,4,2,G:parent-lacks-Cu(Sr4CaCr5O15); G:anion-ratio--0.45(Sr4CaCr5O15)
Ru1Sr2Ho1.5Ce0.5Cu2O10-MP-mp-6676.cif,Ru1Sr2Ho1.5Ce0.5Cu2O10,0.0,new,4,2,C:Cu-ox-7.00; G:parent-lacks-Cu(Sr2HoRuO6)
Eu2.17Ce0.5Sr1.33Cu2Fe1O9.43-MP-mp-2898735.cif,Eu2.17Ce0.5Sr1.33Cu2Fe1O9.43,0.0,new,4,2,C:Cu-ox-3.84; G:parent-lacks-Cu(SrEu2Fe2O7)
Eu2.17Ce0.5Sr1.33Cu2.25Fe0.75O9.41-MP-mp-2898735.cif,Eu2.17Ce0.5Sr1.33Cu2.25Fe0.75O9.41,0.0,new,4,2,C:Cu-ox-3.40; G:parent-lacks-Cu(SrEu2Fe2O7)
Mo1Sr2Er1.5Ce1Cu2O10-MP-mp-18744.cif,Mo1Sr2Er1.5Ce1Cu2O10,0.0,new,4,2,C:Cu-ox-6.00; G:parent-lacks-Cu(Sr2ErMoO6)
Mo1Sr2Y1.5Ce1Cu2O10-MP-mp-1047328.cif,Mo1Sr2Y1.5Ce1Cu2O10,0.0,new,4,2,C:Cu-ox-6.00; G:parent-lacks-Cu(Sr2YMo2O7)
Sr2Cu1Cl1.2O4.-MP-mp-1147538.cif,Sr2Cu1Cl1.2O4.,0.0,new,4,2,C:Cu-ox-4.00; G:anion-ratio-+0.40(Sr2Cu(ClO)2)
La1.45Sr0.55Cu0.6Co0.4O4-MP-mp-1274114.cif,La1.45Sr0.55Cu0.6Co0.4O4,0.0,new,4,2,C:Cu-ox-4.25; G:parent-lacks-Cu(SrLaCoO4)
La1.25Sr0.75Cu0.4Co0.6O4-MP-mp-1274114.cif,La1.25Sr0.75Cu0.4Co0.6O4,0.0,new,4,2,C:Cu-ox-6.88; G:parent-lacks-Cu(SrLaCoO4)
LaCsCuO-MP-mp-1077929.cif,LaCsCuO,0.0,new,4,2,C:Cu-ox--1.00; G:anion-ratio--1.00(La2CuO4)
Ru1Sr2Dy1Cu2O8-MP-mp-22390.cif,Ru1Sr2Dy1Cu2O8,0.0,new,4,2,C:Cu-ox-6.00; G:parent-lacks-Cu(SrRuO3)
Ru1Sr2Er1Cu2O8-MP-mp-6294.cif,Ru1Sr2Er1Cu2O8,0.0,new,4,2,C:Cu-ox-6.00; G:parent-lacks-Cu(Sr2ErRuO6)
Ru1Sr2Tb1Cu2O8-MP-mp-22390.cif,Ru1Sr2Tb1Cu2O8,0.0,new,4,2,C:Cu-ox-6.00; G:parent-lacks-Cu(SrRuO3)
Ru0.9Sr2Ho1Cu2O7.8-MP-mp-6676.cif,Ru0.9Sr2Ho1Cu2O7.8,0.0,new,4,2,C:Cu-ox-5.80; G:parent-lacks-Cu(Sr2HoRuO6)
La0.8Sr0.2Cu0.9Fe0.1O4-MP-mp-1218202.cif,La0.8Sr0.2Cu0.9Fe0.1O4,0.0,new,4,2,C:Cu-ox-5.78; G:anion-ratio-+0.67(SrLaCuO4)
Sr2Sm2Cu2F1O5-MP-mp-1025280.cif,Sr2Sm2Cu2F1O5,0.0,new,4,2,C:Cu-ox--0.00; G:anion-ratio--0.33(Sr2Cu(OF)2)
Tb1Sr2Cu2.7Mo0.3O7.12-MP-mp-1079351.cif,Tb1Sr2Cu2.7Mo0.3O7.12,0.0,new,4,2,C:Cu-ox-3.79; G:anion-ratio--0.31(Sr2CuMoO6)
La2Cu1O-MP-mp-1077929.cif,La2Cu1O,0.0,new,4,2,C:Cu-ox--4.00; G:anion-ratio--1.00(La2CuO4)
Y1Sr2Cu2.75Ge0.25O-MP-mp-985569.cif,Y1Sr2Cu2.75Ge0.25O,0.0,new,4,2,C:Cu-ox--0.73; G:anion-ratio--1.00(Sr2YCu3O7)
Co0.8Cu0.2Cr2O4-MP-mp-20758.cif,Co0.8Cu0.2Cr2O4,0.0,new,4,2,C:Cu-ox-40.00; G:parent-lacks-Cu(Cr2CoO4)
Cu2MnBO5-MP-mp-28943.cif,Cu2MnBO5,0.0,new,4,2,C:Cu-ox-5.00; G:parent-lacks-Cu(Mn2BO4)
La0.7Sr0.3Mn0.95Cu0.05O3-MP-mp-691121.cif,La0.7Sr0.3Mn0.95Cu0.05O3,0.0,new,4,2,C:Cu-ox-66.00; G:parent-lacks-Cu(Sr3La5Mn8O24)
La0.7Ca0.3Mn0.94Cu0.06O3-MP-mp-1227500.cif,La0.7Ca0.3Mn0.94Cu0.06O3,0.0,new,4,2,C:Cu-ox-55.00; G:parent-lacks-Cu(CaLa2Mn3O9)
Co2.88Cu0.12BO5-MP-mp-542153.cif,Co2.88Cu0.12BO5,0.0,new,4,2,C:Cu-ox-83.33; G:parent-lacks-Cu(Co3BO5)
Zn0.2Cu0.8FeCrO4-MP-mp-1215741.cif,Zn0.2Cu0.8FeCrO4,0.0,new,4,2,C:Cu-ox-9.50; G:parent-lacks-Cu(Zn2Cr3FeO8)
Zn0.4Cu0.6FeCrO4-MP-mp-1215741.cif,Zn0.4Cu0.6FeCrO4,0.0,new,4,2,C:Cu-ox-12.00; G:parent-lacks-Cu(Zn2Cr3FeO8)
Zn0.6Cu0.4FeCrO4-MP-mp-1215741.cif,Zn0.6Cu0.4FeCrO4,0.0,new,4,2,C:Cu-ox-17.00; G:parent-lacks-Cu(Zn2Cr3FeO8)
Zn0.8Cu0.2FeCrO4-MP-mp-1215793.cif,Zn0.8Cu0.2FeCrO4,0.0,new,4,2,C:Cu-ox-32.00; G:parent-lacks-Cu(ZnCrFeO4)
Zn0.3Cu0.7Fe1.5Ga0.5O4-MP-mp-1215743.cif,Zn0.3Cu0.7Fe1.5Ga0.5O4,0.0,new,4,2,C:Cu-ox-10.57; G:parent-lacks-Cu(ZnGaFeO4)
La0.6Bi0.1Sr0.25Ca0.05Mn0.9Cu0.1O3-MP-mp-39412.cif,La0.6Bi0.1Sr0.25Ca0.05Mn0.9Cu0.1O3,0.0,new,4,2,C:Cu-ox-36.00; G:parent-lacks-Cu(SrLaMn2O6)
YMn0.9Cu0.1O3-MP-mp-19385.cif,YMn0.9Cu0.1O3,0.0,new,4,2,C:Cu-ox-60.00; G:parent-lacks-Cu(YMnO3)
YMn0.95Cu0.05O3-MP-mp-19385.cif,YMn0.95Cu0.05O3,0.0,new,4,2,C:Cu-ox-120.00; G:parent-lacks-Cu(YMnO3)
YMn0.85Cu0.15O3-MP-mp-19385.cif,YMn0.85Cu0.15O3,0.0,new,4,2,C:Cu-ox-40.00; G:parent-lacks-Cu(YMnO3)
Cu0.3Zn0.7Fe2O4-MP-mp-19313.cif,Cu0.3Zn0.7Fe2O4,0.0,new,4,2,C:Cu-ox-22.00; G:parent-lacks-Cu(Zn(FeO2)2)
Cu0.2Zn0.8Fe2O4-MP-mp-19313.cif,Cu0.2Zn0.8Fe2O4,0.0,new,4,2,C:Cu-ox-32.00; G:parent-lacks-Cu(Zn(FeO2)2)
Ni0.20Cu0.20Zn0.60Fe2O4-MP-mp-757326.cif,Ni0.20Cu0.20Zn0.60Fe2O4,0.0,new,4,2,C:Cu-ox-32.00; G:parent-lacks-Cu(Zn2Fe7O12)
Ni0.20Cu0.20Zn0.62Fe1.98O3.99-MP-mp-757326.cif,Ni0.20Cu0.20Zn0.62Fe1.98O3.99,0.0,new,4,2,C:Cu-ox-31.70; G:parent-lacks-Cu(Zn2Fe7O12)
Ni0.20Cu0.20Zn0.66Fe1.94O3.97-MP-mp-757326.cif,Ni0.20Cu0.20Zn0.66Fe1.94O3.97,0.0,new,4,2,C:Cu-ox-31.10; G:parent-lacks-Cu(Zn2Fe7O12)
Mg0.5Cu0.5Cr0.5Fe1.5O4-MP-mp-1222216.cif,Mg0.5Cu0.5Cr0.5Fe1.5O4,0.0,new,4,2,C:Cu-ox-16.00; G:parent-lacks-Cu(Mg3Cr8FeO16)
SrFe11.8Cu0.2O19-MP-mp-3742.cif,SrFe11.8Cu0.2O19,0.0,new,4,2,C:Cu-ox-180.00; G:parent-lacks-Cu(SrFe12O19)
SrFe11.7Cu0.3O19-MP-mp-3742.cif,SrFe11.7Cu0.3O19,0.0,new,4,2,C:Cu-ox-120.00; G:parent-lacks-Cu(SrFe12O19)
Sr0.8La0.2Fe11.8Cu0.2O19-MP-mp-3742.cif,Sr0.8La0.2Fe11.8Cu0.2O19,0.0,new,4,2,C:Cu-ox-179.00; G:parent-lacks-Cu(SrFe12O19)
Sr0.7La0.3Fe11.7Cu0.3O19-MP-mp-3742.cif,Sr0.7La0.3Fe11.7Cu0.3O19,0.0,new,4,2,C:Cu-ox-119.00; G:parent-lacks-Cu(SrFe12O19)
Cu0.25Zn0.75Fe2O4-MP-mp-19313.cif,Cu0.25Zn0.75Fe2O4,0.0,new,4,2,C:Cu-ox-26.00; G:parent-lacks-Cu(Zn(FeO2)2)
NiFe1.8Sn0.1Cu0.1O4-MP-mp-35596.cif,NiFe1.8Sn0.1Cu0.1O4,0.0,new,4,2,C:Cu-ox-60.00; G:parent-lacks-Cu(Fe2NiO4)
La0.9Ca0.1Mn0.9Cu0.1O3-MP-mp-531717.cif,La0.9Ca0.1Mn0.9Cu0.1O3,0.0,new,4,2,C:Cu-ox-31.00; G:parent-lacks-Cu(La5Mn5O16)
Ca3CuRuO6-MP-mp-6036.cif,Ca3CuRuO6,0.0,new,4,2,C:Cu-ox-6.00; G:anion-ratio--0.30(CaCu3(RuO3)4)
CaCu3Cr2Nb2O12-MP-mp-1214115.cif,CaCu3Cr2Nb2O12,0.0,new,4,2,C:Cu-ox-7.33; G:parent-lacks-Cu(Ca2NbCrO6)
Cu2NiB2O6-MP-mp-1210020.cif,Cu2NiB2O6,0.0,new,4,2,C:Cu-ox-5.00; G:parent-lacks-Cu(Ni3BO5)
ErFeCuGe4O12-MP-mp-1213525.cif,ErFeCuGe4O12,0.0,new,4,2,C:Cu-ox-24.00; G:parent-lacks-Cu(ErFeGe2O7)
Ni0.52Zn0.4Cu0.1Fe1.98O4-MP-mp-1215616.cif,Ni0.52Zn0.4Cu0.1Fe1.98O4,0.0,new,4,2,C:Cu-ox-61.60; G:parent-lacks-Cu(ZnFe4NiO8)
LiCuBiO4-MP-mp-1147633.cif,LiCuBiO4,0.0,new,4,2,C:Cu-ox-7.00; G:anion-ratio-+0.33(LiCu2BiO4)
Na4CuTeO6-MP-mp-1199423.cif,Na4CuTeO6,0.0,new,4,2,C:Cu-ox-8.00; G:anion-ratio--4.80(Na4CuTe2O29)
Nd0.67Ba0.33Mn0.9Cu0.1O3-MP-mp-22571.cif,Nd0.67Ba0.33Mn0.9Cu0.1O3,0.0,new,4,2,C:Cu-ox-33.30; G:parent-lacks-Cu(BaNdMn2O6)
Ni0.37Cu0.14Zn0.52Fe2O4-MP-mp-1215616.cif,Ni0.37Cu0.14Zn0.52Fe2O4,0.0,new,4,2,C:Cu-ox-44.43; G:parent-lacks-Cu(ZnFe4NiO8)
Ni0.5Cu0.2Zn0.3Fe2O4-MP-mp-1215616.cif,Ni0.5Cu0.2Zn0.3Fe2O4,0.0,new,4,2,C:Cu-ox-32.00; G:parent-lacks-Cu(ZnFe4NiO8)
RuSr2YCu2O8-MP-mp-22390.cif,RuSr2YCu2O8,0.0,new,4,2,C:Cu-ox-6.00; G:parent-lacks-Cu(SrRuO3)
Sr2CuIrO6-MP-mp-1193907.cif,Sr2CuIrO6,0.0,new,4,2,C:Cu-ox-8.00; G:parent-lacks-Cu(SrIrO3)
Y2Ir1.9Cu0.1O7-MP-mp-1191749.cif,Y2Ir1.9Cu0.1O7,0.0,new,4,2,C:Cu-ox-140.00; G:parent-lacks-Cu(Y2Ir2O7)
Y2Ir1.8Cu0.2O7-MP-mp-1191749.cif,Y2Ir1.8Cu0.2O7,0.0,new,4,2,C:Cu-ox-70.00; G:parent-lacks-Cu(Y2Ir2O7)
Y2Ir1.7Cu0.3O7-MP-mp-1191749.cif,Y2Ir1.7Cu0.3O7,0.0,new,4,2,C:Cu-ox-46.67; G:parent-lacks-Cu(Y2Ir2O7)
Y2Ir1.6Cu0.4O7-MP-mp-1191749.cif,Y2Ir1.6Cu0.4O7,0.0,new,4,2,C:Cu-ox-35.00; G:parent-lacks-Cu(Y2Ir2O7)
EuSr2RuCu2O8-MP-mp-22390.cif,EuSr2RuCu2O8,0.0,new,4,2,C:Cu-ox-4.50; G:parent-lacks-Cu(SrRuO3)
Ti0.95Cu0.05O2-MP-mp-390.cif,Ti0.95Cu0.05O2,0.0,new,4,2,C:Cu-ox-80.00; G:parent-lacks-Cu(TiO2)
HgBa2Ca4Cu5O8-MP-icsd-80718.cif,HgBa2Ca4Cu5O8,0.0,new,4,2,C:Cu-ox-0.80; G:anion-ratio--0.40(Ba2Ca2Cu3Hg1O8.5)
La0.5Ba0.5Co0.9Cu0.1O3-MP-mp-20477.cif,La0.5Ba0.5Co0.9Cu0.1O3,0.0,new,4,2,C:Cu-ox-35.00; G:parent-lacks-Cu(BaLa(CoO3)2)
La0.7Ca0.3Mn0.95Cu0.05O3-MP-mp-1227500.cif,La0.7Ca0.3Mn0.95Cu0.05O3,0.0,new,4,2,C:Cu-ox-66.00; G:parent-lacks-Cu(CaLa2Mn3O9)
Nd0.5Sr0.5Mn0.9Cu0.1O3-MP-mp-1218102.cif,Nd0.5Sr0.5Mn0.9Cu0.1O3,0.0,new,4,2,C:Cu-ox-35.00; G:parent-lacks-Cu(SrNdMn2O6)
La0.7Ca0.3Mn0.85Cu0.15O3-MP-mp-39689.cif,La0.7Ca0.3Mn0.85Cu0.15O3,0.0,new,4,2,C:Cu-ox-22.00; G:parent-lacks-Cu(CaLaMn2O6)
Mg0.2Cu0.3Zn0.5Fe2O4-MP-mp-757326.cif,Mg0.2Cu0.3Zn0.5Fe2O4,0.0,new,4,2,C:Cu-ox-23.33; G:parent-lacks-Cu(Zn2Fe7O12)
RuSr2SmCu2O8-MP-mp-22390.cif,RuSr2SmCu2O8,0.0,new,4,2,C:Cu-ox-4.50; G:parent-lacks-Cu(SrRuO3)
TbSr2Cu2.69Mo0.31O6.97-MP-mp-1079351.cif,TbSr2Cu2.69Mo0.31O6.97,0.0,new,4,2,C:Cu-ox-3.70; G:anion-ratio--0.34(Sr2CuMoO6)
Ni0.75Zn0.2Cu0.05Fe2O4-MP-mp-1198303.cif,Ni0.75Zn0.2Cu0.05Fe2O4,0.0,new,4,2,C:Cu-ox-122.00; G:parent-lacks-Cu(ZnFe16Ni7O32)
Ni0.65Zn0.2Cu0.15Fe2O4-MP-mp-1203466.cif,Ni0.65Zn0.2Cu0.15Fe2O4,0.0,new,4,2,C:Cu-ox-42.00; G:parent-lacks-Cu(ZnFe8Ni3O16)
Ni0.55Zn0.2Cu0.25Fe2O4-MP-mp-1215616.cif,Ni0.55Zn0.2Cu0.25Fe2O4,0.0,new,4,2,C:Cu-ox-26.00; G:parent-lacks-Cu(ZnFe4NiO8)
Cu0.2Zn0.2Ni0.6Fe2O4-MP-mp-1215616.cif,Cu0.2Zn0.2Ni0.6Fe2O4,0.0,new,4,2,C:Cu-ox-32.00; G:parent-lacks-Cu(ZnFe4NiO8)
La0.6Bi0.1Sr0.15Ca0.15Mn0.9Cu0.1O3-MP-mp-691121.cif,La0.6Bi0.1Sr0.15Ca0.15Mn0.9Cu0.1O3,0.0,new,4,2,C:Cu-ox-36.00; G:parent-lacks-Cu(Sr3La5Mn8O24)
La0.7Sr0.25Na0.05Mn0.95Cu0.05O3-MP-mp-1218257.cif,La0.7Sr0.25Na0.05Mn0.95Cu0.05O3,0.0,new,4,2,C:Cu-ox-67.00; G:parent-lacks-Cu(SrLa3Mn4O12)
Ni0.5Cu0.25Zn0.25Fe2O4-MP-mp-1215616.cif,Ni0.5Cu0.25Zn0.25Fe2O4,0.0,new,4,2,C:Cu-ox-26.00; G:parent-lacks-Cu(ZnFe4NiO8)
Co0.7Cu0.6Mn1.7O4-MP-mp-770859.cif,Co0.7Cu0.6Mn1.7O4,0.0,new,4,2,C:Cu-ox-13.33; G:anion-ratio--0.67(Mn3Co3(CuO8)2)
Co0.9Cu0.6Mn1.5O4-MP-mp-770859.cif,Co0.9Cu0.6Mn1.5O4,0.0,new,4,2,C:Cu-ox-13.33; G:anion-ratio--0.67(Mn3Co3(CuO8)2)
Sr2Pd0.8Cu0.2O3-MP-mp-4359.cif,Sr2Pd0.8Cu0.2O3,0.0,new,4,2,C:Cu-ox-10.00; G:parent-lacks-Cu(Sr2PdO3)
Zn0.7Ni0.2Cu0.1Fe2O4-MP-mp-19313.cif,Zn0.7Ni0.2Cu0.1Fe2O4,0.0,new,4,2,C:Cu-ox-62.00; G:parent-lacks-Cu(Zn(FeO2)2)
Zn0.7Ni0.1Cu0.2Fe2O4-MP-mp-19313.cif,Zn0.7Ni0.1Cu0.2Fe2O4,0.0,new,4,2,C:Cu-ox-32.00; G:parent-lacks-Cu(Zn(FeO2)2)
Zn0.68Ni0.12Cu0.2Fe2O4-MP-mp-757326.cif,Zn0.68Ni0.12Cu0.2Fe2O4,0.0,new,4,2,C:Cu-ox-32.00; G:parent-lacks-Cu(Zn2Fe7O12)
Zn0.56Ni0.24Cu0.2Fe2O4-MP-mp-757326.cif,Zn0.56Ni0.24Cu0.2Fe2O4,0.0,new,4,2,C:Cu-ox-32.00; G:parent-lacks-Cu(Zn2Fe7O12)
Zn0.52Ni0.28Cu0.2Fe2O4-MP-mp-757326.cif,Zn0.52Ni0.28Cu0.2Fe2O4,0.0,new,4,2,C:Cu-ox-32.00; G:parent-lacks-Cu(Zn2Fe7O12)
CaMn0.9Cu0.1O3-MP-mp-19201.cif,CaMn0.9Cu0.1O3,0.0,new,4,2,C:Cu-ox-40.00; G:parent-lacks-Cu(CaMnO3)
CaMn0.8Cu0.2O3-MP-mp-19201.cif,CaMn0.8Cu0.2O3,0.0,new,4,2,C:Cu-ox-20.00; G:parent-lacks-Cu(CaMnO3)
CuFe0.6Cr1.4O4-MP-mp-1104680.cif,CuFe0.6Cr1.4O4,0.0,new,4,2,C:Cu-ox-8.00; G:parent-lacks-Cu(Cr2FeO4)
Nd0.5Sr0.5Mn0.96Cu0.04O3-MP-mp-1218102.cif,Nd0.5Sr0.5Mn0.96Cu0.04O3,0.0,new,4,2,C:Cu-ox-87.50; G:parent-lacks-Cu(SrNdMn2O6)
Nd0.5Sr0.5Mn0.93Cu0.07O3-MP-mp-1218102.cif,Nd0.5Sr0.5Mn0.93Cu0.07O3,0.0,new,4,2,C:Cu-ox-50.00; G:parent-lacks-Cu(SrNdMn2O6)
Nd0.5Sr0.5Mn0.97Cu0.03O3-MP-mp-1218102.cif,Nd0.5Sr0.5Mn0.97Cu0.03O3,0.0,new,4,2,C:Cu-ox-116.67; G:parent-lacks-Cu(SrNdMn2O6)
Nd0.5Sr0.5Mn0.95Cu0.05O3-MP-mp-1218102.cif,Nd0.5Sr0.5Mn0.95Cu0.05O3,0.0,new,4,2,C:Cu-ox-70.00; G:parent-lacks-Cu(SrNdMn2O6)
Ni0.5Cu0.05Mg0.09Zn0.36Fe2O4-MP-mp-1215616.cif,Ni0.5Cu0.05Mg0.09Zn0.36Fe2O4,0.0,new,4,2,C:Cu-ox-125.60; G:parent-lacks-Cu(ZnFe4NiO8)
Ni0.5Cu0.05Mg0.18Zn0.27Fe2O4-MP-mp-1215616.cif,Ni0.5Cu0.05Mg0.18Zn0.27Fe2O4,0.0,new,4,2,C:Cu-ox-129.20; G:parent-lacks-Cu(ZnFe4NiO8)
Ni0.5Cu0.05Mg0.27Zn0.18Fe2O4-MP-mp-1221969.cif,Ni0.5Cu0.05Mg0.27Zn0.18Fe2O4,0.0,new,4,2,C:Cu-ox-132.80; G:parent-lacks-Cu(MgFe4NiO8)
Ni0.5Cu0.05Mg0.36Zn0.09Fe2O4-MP-mp-1221969.cif,Ni0.5Cu0.05Mg0.36Zn0.09Fe2O4,0.0,new,4,2,C:Cu-ox-136.40; G:parent-lacks-Cu(MgFe4NiO8)
Ni0.5Cu0.05Mg0.45Zn0Fe2O4-MP-mp-1221969.cif,Ni0.5Cu0.05Mg0.45Zn0Fe2O4,0.0,new,4,2,C:Cu-ox-140.00; G:parent-lacks-Cu(MgFe4NiO8)
Ni0.9Cu0.1Fe2O4-MP-mp-35596.cif,Ni0.9Cu0.1Fe2O4,0.0,new,4,2,C:Cu-ox-62.00; G:parent-lacks-Cu(Fe2NiO4)
Ni0.7Cu0.3Fe2O4-MP-mp-35596.cif,Ni0.7Cu0.3Fe2O4,0.0,new,4,2,C:Cu-ox-22.00; G:parent-lacks-Cu(Fe2NiO4)
SrRu0.9Cu0.1O3-MP-mp-22390.cif,SrRu0.9Cu0.1O3,0.0,new,4,2,C:Cu-ox-40.00; G:parent-lacks-Cu(SrRuO3)
SrRu0.8Cu0.2O3-MP-mp-22390.cif,SrRu0.8Cu0.2O3,0.0,new,4,2,C:Cu-ox-20.00; G:parent-lacks-Cu(SrRuO3)
SrRu0.7Cu0.3O3-MP-mp-22390.cif,SrRu0.7Cu0.3O3,0.0,new,4,2,C:Cu-ox-13.33; G:parent-lacks-Cu(SrRuO3)
(La2MnCoO6)0.8(CaCu3Ti4O12)0.2-MP-mp-744380.cif,(La2MnCoO6)0.8(CaCu3Ti4O12)0.2,0.0,new,4,2,C:Cu-ox-15.33; G:parent-lacks-Cu(Ca9LaTi4Mn6O30)
(La2MnCoO6)0.5(CaCu3Ti4O12)0.5-MP-mp-694916.cif,(La2MnCoO6)0.5(CaCu3Ti4O12)0.5,0.0,new,4,2,C:Cu-ox-9.33; G:parent-lacks-Cu(Ca9LaTi8Mn2O30)
(La2MnCoO6)0.2(CaCu3Ti4O12)0.8-MP-mp-40866.cif,(La2MnCoO6)0.2(CaCu3Ti4O12)0.8,0.0,new,4,2,C:Cu-ox-7.83; G:parent-lacks-Cu(CaLaTiMnO6)
(Sm0.58Y0.42)2CuO4-MP-mp-13695.cif,(Sm0.58Y0.42)2CuO4,0.0,new,4,2,C:Cu-ox-4.52; G:anion-ratio-+0.33(SmCuO2)
(Co0.2Cu0.2Mg0.2Ni0.2Zn0.2)O-MP-mp-1032645.cif,(Co0.2Cu0.2Mg0.2Ni0.2Zn0.2)O,0.0,new,4,2,C:Cu-ox-6.00; G:parent-lacks-Cu(Mg6ZnNiO8)
Cu3(LiFeSb)O6-MP-mp-764385.cif,Cu3(LiFeSb)O6,0.0,new,4,2,C:Cu-ox-3.67; G:anion-ratio--0.33(Li4Fe3Cu3(SbO8)2)
La0.7Ca0.3Mn0.96Cu0.04O3-MP-mp-1227500.cif,La0.7Ca0.3Mn0.96Cu0.04O3,0.0,new,4,2,C:Cu-ox-82.50; G:parent-lacks-Cu(CaLa2Mn3O9)
Bi1.5Sb1.5Cu0.5Mn0.5O7-MP-mp-1221942.cif,Bi1.5Sb1.5Cu0.5Mn0.5O7,0.0,new,4,2,C:Cu-ox-28.00; G:parent-lacks-Cu(Mn2Bi3Sb3O14)
Co0.75Cu0.25Fe2O4-MP-mp-753222.cif,Co0.75Cu0.25Fe2O4,0.0,new,4,2,C:Cu-ox-32.00; G:parent-lacks-Cu(Fe2CoO4)
In2Fe2CuO7-MP-mp-21094.cif,In2Fe2CuO7,0.0,new,4,2,C:Cu-ox-14.00; G:parent-lacks-Cu(InFeO3)
In2Fe1.75Ga0.25CuO7-MP-mp-8098.cif,In2Fe1.75Ga0.25CuO7,0.0,new,4,2,C:Cu-ox-14.00; G:parent-lacks-Cu(InGaO3)
In2Fe1.5Ga0.5CuO7-MP-mp-8098.cif,In2Fe1.5Ga0.5CuO7,0.0,new,4,2,C:Cu-ox-14.00; G:parent-lacks-Cu(InGaO3)
In2Fe1.25Ga0.75CuO7-MP-mp-8098.cif,In2Fe1.25Ga0.75CuO7,0.0,new,4,2,C:Cu-ox-14.00; G:parent-lacks-Cu(InGaO3)
In2Fe1Ga1CuO7-MP-mp-8098.cif,In2Fe1Ga1CuO7,0.0,new,4,2,C:Cu-ox-14.00; G:parent-lacks-Cu(InGaO3)
In2Fe0.75Ga1.25CuO7-MP-mp-8098.cif,In2Fe0.75Ga1.25CuO7,0.0,new,4,2,C:Cu-ox-14.00; G:parent-lacks-Cu(InGaO3)
In2Fe0.5Ga1.5CuO7-MP-mp-8098.cif,In2Fe0.5Ga1.5CuO7,0.0,new,4,2,C:Cu-ox-14.00; G:parent-lacks-Cu(InGaO3)
In2Fe0.25Ga1.75CuO7-MP-mp-8098.cif,In2Fe0.25Ga1.75CuO7,0.0,new,4,2,C:Cu-ox-14.00; G:parent-lacks-Cu(InGaO3)
In2Ga2CuO7-MP-mp-8098.cif,In2Ga2CuO7,0.0,new,4,2,C:Cu-ox-14.00; G:parent-lacks-Cu(InGaO3)
Cs2Cu2Fe(PO4)3-MP-mp-20113.cif,Cs2Cu2Fe(PO4)3,0.0,new,4,2,C:Cu-ox-12.00; G:parent-lacks-Cu(CsFeP2O7)
CuFeBO4-MP-mp-19097.cif,CuFeBO4,0.0,new,4,2,C:Cu-ox-8.00; G:parent-lacks-Cu(FeBO3)
Zn0.88Co0.05Cu0.07O-MP-mp-2133.cif,Zn0.88Co0.05Cu0.07O,0.0,new,4,2,C:Cu-ox-3.43; G:parent-lacks-Cu(ZnO)
Mg0.5Cd0.25Cu0.25Fe2O4-MP-mp-1222550.cif,Mg0.5Cd0.25Cu0.25Fe2O4,0.0,new,4,2,C:Cu-ox-32.00; G:parent-lacks-Cu(Mg2Fe7O12)
Cu1.1Ge0.1Fe1.8O4-MP-mp-1043303.cif,Cu1.1Ge0.1Fe1.8O4,0.0,new,4,2,C:Cu-ox-7.27; G:anion-ratio--0.38(Fe4(CuO4)3)
Cu1.4Ge0.4Fe1.2O4-MP-mp-22421.cif,Cu1.4Ge0.4Fe1.2O4,0.0,new,4,2,C:Cu-ox-5.71; G:parent-lacks-Cu(Fe2GeO4)
Cu1.4Ti0.4Fe1.2O4-MP-mp-1277107.cif,Cu1.4Ti0.4Fe1.2O4,0.0,new,4,2,C:Cu-ox-5.71; G:parent-lacks-Cu(TiFeO3)
Cu0.3Ni0.7Cr0.1Fe1.9O4-MP-mp-35596.cif,Cu0.3Ni0.7Cr0.1Fe1.9O4,0.0,new,4,2,C:Cu-ox-22.00; G:parent-lacks-Cu(Fe2NiO4)
Cu0.3Ni0.7Cr0.2Fe1.8O4-MP-mp-35596.cif,Cu0.3Ni0.7Cr0.2Fe1.8O4,0.0,new,4,2,C:Cu-ox-22.00; G:parent-lacks-Cu(Fe2NiO4)
In1.9Cu0.1O3-MP-mp-22598.cif,In1.9Cu0.1O3,0.0,new,4,2,C:Cu-ox-60.00; G:parent-lacks-Cu(In2O3)
Zn0.96Cu0.02Al0.02O-MP-mp-2133.cif,Zn0.96Cu0.02Al0.02O,0.0,new,4,2,C:Cu-ox-4.00; G:parent-lacks-Cu(ZnO)
Ni0.45Cu0.05Zn0.50Fe2O4-MP-mp-1215616.cif,Ni0.45Cu0.05Zn0.50Fe2O4,0.0,new,4,2,C:Cu-ox-122.00; G:parent-lacks-Cu(ZnFe4NiO8)
Ni0.40Cu0.10Zn0.50Fe2O4-MP-mp-1215616.cif,Ni0.40Cu0.10Zn0.50Fe2O4,0.0,new,4,2,C:Cu-ox-62.00; G:parent-lacks-Cu(ZnFe4NiO8)
Ni0.35Cu0.15Zn0.50Fe2O4-MP-mp-1215616.cif,Ni0.35Cu0.15Zn0.50Fe2O4,0.0,new,4,2,C:Cu-ox-42.00; G:parent-lacks-Cu(ZnFe4NiO8)
Ni0.30Cu0.20Zn0.50Fe2O4-MP-mp-757326.cif,Ni0.30Cu0.20Zn0.50Fe2O4,0.0,new,4,2,C:Cu-ox-32.00; G:parent-lacks-Cu(Zn2Fe7O12)
Ni0.25Cu0.25Zn0.50Fe2O4-MP-mp-757326.cif,Ni0.25Cu0.25Zn0.50Fe2O4,0.0,new,4,2,C:Cu-ox-26.00; G:parent-lacks-Cu(Zn2Fe7O12)
CaCu2.5Mn0.5Ti3.5Al0.5O12-MP-mp-1227706.cif,CaCu2.5Mn0.5Ti3.5Al0.5O12,0.0,new,4,2,C:Cu-ox-8.80; G:parent-lacks-Cu(Ca2TiMnO6)
CaCu2MnTi3AlO12-MP-mp-1227706.cif,CaCu2MnTi3AlO12,0.0,new,4,2,C:Cu-ox-11.00; G:parent-lacks-Cu(Ca2TiMnO6)
Cu2Mn0.89Ga0.11BO5-MP-mp-28943.cif,Cu2Mn0.89Ga0.11BO5,0.0,new,4,2,C:Cu-ox-5.00; G:parent-lacks-Cu(Mn2BO4)
Cu2Mn0.83Ga0.17BO5-MP-mp-28943.cif,Cu2Mn0.83Ga0.17BO5,0.0,new,4,2,C:Cu-ox-5.00; G:parent-lacks-Cu(Mn2BO4)
Cu2Mn0.75Ga0.25BO5-MP-mp-12209.cif,Cu2Mn0.75Ga0.25BO5,0.0,new,4,2,C:Cu-ox-5.00; G:parent-lacks-Cu(MnB4O7)
Cu(AlCo)O2-MP-mp-1045723.cif,Cu(AlCo)O2,0.0,new,4,2,C:Cu-ox-4.00; G:anion-ratio--0.83(AlCo4(CuO4)3)
CaCu2.9Ti3.9Fe1.1O12-MP-mp-1200872.cif,CaCu2.9Ti3.9Fe1.1O12,0.0,new,4,2,C:Cu-ox-7.59; G:parent-lacks-Cu(CaTi2FeO6)
CaCu2.7Ti3.7Fe1.3O12-MP-mp-1200872.cif,CaCu2.7Ti3.7Fe1.3O12,0.0,new,4,2,C:Cu-ox-8.15; G:parent-lacks-Cu(CaTi2FeO6)
Cu2CrBO5-MP-mp-19299.cif,Cu2CrBO5,0.0,new,4,2,C:Cu-ox-5.00; G:parent-lacks-Cu(CrBO3)
(CuCl)LaNb2O-MP-mp-1198693.cif,(CuCl)LaNb2O,0.0,new,4,2,C:Cu-ox--1.00; G:anion-ratio--1.50(LaNb2CuClO7)
Co1Cu1(OH)(PO4)-MP-mp-1201654.cif,Co1Cu1(OH)(PO4),0.0,new,4,2,C:Cu-ox-10.00; G:anion-ratio--0.50(CuPHO4)
Zn0.94Fe0.05Cu0.01O-MP-mp-2133.cif,Zn0.94Fe0.05Cu0.01O,0.0,new,4,2,C:Cu-ox-12.00; G:parent-lacks-Cu(ZnO)
(Ni0.21Mn0.04Cu0.25Zn0.5)O(Fe2O3)0.98-MP-mp-757326.cif,(Ni0.21Mn0.04Cu0.25Zn0.5)O(Fe2O3)0.98,0.0,new,4,2,C:Cu-ox-25.84; G:parent-lacks-Cu(Zn2Fe7O12)
(Ni0.19Mn0.06Cu0.25Zn0.5)O(Fe2O3)0.98-MP-mp-757326.cif,(Ni0.19Mn0.06Cu0.25Zn0.5)O(Fe2O3)0.98,0.0,new,4,2,C:Cu-ox-26.00; G:parent-lacks-Cu(Zn2Fe7O12)
(Ni0.17Mn0.08Cu0.25Zn0.5)O(Fe2O3)0.98-MP-mp-757326.cif,(Ni0.17Mn0.08Cu0.25Zn0.5)O(Fe2O3)0.98,0.0,new,4,2,C:Cu-ox-26.16; G:parent-lacks-Cu(Zn2Fe7O12)
(Ni0.15Mn0.10Cu0.25Zn0.5)O(Fe2O3)0.98-MP-mp-757326.cif,(Ni0.15Mn0.10Cu0.25Zn0.5)O(Fe2O3)0.98,0.0,new,4,2,C:Cu-ox-26.32; G:parent-lacks-Cu(Zn2Fe7O12)
Ni0.25Cu0.30Zn0.45Dy0.0Fe2.0O4-MP-mp-1215616.cif,Ni0.25Cu0.30Zn0.45Dy0.0Fe2.0O4,0.0,new,4,2,C:Cu-ox-22.00; G:parent-lacks-Cu(ZnFe4NiO8)
Ni0.25Cu0.30Zn0.45Dy0.05Fe1.95O4-MP-mp-1215616.cif,Ni0.25Cu0.30Zn0.45Dy0.05Fe1.95O4,0.0,new,4,2,C:Cu-ox-22.00; G:parent-lacks-Cu(ZnFe4NiO8)
Ni0.25Cu0.30Zn0.45Dy0.075Fe1.925O4-MP-mp-1215616.cif,Ni0.25Cu0.30Zn0.45Dy0.075Fe1.925O4,0.0,new,4,2,C:Cu-ox-22.00; G:parent-lacks-Cu(ZnFe4NiO8)
Ni0.25Cu0.30Zn0.45Dy0.1Fe1.9O4-MP-mp-1215616.cif,Ni0.25Cu0.30Zn0.45Dy0.1Fe1.9O4,0.0,new,4,2,C:Cu-ox-22.00; G:parent-lacks-Cu(ZnFe4NiO8)
Ni0.25Cu0.30Zn0.45Dy0.125Fe1.875O4-MP-mp-1215616.cif,Ni0.25Cu0.30Zn0.45Dy0.125Fe1.875O4,0.0,new,4,2,C:Cu-ox-22.00; G:parent-lacks-Cu(ZnFe4NiO8)
Ba2Ca1Cu1.98Fe0.02Tl2O8-MP-mp-6885-synth_doped.cif,Ba2Ca1Cu1.98Fe0.02Tl2O8,106.0,V45,3,2,A:trace-dopant(Fe 0.0013); C:Cu-ox-5.05
Tl2Ba2Ca0.9Ce0.1Cu1.98Fe0.02O8-MP-mp-6885.cif,Tl2Ba2Ca0.9Ce0.1Cu1.98Fe0.02O8,99.0,new,3,2,A:trace-dopant(Fe 0.0013); C:Cu-ox-4.95
Y1Ba2Cu2.95Co0.05O6.92-MP-mp-20674.cif,Y1Ba2Cu2.95Co0.05O6.92,94.3,new,3,2,A:trace-dopant(Co 0.0039); C:Cu-ox-3.34
Ba2Cu3Er0.97Pr0.03O7-MP-mp-622110-synth_doped.cif,Ba2Cu3Er0.97Pr0.03O7,93.9,V45,3,2,A:trace-dopant(Pr 0.0023); C:Cu-ox-3.30
Y1Ba1.98La0.02Cu3O6.96-MP-mp-20674.cif,Y1Ba1.98La0.02Cu3O6.96,92.6,new,3,2,A:trace-dopant(La 0.0015); C:Cu-ox-3.30
Bi2Ca1Cu1.988Ni0.012Sr2O8-MP-mp-1218930-synth_doped.cif,Bi2Ca1Cu1.988Ni0.012Sr2O8,92.55,V45,3,2,A:trace-dopant(Ni 0.0008); C:Cu-ox-5.02
Y1Ba1.99La0.01Cu3O6.96-MP-mp-20674.cif,Y1Ba1.99La0.01Cu3O6.96,92.1,new,3,2,A:trace-dopant(La 0.0008); C:Cu-ox-3.30
Y1Ba2Cu2.97Co0.03O6.96-MP-mp-20674.cif,Y1Ba2Cu2.97Co0.03O6.96,92.0,new,3,2,A:trace-dopant(Co 0.0023); C:Cu-ox-3.34
Y1Re0.05Ba2Cu2.95O7.04-MP-icsd-63321.cif,Y1Re0.05Ba2Cu2.95O7.04,92.0,new,3,2,A:trace-dopant(Re 0.0038); C:Cu-ox-3.42
Y1Re0.05Ba2Cu2.95O7.02-MP-icsd-63321.cif,Y1Re0.05Ba2Cu2.95O7.02,92.0,new,3,2,A:trace-dopant(Re 0.0038); C:Cu-ox-3.40
Y1Ba1.96Sr0.04Cu3O6.98-MP-mp-20674.cif,Y1Ba1.96Sr0.04Cu3O6.98,91.8,new,3,2,A:trace-dopant(Sr 0.0031); C:Cu-ox-3.32
Y1Ba2Cu2.95Fe0.05O6.92-MP-mp-20674.cif,Y1Ba2Cu2.95Fe0.05O6.92,91.8,new,3,2,A:trace-dopant(Fe 0.0039); C:Cu-ox-3.34
Y1Ba2Cu2.96Co0.04O7-MP-mp-20674.cif,Y1Ba2Cu2.96Co0.04O7,91.5,new,3,2,A:trace-dopant(Co 0.0031); C:Cu-ox-3.38
Y1Ba2Cu2.955Fe0.045O6.93-MP-mp-20674.cif,Y1Ba2Cu2.955Fe0.045O6.93,91.4,new,3,2,A:trace-dopant(Fe 0.0035); C:Cu-ox-3.34
Y1Ba2Cu2.95Co0.05O6.88-MP-mp-20674.cif,Y1Ba2Cu2.95Co0.05O6.88,91.2,new,3,2,A:trace-dopant(Co 0.0039); C:Cu-ox-3.31
Y1Ba2Cu2.95Al0.05O6.93-MP-mp-20674.cif,Y1Ba2Cu2.95Al0.05O6.93,91.0,new,3,2,A:trace-dopant(Al 0.0039); C:Cu-ox-3.34
Y1Ba2Cu2.94Fe0.06O7.254-MP-mp-1214613.cif,Y1Ba2Cu2.94Fe0.06O7.254,91.0,new,3,2,A:trace-dopant(Fe 0.0045); C:Cu-ox-3.57
Y0.99La0.01Ba2Cu3O7.07-MP-icsd-63321.cif,Y0.99La0.01Ba2Cu3O7.07,91.0,new,3,2,A:trace-dopant(La 0.0008); C:Cu-ox-3.37
Y1Ba2Cu2.97Ga0.03O7-MP-mp-20674.cif,Y1Ba2Cu2.97Ga0.03O7,90.88,new,3,2,A:trace-dopant(Ga 0.0023); C:Cu-ox-3.37
Y1Ba2Cu2.98Fe0.02O7-MP-mp-20674.cif,Y1Ba2Cu2.98Fe0.02O7,90.7,new,3,2,A:trace-dopant(Fe 0.0015); C:Cu-ox-3.36
Y1Ba2Cu2.98Fe0.02O6.93-MP-mp-20674.cif,Y1Ba2Cu2.98Fe0.02O6.93,90.4,new,3,2,A:trace-dopant(Fe 0.0015); C:Cu-ox-3.31
Y1Ba2Cu2.9955Zn0.0045O6.95-MP-mp-20674.cif,Y1Ba2Cu2.9955Zn0.0045O6.95,90.0,new,3,2,A:trace-dopant(Zn 0.0003); C:Cu-ox-3.30
Y0.985Ca0.015Ba2Cu3O6.98-MP-mp-20674.cif,Y0.985Ca0.015Ba2Cu3O6.98,89.7,new,3,2,A:trace-dopant(Ca 0.0012); C:Cu-ox-3.31
Y1Ba1.95La0.05Cu3O6.98-MP-mp-20674.cif,Y1Ba1.95La0.05Cu3O6.98,89.65,new,3,2,A:trace-dopant(La 0.0039); C:Cu-ox-3.30
Y1Ba2Cu3O6.975-MP-mp-20674.cif,Y1Ba2Cu3O6.975,89.0,new,3,2,C:Cu-ox-3.32; E:literature-IQR-44.8K(n=3)
Y1Ba2Cu2.95Fe0.05O6.9-MP-mp-20674.cif,Y1Ba2Cu2.95Fe0.05O6.9,88.7,new,3,2,A:trace-dopant(Fe 0.0039); C:Cu-ox-3.32
Y1Ba2Cu2.95Al0.05O7-MP-mp-20674.cif,Y1Ba2Cu2.95Al0.05O7,88.0,new,3,2,A:trace-dopant(Al 0.0038); C:Cu-ox-3.39
Y0.95Ca0.05Ba2Cu2.95Co0.05O6.96-MP-mp-20674.cif,Y0.95Ca0.05Ba2Cu2.95Co0.05O6.96,88.0,new,3,2,A:trace-dopant(Ca 0.0039); C:Cu-ox-3.33
Y1Re0.05Ba2Cu2.95O6.94-MP-mp-20674.cif,Y1Re0.05Ba2Cu2.95O6.94,88.0,new,3,2,A:trace-dopant(Re 0.0039); C:Cu-ox-3.35
Er1Ba2Cu2.97Fe0.03O6.94-MP-mp-622110.cif,Er1Ba2Cu2.97Fe0.03O6.94,88.0,new,3,2,A:trace-dopant(Fe 0.0023); C:Cu-ox-3.33
Y1Ba2Cu2.94Ga0.06O7-MP-mp-20674.cif,Y1Ba2Cu2.94Ga0.06O7,87.99,new,3,2,A:trace-dopant(Ga 0.0046); C:Cu-ox-3.40
Y1Ba2Cu2.98Ni0.02O6.95-MP-mp-20674.cif,Y1Ba2Cu2.98Ni0.02O6.95,87.5,new,3,2,A:trace-dopant(Ni 0.0015); C:Cu-ox-3.31
Y1Ba2Cu2.94Fe0.06O6.89-MP-mp-20674.cif,Y1Ba2Cu2.94Fe0.06O6.89,87.5,new,3,2,A:trace-dopant(Fe 0.0047); C:Cu-ox-3.33
Y1Ba2Cu2.98Ni0.02O6.94-MP-mp-20674.cif,Y1Ba2Cu2.98Ni0.02O6.94,87.25,new,3,2,A:trace-dopant(Ni 0.0015); C:Cu-ox-3.30
Y1Ba2Cu2.985Zn0.015O6.95-MP-mp-20674.cif,Y1Ba2Cu2.985Zn0.015O6.95,87.0,new,3,2,A:trace-dopant(Zn 0.0012); C:Cu-ox-3.31
Bi2Sr2Ca1Cu2I0.03O8.21-MP-mp-1209124.cif,Bi2Sr2Ca1Cu2I0.03O8.21,86.6,new,3,2,A:trace-dopant(I 0.0020); C:Cu-ox-5.21
Y1Ba2Cu2.955Ni0.045O6.95-MP-mp-20674.cif,Y1Ba2Cu2.955Ni0.045O6.95,86.2,new,3,2,A:trace-dopant(Ni 0.0035); C:Cu-ox-3.32
Y1Ba2Cu2.993Zn0.007O7-MP-mp-20674.cif,Y1Ba2Cu2.993Zn0.007O7,85.25,new,3,2,A:trace-dopant(Zn 0.0005); C:Cu-ox-3.34
Y1Ba1Sr1Cu2.95Mo0.05O7.07-MP-mp-1042500.cif,Y1Ba1Sr1Cu2.95Mo0.05O7.07,85.0,new,3,2,A:trace-dopant(Mo 0.0038); C:Cu-ox-3.44
Y1Ba2Cu2.94Ni0.06O6.97-MP-mp-20674.cif,Y1Ba2Cu2.94Ni0.06O6.97,85.0,new,3,2,A:trace-dopant(Ni 0.0046); C:Cu-ox-3.34
Y1Ba2Cu2.94Fe0.06O6.929-MP-mp-20674.cif,Y1Ba2Cu2.94Fe0.06O6.929,85.0,new,3,2,A:trace-dopant(Fe 0.0046); C:Cu-ox-3.35
Y1Ba2Cu2.94Ni0.06O7.01-MP-icsd-63321.cif,Y1Ba2Cu2.94Ni0.06O7.01,85.0,new,3,2,A:trace-dopant(Ni 0.0046); C:Cu-ox-3.37
Bi4Sr4Ca1.9Tm0.1Cu4O16.28-MP-mp-1218884.cif,Bi4Sr4Ca1.9Tm0.1Cu4O16.28,83.9,new,3,2,A:trace-dopant(Tm 0.0033); C:Cu-ox-5.19
Y1Ba2Cu2.94Ni0.06O6.94-MP-mp-20674.cif,Y1Ba2Cu2.94Ni0.06O6.94,83.5,new,3,2,A:trace-dopant(Ni 0.0046); C:Cu-ox-3.32
Bi2Ca0.95Cu2Pr0.05Sr2O8-MP-mp-1218930-synth_doped.cif,Bi2Ca0.95Cu2Pr0.05Sr2O8,83.15,V45,3,2,A:trace-dopant(Pr 0.0033); C:Cu-ox-4.97
Y0.95Ca0.05Ba2Cu2.85Co0.15O6.82-MP-mp-20674.cif,Y0.95Ca0.05Ba2Cu2.85Co0.15O6.82,83.0,new,3,2,A:trace-dopant(Ca 0.0039); C:Cu-ox-3.35
Hg1Ba2Cu0.97Zn0.03O4.081-MP-mp-1229200.cif,Hg1Ba2Cu0.97Zn0.03O4.081,83.0,new,3,2,A:trace-dopant(Zn 0.0037); C:Cu-ox-4.23
Y1Ba2Cu2.95Ni0.05O6.93-MP-mp-20674.cif,Y1Ba2Cu2.95Ni0.05O6.93,82.5,new,3,2,A:trace-dopant(Ni 0.0039); C:Cu-ox-3.31
Bi1.7Pb0.3Sr2Ca0.99Nd0.01Cu2O8.03-MP-mp-1218884.cif,Bi1.7Pb0.3Sr2Ca0.99Nd0.01Cu2O8.03,82.5,new,3,2,A:trace-dopant(Nd 0.0007); C:Cu-ox-5.02
Dy1Ba2Cu2.96Fe0.04O6.89-MP-mp-622105.cif,Dy1Ba2Cu2.96Fe0.04O6.89,82.0,new,3,2,A:trace-dopant(Fe 0.0031); C:Cu-ox-3.30
Y1Ba2Cu2.97Ti0.03O6.92-MP-mp-20674.cif,Y1Ba2Cu2.97Ti0.03O6.92,82.0,new,3,2,A:trace-dopant(Ti 0.0023); C:Cu-ox-3.31
Hg1Ba2Cu0.97Zn0.03O4.073-MP-mp-1229200.cif,Hg1Ba2Cu0.97Zn0.03O4.073,82.0,new,3,2,A:trace-dopant(Zn 0.0037); C:Cu-ox-4.21
Bi1.7Pb0.3Sr2Ca0.94Nd0.06Cu2O8.1-MP-mp-1218884.cif,Bi1.7Pb0.3Sr2Ca0.94Nd0.06Cu2O8.1,81.27,new,3,2,A:trace-dopant(Nd 0.0040); C:Cu-ox-5.07
Bi1.7Pb0.3Sr2Ca0.98Nd0.02Cu2O8.05-MP-mp-1218884.cif,Bi1.7Pb0.3Sr2Ca0.98Nd0.02Cu2O8.05,80.89,new,3,2,A:trace-dopant(Nd 0.0013); C:Cu-ox-5.04
Pb2Sr2Ho0.5Ca0.5Cu2.94Pt0.06O8-MP-mp-1218617.cif,Pb2Sr2Ho0.5Ca0.5Cu2.94Pt0.06O8,80.4,new,3,2,A:trace-dopant(Pt 0.0037); C:Cu-ox-3.74
Y1Ba2Cu2.98Zn0.02O7-MP-mp-20674.cif,Y1Ba2Cu2.98Zn0.02O7,80.2,new,3,2,A:trace-dopant(Zn 0.0015); C:Cu-ox-3.34
Y1Ba2Cu2.97Zn0.03O6.97-MP-mp-20674.cif,Y1Ba2Cu2.97Zn0.03O6.97,80.05,new,3,2,A:trace-dopant(Zn 0.0023); C:Cu-ox-3.33
Bi2Ca0.95Ce0.05Cu2Sr2O8-MP-mp-1218930-synth_doped.cif,Bi2Ca0.95Ce0.05Cu2Sr2O8,80.0,V45,3,2,A:trace-dopant(Ce 0.0033); C:Cu-ox-4.95
Ba1.6Sr0.4Yb0.95Ca0.05Cu3O6.8-MP-mp-1099602.cif,Ba1.6Sr0.4Yb0.95Ca0.05Cu3O6.8,80.0,new,3,2,A:trace-dopant(Ca 0.0039); G:anion-ratio--0.37(Ba3Sr(CuO3)4)
Ba1.6Sr0.4Yb0.95Ca0.05Cu3O6.76-MP-mp-1099602.cif,Ba1.6Sr0.4Yb0.95Ca0.05Cu3O6.76,80.0,new,3,2,A:trace-dopant(Ca 0.0039); G:anion-ratio--0.37(Ba3Sr(CuO3)4)
Bi4Sr3Ca2.9Tm0.1Cu4O16.36-MP-mp-1218884.cif,Bi4Sr3Ca2.9Tm0.1Cu4O16.36,80.0,new,3,2,A:trace-dopant(Tm 0.0033); C:Cu-ox-5.23
Bi1.7Pb0.3Sr2Ca0.96Y0.04Cu2O8.06-MP-mp-1218884.cif,Bi1.7Pb0.3Sr2Ca0.96Y0.04Cu2O8.06,78.5,new,3,2,A:trace-dopant(Y 0.0027); C:Cu-ox-5.10
Y1Ba2Cu2.94Co0.06O7-MP-mp-20674.cif,Y1Ba2Cu2.94Co0.06O7,78.3,new,3,2,A:trace-dopant(Co 0.0046); C:Cu-ox-3.40
Bi2Ca1Cu1.98Ni0.02Sr2O8-MP-mp-1218930-synth_doped.cif,Bi2Ca1Cu1.98Ni0.02Sr2O8,78.0,V45,3,2,A:trace-dopant(Ni 0.0013); C:Cu-ox-5.03
Dy1Ba2Cu2.94Fe0.06O6.88-MP-mp-622105.cif,Dy1Ba2Cu2.94Fe0.06O6.88,78.0,new,3,2,A:trace-dopant(Fe 0.0047); C:Cu-ox-3.32
Bi2Ca1Cu1.97Ni0.03Sr2O8-MP-mp-1218930-synth_doped.cif,Bi2Ca1Cu1.97Ni0.03Sr2O8,77.0,V45,3,2,A:trace-dopant(Ni 0.0020); C:Cu-ox-5.05
Y1Ba1Sr1Cu2.975Sn0.025O6.92-MP-mp-1046186.cif,Y1Ba1Sr1Cu2.975Sn0.025O6.92,77.0,new,3,2,A:trace-dopant(Sn 0.0019); C:Cu-ox-3.31
Y1Ba2Cu2.94Ti0.06O6.91-MP-mp-20674.cif,Y1Ba2Cu2.94Ti0.06O6.91,77.0,new,3,2,A:trace-dopant(Ti 0.0046); C:Cu-ox-3.34
Y1Ba2Cu2.94Fe0.06O6.954-MP-mp-20674.cif,Y1Ba2Cu2.94Fe0.06O6.954,76.6,new,3,2,A:trace-dopant(Fe 0.0046); C:Cu-ox-3.37
Y1Ba1Sr1Cu2.975Sn0.025O6.91-MP-mp-1046186.cif,Y1Ba1Sr1Cu2.975Sn0.025O6.91,76.3,new,3,2,A:trace-dopant(Sn 0.0019); C:Cu-ox-3.30
Er1Ba2Cu2.94Zn0.03Fe0.03O6.94-MP-mp-622110.cif,Er1Ba2Cu2.94Zn0.03Fe0.03O6.94,76.0,new,3,2,A:trace-dopant(Zn 0.0023); C:Cu-ox-3.34
Y0.95Ca0.05Ba2Cu2.75Co0.25O7.06-MP-icsd-63321.cif,Y0.95Ca0.05Ba2Cu2.75Co0.25O7.06,75.1,new,3,2,A:trace-dopant(Ca 0.0038); C:Cu-ox-3.64
Y1Ba2Cu2.94Zn0.06O6.93-MP-mp-20674.cif,Y1Ba2Cu2.94Zn0.06O6.93,75.0,new,3,2,A:trace-dopant(Zn 0.0046); C:Cu-ox-3.31
Hg1Ba2Cu0.97Zn0.03O4.063-MP-mp-1229200.cif,Hg1Ba2Cu0.97Zn0.03O4.063,75.0,new,3,2,A:trace-dopant(Zn 0.0037); C:Cu-ox-4.19
Bi2Ca1Cu1.99Fe0.01Sr2O8-MP-mp-1218930-synth_doped.cif,Bi2Ca1Cu1.99Fe0.01Sr2O8,74.1,V45,3,2,A:trace-dopant(Fe 0.0007); C:Cu-ox-5.03
Bi2Ca1Cu1.952Ni0.048Sr2O8-MP-mp-1218930-synth_doped.cif,Bi2Ca1Cu1.952Ni0.048Sr2O8,74.0,V45,3,2,A:trace-dopant(Ni 0.0032); C:Cu-ox-5.07
Y1Ba2Cu2.95Zn0.05O6.94-MP-mp-20674.cif,Y1Ba2Cu2.95Zn0.05O6.94,73.9,new,3,2,A:trace-dopant(Zn 0.0039); C:Cu-ox-3.32
Y1Ba1Sr1Cu2.95Sn0.05O6.96-MP-mp-1046186.cif,Y1Ba1Sr1Cu2.95Sn0.05O6.96,73.8,new,3,2,A:trace-dopant(Sn 0.0039); C:Cu-ox-3.36
Y1Ba2Cu2.955Fe0.045O6.89-MP-mp-20674.cif,Y1Ba2Cu2.955Fe0.045O6.89,72.0,new,3,2,A:trace-dopant(Fe 0.0035); C:Cu-ox-3.31
Bi2Ca1Cu1.98Fe0.02Sr2O8-MP-mp-1218930-synth_doped.cif,Bi2Ca1Cu1.98Fe0.02Sr2O8,71.5,V45,3,2,A:trace-dopant(Fe 0.0013); C:Cu-ox-5.05
Y1Ba2Cu2.955Zn0.045O7-MP-mp-20674.cif,Y1Ba2Cu2.955Zn0.045O7,70.1,new,3,2,A:trace-dopant(Zn 0.0035); C:Cu-ox-3.35
Er1Ba2Cu2.94Zn0.06O6.92-MP-mp-622110.cif,Er1Ba2Cu2.94Zn0.06O6.92,69.0,new,3,2,A:trace-dopant(Zn 0.0046); C:Cu-ox-3.31
Hg1Ba2Cu0.97Zn0.03O4.052-MP-mp-1229200.cif,Hg1Ba2Cu0.97Zn0.03O4.052,69.0,new,3,2,A:trace-dopant(Zn 0.0037); C:Cu-ox-4.17
Y1Ba2Cu2.94Zn0.06O6.97-MP-mp-20674.cif,Y1Ba2Cu2.94Zn0.06O6.97,67.6,new,3,2,A:trace-dopant(Zn 0.0046); C:Cu-ox-3.34
Bi1.7Pb0.3Sr2Ca0.7Y0.3Cu1.94Zn0.06O8-MP-mp-1218930.cif,Bi1.7Pb0.3Sr2Ca0.7Y0.3Cu1.94Zn0.06O8,66.9,new,3,2,A:trace-dopant(Zn 0.0040); C:Cu-ox-5.40
Bi2Ca1Cu1.96Fe0.04Sr2O8-MP-mp-1218930-synth_doped.cif,Bi2Ca1Cu1.96Fe0.04Sr2O8,65.7,V45,3,2,A:trace-dopant(Fe 0.0027); C:Cu-ox-5.10
Er1Ba2Cu2.88Zn0.03Fe0.09O6.95-MP-mp-622110.cif,Er1Ba2Cu2.88Zn0.03Fe0.09O6.95,65.0,new,3,2,A:trace-dopant(Zn 0.0023); C:Cu-ox-3.42
Er0.94Ca0.06Ba2Cu2.82Co0.18O6.76-MP-mp-1229210.cif,Er0.94Ca0.06Ba2Cu2.82Co0.18O6.76,64.0,new,3,2,A:trace-dopant(Ca 0.0047); C:Cu-ox-3.33
Pb2Sr2Ho0.5Ca0.5Cu2.982Al0.018O8-MP-mp-1218617.cif,Pb2Sr2Ho0.5Ca0.5Cu2.982Al0.018O8,63.6,new,3,2,A:trace-dopant(Al 0.0011); C:Cu-ox-3.69
Er1Ba2Cu2.91Zn0.06Fe0.03O6.93-MP-mp-622110.cif,Er1Ba2Cu2.91Zn0.06Fe0.03O6.93,63.0,new,3,2,A:trace-dopant(Fe 0.0023); C:Cu-ox-3.35
Bi1.7Pb0.3Sr2Ca0.65Y0.35Cu1.94Zn0.06O8-MP-mp-1218870.cif,Bi1.7Pb0.3Sr2Ca0.65Y0.35Cu1.94Zn0.06O8,62.1,new,3,2,A:trace-dopant(Zn 0.0040); C:Cu-ox-5.45
Bi1.7Pb0.3Sr2Ca0.75Y0.25Cu1.94Zn0.06O8-MP-mp-1218930.cif,Bi1.7Pb0.3Sr2Ca0.75Y0.25Cu1.94Zn0.06O8,60.6,new,3,2,A:trace-dopant(Zn 0.0040); C:Cu-ox-5.35
Pb2Sr2Ho0.5Ca0.5Cu2.97Al0.03O8-MP-mp-1218617.cif,Pb2Sr2Ho0.5Ca0.5Cu2.97Al0.03O8,59.1,new,3,2,A:trace-dopant(Al 0.0019); C:Cu-ox-3.70
Gd1Fe1As1H0.1O0.9-MP-mp-1078679.cif,Gd1Fe1As1H0.1O0.9,55.6,new,3,1,H:comp-err-0.025
Sm1Fe1As1H0.19O0.81-MP-mp-20349.cif,Sm1Fe1As1H0.19O0.81,55.3,new,3,1,H:comp-err-0.048
Bi1.8Pb0.2Sr2Ca1Cu1.98Fe0.02O8-MP-mp-1218930.cif,Bi1.8Pb0.2Sr2Ca1Cu1.98Fe0.02O8,54.8,new,3,2,A:trace-dopant(Fe 0.0013); C:Cu-ox-5.05
Bi1.7Pb0.3Sr2Ca0.8Y0.2Cu1.94Zn0.06O8-MP-mp-1218930.cif,Bi1.7Pb0.3Sr2Ca0.8Y0.2Cu1.94Zn0.06O8,54.4,new,3,2,A:trace-dopant(Zn 0.0040); C:Cu-ox-5.30
Bi1.7Pb0.3Sr2Ca0.6Y0.4Cu1.94Zn0.06O8-MP-mp-1218870.cif,Bi1.7Pb0.3Sr2Ca0.6Y0.4Cu1.94Zn0.06O8,53.5,new,3,2,A:trace-dopant(Zn 0.0040); C:Cu-ox-5.51
Hg1Ba2Cu0.97Zn0.03O4.043-MP-mp-1229200.cif,Hg1Ba2Cu0.97Zn0.03O4.043,53.0,new,3,2,A:trace-dopant(Zn 0.0037); C:Cu-ox-4.15
Pb2Sr2Ho0.5Ca0.5Cu2.94Al0.06O8-MP-mp-1218617.cif,Pb2Sr2Ho0.5Ca0.5Cu2.94Al0.06O8,51.8,new,3,2,A:trace-dopant(Al 0.0037); C:Cu-ox-3.74
Bi1.8Pb0.2Sr2Ca1Cu1.96Co0.04O8-MP-mp-1218930.cif,Bi1.8Pb0.2Sr2Ca1Cu1.96Co0.04O8,50.7,new,3,2,A:trace-dopant(Co 0.0027); C:Cu-ox-5.10
Er1Ba2Cu2.85Zn0.12Fe0.03O6.94-MP-mp-622110.cif,Er1Ba2Cu2.85Zn0.12Fe0.03O6.94,50.0,new,3,2,A:trace-dopant(Fe 0.0023); C:Cu-ox-3.38
Bi1.8Pb0.2Sr2Ca1Cu1.94Co0.06O8-MP-mp-1218930.cif,Bi1.8Pb0.2Sr2Ca1Cu1.94Co0.06O8,48.6,new,3,2,A:trace-dopant(Co 0.0040); C:Cu-ox-5.15
Bi1.8Pb0.2Sr2Ca1Cu1.96Fe0.04O8-MP-mp-1218930.cif,Bi1.8Pb0.2Sr2Ca1Cu1.96Fe0.04O8,48.5,new,3,2,A:trace-dopant(Fe 0.0027); C:Cu-ox-5.10
Er1Ba2Cu2.85Zn0.06Fe0.09O6.96-MP-mp-622110.cif,Er1Ba2Cu2.85Zn0.06Fe0.09O6.96,46.0,new,3,2,A:trace-dopant(Zn 0.0046); C:Cu-ox-3.44
Er1Ba2Cu2.78Zn0.18Fe0.03O6.93-MP-mp-1214708.cif,Er1Ba2Cu2.78Zn0.18Fe0.03O6.93,46.0,new,3,2,A:trace-dopant(Fe 0.0023); C:Cu-ox-3.42
Er1Ba2Cu3O6.95-MP-mp-622110.cif,Er1Ba2Cu3O6.95,45.45,new,3,2,C:Cu-ox-3.30; E:literature-IQR-45.5K(n=2)
Er1Ba2Cu2.79Zn0.03Fe0.18O6.97-MP-mp-622110.cif,Er1Ba2Cu2.79Zn0.03Fe0.18O6.97,44.0,new,3,2,A:trace-dopant(Zn 0.0023); C:Cu-ox-3.54
Er1Ba2Cu2.73Zn0.24Fe0.03O6.92-MP-mp-1214708.cif,Er1Ba2Cu2.73Zn0.24Fe0.03O6.92,43.0,new,3,2,A:trace-dopant(Fe 0.0023); C:Cu-ox-3.43
Bi1.7Pb0.3Sr2Ca0.55Y0.45Cu1.94Zn0.06O8-MP-mp-1218870.cif,Bi1.7Pb0.3Sr2Ca0.55Y0.45Cu1.94Zn0.06O8,41.3,new,3,2,A:trace-dopant(Zn 0.0040); C:Cu-ox-5.56
Cu2Gd1Ru0.97Sr2Ti0.03O8-MP-mp-1194240-synth_doped.cif,Cu2Gd1Ru0.97Sr2Ti0.03O8,40.3,V45,3,2,A:trace-dopant(Ti 0.0021); C:Cu-ox-4.50
Y1Ba2Cu2.85Ni0.15O6.96-MP-mp-20674.cif,Y1Ba2Cu2.85Ni0.15O6.96,38.6,new,3,2,C:Cu-ox-3.38; E:literature-IQR-38.6K(n=2)
Cu2Gd1Ir0.02Ru0.98Sr2O8-MP-mp-1194240-synth_doped.cif,Cu2Gd1Ir0.02Ru0.98Sr2O8,38.0,V45,3,2,A:trace-dopant(Ir 0.0014); C:Cu-ox-4.50
Cu2Gd1Ru0.975Sn0.025Sr2O8-MP-mp-1194240-synth_doped.cif,Cu2Gd1Ru0.975Sn0.025Sr2O8,36.9,V45,3,2,A:trace-dopant(Sn 0.0018); C:Cu-ox-4.50
Cu2Gd1Ru0.99Sr2Ti0.01O8-MP-mp-1194240-synth_doped.cif,Cu2Gd1Ru0.99Sr2Ti0.01O8,36.3,V45,3,2,A:trace-dopant(Ti 0.0007); C:Cu-ox-4.50
Cu2Gd1Rh0.05Ru0.95Sr2O8-MP-mp-1194240-synth_doped.cif,Cu2Gd1Rh0.05Ru0.95Sr2O8,34.575,V45,3,2,A:trace-dopant(Rh 0.0036); C:Cu-ox-4.50
Cu2Gd1Ir0.05Ru0.95Sr2O8-MP-mp-1194240-synth_doped.cif,Cu2Gd1Ir0.05Ru0.95Sr2O8,32.5,V45,3,2,A:trace-dopant(Ir 0.0036); C:Cu-ox-4.50
La1Pt4Ge18-MP-mp-1077797.cif,La1Pt4Ge18,32.5,new,3,1,B:alloy-Tc-32K>25
Cu2Gd1Ru0.95Sr2Ti0.05O8-MP-mp-1194240-synth_doped.cif,Cu2Gd1Ru0.95Sr2Ti0.05O8,32.2,V45,3,2,A:trace-dopant(Ti 0.0036); C:Cu-ox-4.50
Cu2Gd1Ru0.95Sn0.05Sr2O8-MP-mp-1194240-synth_doped.cif,Cu2Gd1Ru0.95Sn0.05Sr2O8,30.0,V45,3,2,A:trace-dopant(Sn 0.0036); C:Cu-ox-4.50
H0.55La1.8Sr0.2Cu0.995Fe0.005O4-MP-mp-1194283.cif,H0.55La1.8Sr0.2Cu0.995Fe0.005O4,26.0,new,3,2,A:trace-dopant(Fe 0.0007); G:anion-ratio--2.48(Sr2Cu(HO)6)
Co0.01Cu2Gd1Ru0.99Sr2O8-MP-mp-1194240-synth_doped.cif,Co0.01Cu2Gd1Ru0.99Sr2O8,25.5,V45,3,2,A:trace-dopant(Co 0.0007); C:Cu-ox-4.50
Er1Ba2Cu2.76Zn0.06Fe0.18O6.97-MP-mp-622110.cif,Er1Ba2Cu2.76Zn0.06Fe0.18O6.97,25.0,new,3,2,A:trace-dopant(Zn 0.0046); C:Cu-ox-3.56
Tl1Sr2Ca1Cu2O6.82-MP-mp-20824.cif,Tl1Sr2Ca1Cu2O6.82,20.0,new,3,2,C:Cu-ox-3.82; E:literature-IQR-20.0K(n=2)
La1Fe0.982Zn0.018As1F0.28O0.68-MP-mp-549589.cif,La1Fe0.982Zn0.018As1F0.28O0.68,19.6,new,3,2,A:trace-dopant(Zn 0.0045); G:parent-lacks-Fe(LaZnAsO)
Ru1Sr1.98La0.02Eu1Cu2O8-MP-mp-1173178.cif,Ru1Sr1.98La0.02Eu1Cu2O8,14.0,new,3,2,A:trace-dopant(La 0.0014); C:Cu-ox-4.49
H0.4La1.89Sr0.11Cu0.995Fe0.005O4-MP-mp-1194283.cif,H0.4La1.89Sr0.11Cu0.995Fe0.005O4,13.5,new,3,2,A:trace-dopant(Fe 0.0007); G:anion-ratio--2.53(Sr2Cu(HO)6)
Ce0.02Cu2Gd0.98Ru1Sr2O8-MP-mp-1194240-synth_doped.cif,Ce0.02Cu2Gd0.98Ru1Sr2O8,13.0,V45,3,2,A:trace-dopant(Ce 0.0014); C:Cu-ox-4.49
Sm1.5Ce0.5Sr2Cu2Nb1O10-MP-mp-1218622.cif,Sm1.5Ce0.5Sr2Cu2Nb1O10,12.5,new,3,2,C:Cu-ox-4.75; E:literature-IQR-12.5K(n=2)
N0.003Nb0.997-MP-mp-1079585.cif,N0.003Nb0.997,9.12,new,3,2,A:trace-dopant(N 0.0030); G:anion-ratio--0.50(Nb2N)
Nb1N0.8C0.2-MP-mp-1220725.cif,Nb1N0.8C0.2,8.8,new,3,2,G:anion-ratio-+0.33(Nb2CN); E:literature-IQR-8.8K(n=2)
Nb99.445O0.555-MP-mp-1470.cif,Nb99.445O0.555,8.5,new,3,2,"A:huge-coefficient(max 99, 100 atoms); G:anion-ratio--2.41(Nb12O29)"
Nb99.078O0.922-MP-mp-1470.cif,Nb99.078O0.922,8.1,new,3,2,"A:huge-coefficient(max 99, 100 atoms); G:anion-ratio--2.41(Nb12O29)"
Nb98.68O1.32-MP-mp-1470.cif,Nb98.68O1.32,7.85,new,3,2,"A:huge-coefficient(max 99, 100 atoms); G:anion-ratio--2.40(Nb12O29)"
Tl1Sr2Ca1Cu2O6.88-MP-mp-20824.cif,Tl1Sr2Ca1Cu2O6.88,7.6,new,3,2,C:Cu-ox-3.88; E:literature-IQR-7.6K(n=2)
Nb98O2-MP-mp-1470.cif,Nb98O2,7.33,new,3,2,"A:huge-coefficient(max 98, 100 atoms); G:anion-ratio--2.40(Nb12O29)"
Sn1Fe0.05Mo6S8-MP-mp-5336.cif,Sn1Fe0.05Mo6S8,7.05,new,3,2,A:trace-dopant(Fe 0.0033); G:parent-lacks-Fe(Sn(Mo3S4)2)
B0.04C0.96Cu1Sr2O5-MP-mp-1198030-synth_doped.cif,B0.04C0.96Cu1Sr2O5,7.0,V45,3,2,A:trace-dopant(B 0.0044); C:Cu-ox-6.00
Ru1Sr1.94La0.06Eu1Cu2O8-MP-mp-1173178.cif,Ru1Sr1.94La0.06Eu1Cu2O8,7.0,new,3,2,A:trace-dopant(La 0.0043); C:Cu-ox-4.47
Nb96.5O3.5-MP-mp-1470.cif,Nb96.5O3.5,6.13,new,3,2,"A:huge-coefficient(max 96, 100 atoms); G:anion-ratio--2.38(Nb12O29)"
Ge1H0.005V3-MP-mp-1181222.cif,Ge1H0.005V3,5.8,new,3,2,A:trace-dopant(H 0.0012); G:anion-ratio--4.00(GeH4)
Ce0.07Ge12Pr0.93Pt4-MP-mp-1105939-synth_doped.cif,Ce0.07Ge12Pr0.93Pt4,5.52,V45,3,2,A:trace-dopant(Ce 0.0041); D:duplicate-Tc-0.0..5.5K(n=2)
Cu0.04Ru0.96Sr2Y1O6-MP-mp-14430-synth_doped.cif,Cu0.04Ru0.96Sr2Y1O6,5.1,V45,3,2,A:trace-dopant(Cu 0.0040); C:Cu-ox-200.00
Bi4S2.97Se0.03O4-MP-mp-1193554.cif,Bi4S2.97Se0.03O4,4.2,new,3,2,A:trace-dopant(Se 0.0027); G:anion-ratio--4.75(Bi2Se3O10)
La1Ni1As1H0.17O0.83-MP-mp-1079362.cif,La1Ni1As1H0.17O0.83,3.68,new,3,1,H:comp-err-0.043
Sn0.97As0.006Te0.994-MP-mp-484.cif,Sn0.97As0.006Te0.994,0.068,new,3,2,A:trace-dopant(As 0.0030); G:anion-ratio--0.48(Te3As2)
Cu0.81Ga0.19-MP-mp-1183995-synth_doped.cif,Cu0.81Ga0.19,0.048,V45,3,1,I:Tc-0.048K(mK?)
Al2Au1-MP-mp-2647.cif,Al2Au1,0.0475,V45,3,1,I:Tc-0.048K(mK?)
Cu0.786Sb0.214-MP-mp-1183969-synth_doped.cif,Cu0.786Sb0.214,0.047,V45,3,1,I:Tc-0.047K(mK?)
Ag0.835Sn0.165-MP-mp-8566.cif,Ag0.835Sn0.165,0.047,new,3,1,I:Tc-0.047K(mK?)
Au0.95Sn0.05-MP-mp-81.cif,Au0.95Sn0.05,0.047,new,3,1,I:Tc-0.047K(mK?)
Ir0.91Pd0.09-MP-mp-101.cif,Ir0.91Pd0.09,0.047,new,3,1,I:Tc-0.047K(mK?)
Sn0.985Te1-MP-mp-1883-synth_doped.cif,Sn0.985Te1,0.0466,V45,3,1,I:Tc-0.047K(mK?)
Ir0.8Pt0.2-MP-mp-101.cif,Ir0.8Pt0.2,0.046,new,3,1,I:Tc-0.046K(mK?)
Al1Th2-MP-mp-1651.cif,Al1Th2,0.045,V45,3,1,I:Tc-0.045K(mK?)
Cr0.476Mo0.524-MP-mp-1226200-synth_doped.cif,Cr0.476Mo0.524,0.045,V45,3,1,I:Tc-0.045K(mK?)
Al0.03Au0.92In0.05-MP-mp-81.cif,Al0.03Au0.92In0.05,0.045,new,3,1,I:Tc-0.045K(mK?)
Au0.92Ga0.02In0.06-MP-mp-81.cif,Au0.92Ga0.02In0.06,0.0425,new,3,1,I:Tc-0.043K(mK?)
Au0.91In0.09-MP-mp-81.cif,Au0.91In0.09,0.0423,new,3,1,I:Tc-0.042K(mK?)
Ir0.54Os0.1Rh0.36-MP-mp-101.cif,Ir0.54Os0.1Rh0.36,0.038,new,3,1,I:Tc-0.038K(mK?)
Os0.32Rh0.68-MP-mp-1186377-synth_doped.cif,Os0.32Rh0.68,0.0376,V45,3,1,I:Tc-0.038K(mK?)
Ag0.845Sb0.155-MP-mp-16240.cif,Ag0.845Sb0.155,0.037,new,3,1,I:Tc-0.037K(mK?)
Ir0.83Pd0.045Pt0.125-MP-mp-101.cif,Ir0.83Pd0.045Pt0.125,0.037,new,3,1,I:Tc-0.037K(mK?)
Au0.84In0.16-MP-mp-510099.cif,Au0.84In0.16,0.035,new,3,1,I:Tc-0.035K(mK?)
Ir0.88Pd0.12-MP-mp-101.cif,Ir0.88Pd0.12,0.035,new,3,1,I:Tc-0.035K(mK?)
Al0.02Au0.92In0.06-MP-mp-81.cif,Al0.02Au0.92In0.06,0.034,new,3,1,I:Tc-0.034K(mK?)
Sn0.97As0.022Te0.978-MP-mp-1883.cif,Sn0.97As0.022Te0.978,0.0332,new,3,1,I:Tc-0.033K(mK?)
Ir0.7Ru0.25Rh0.5-MP-mp-101.cif,Ir0.7Ru0.25Rh0.5,0.033,new,3,1,I:Tc-0.033K(mK?)
Au0.95Ga0.05-MP-mp-81.cif,Au0.95Ga0.05,0.032,new,3,1,I:Tc-0.032K(mK?)
Ir0.775Pt0.175Rh0.05-MP-mp-101.cif,Ir0.775Pt0.175Rh0.05,0.032,new,3,1,I:Tc-0.032K(mK?)
Ir0.9Pd0.1-MP-mp-101.cif,Ir0.9Pd0.1,0.032,new,3,1,I:Tc-0.032K(mK?)
Sn0.97As0.02Te0.98-MP-mp-1883.cif,Sn0.97As0.02Te0.98,0.0318,new,3,1,I:Tc-0.032K(mK?)
Au0.915In0.085-MP-mp-81.cif,Au0.915In0.085,0.031,new,3,1,I:Tc-0.031K(mK?)
Cr0.57Mo0.43-MP-mp-1226200-synth_doped.cif,Cr0.57Mo0.43,0.03,V45,3,1,I:Tc-0.030K(mK?)
Ir0.8Rh0.2-MP-mp-1184771-synth_doped.cif,Ir0.8Rh0.2,0.03,V45,3,1,I:Tc-0.030K(mK?)
Mo0.28Rh0.72-MP-mp-30787-synth_doped.cif,Mo0.28Rh0.72,0.03,V45,3,1,I:Tc-0.030K(mK?)
As1Rh1.4-MP-mp-1228882.cif,As1Rh1.4,0.03,new,3,1,I:Tc-0.030K(mK?)
Ir0.72Pt0.08Rh0.2-MP-mp-101.cif,Ir0.72Pt0.08Rh0.2,0.03,new,3,1,I:Tc-0.030K(mK?)
La0.8Pr0.2Se1-MP-mp-1161.cif,La0.8Pr0.2Se1,0.03,new,3,1,I:Tc-0.030K(mK?)
Al20Pr1V2-MP-mp-1204963.cif,Al20Pr1V2,0.029666667,V45,3,1,I:Tc-0.030K(mK?)
Ir0.815Rh0.185-MP-mp-1184771-synth_doped.cif,Ir0.815Rh0.185,0.028,V45,3,1,I:Tc-0.028K(mK?)
Al0.01Au0.92In0.07-MP-mp-81.cif,Al0.01Au0.92In0.07,0.0278,new,3,1,I:Tc-0.028K(mK?)
Sn0.99Te1-MP-mp-1883-synth_doped.cif,Sn0.99Te1,0.02625,V45,3,1,I:Tc-0.026K(mK?)
Ir0.75Rh0.25-MP-mp-863709.cif,Ir0.75Rh0.25,0.026,V45,3,1,I:Tc-0.026K(mK?)
Ag0.845Sn0.155-MP-mp-8566.cif,Ag0.845Sn0.155,0.025,new,3,1,I:Tc-0.025K(mK?)
Cu0.86Ge0.14-MP-mp-19724.cif,Cu0.86Ge0.14,0.025,new,3,1,I:Tc-0.025K(mK?)
Au0.92In0.08-MP-mp-81.cif,Au0.92In0.08,0.0238,new,3,1,I:Tc-0.024K(mK?)
Cu6La1-MP-mp-2613-synth_doped.cif,Cu6La1,0.021,V45,3,1,I:Tc-0.021K(mK?)
Ag0.875Ga0.125-MP-mp-8566.cif,Ag0.875Ga0.125,0.019,new,3,1,I:Tc-0.019K(mK?)
Ag0.885Sb0.115-MP-mp-16240.cif,Ag0.885Sb0.115,0.019,new,3,1,I:Tc-0.019K(mK?)
Fe0.043Ru0.957-MP-mp-33.cif,Fe0.043Ru0.957,0.018,new,3,1,I:Tc-0.018K(mK?)
Au0.93In0.07-MP-mp-81.cif,Au0.93In0.07,0.0164,new,3,1,I:Tc-0.016K(mK?)
Cd0.6Mg0.4-MP-mp-1094694-synth_doped.cif,Cd0.6Mg0.4,0.016,V45,3,1,I:Tc-0.016K(mK?)
Mo0.7Nb0.3-MP-mp-129.cif,Mo0.7Nb0.3,0.016,new,3,1,I:Tc-0.016K(mK?)
W1-MP-mp-11334.cif,W1,0.0157,V45,3,1,I:Tc-0.016K(mK?)
Ag0.865Sb0.135-MP-mp-16240.cif,Ag0.865Sb0.135,0.014,new,3,1,I:Tc-0.014K(mK?)
Sn0.995Te1-MP-mp-1883-synth_doped.cif,Sn0.995Te1,0.0138,V45,3,1,I:Tc-0.014K(mK?)
Al0.05Au0.95-MP-mp-81.cif,Al0.05Au0.95,0.0138,new,3,1,I:Tc-0.014K(mK?)
Sn0.97As0.025Te0.975-MP-mp-1883.cif,Sn0.97As0.025Te0.975,0.0138,new,3,1,I:Tc-0.014K(mK?)
Mg0.93Pb0.07-MP-mp-153.cif,Mg0.93Pb0.07,0.013,new,3,1,I:Tc-0.013K(mK?)
Ag0.7Zn0.3-MP-mp-864794-synth_doped.cif,Ag0.7Zn0.3,0.0125,V45,3,1,I:Tc-0.013K(mK?)
C8Rb1-MP-mp-568643.cif,C8Rb1,0.01205,V45,3,1,I:Tc-0.012K(mK?)
Au0.94In0.06-MP-mp-81.cif,Au0.94In0.06,0.0111,new,3,1,I:Tc-0.011K(mK?)
Gd0.71Sm1.14Ce0.15Cu1O4-MP-mp-4860.cif,Gd0.71Sm1.14Ce0.15Cu1O4,0.01,new,3,1,I:Tc-0.010K(mK?)
Ir0.3Ru0.2Rh0.5-MP-mp-74.cif,Ir0.3Ru0.2Rh0.5,0.01,new,3,1,I:Tc-0.010K(mK?)
Ag0.81In0.19-MP-mp-30343-synth_doped.cif,Ag0.81In0.19,0.0074,V45,3,1,I:Tc-0.007K(mK?)
Ag0.9Ga0.1-MP-mp-8566.cif,Ag0.9Ga0.1,0.0065,new,3,1,I:Tc-0.006K(mK?)
Pt1-MP-mp-126.cif,Pt1,0.004156667,new,3,1,I:Tc-0.004K(mK?)
Gd0.9Pr0.95Ce0.15Cu1O4-MP-mp-4181.cif,Gd0.9Pr0.95Ce0.15Cu1O4,0.001,new,3,1,I:Tc-0.001K(mK?)
Au0.978In0.022-MP-mp-81.cif,Au0.978In0.022,0.0005,new,3,1,I:Tc-0.001K(mK?)
B0.015C0.985Cu1Sr2O5-MP-mp-1198030-synth_doped.cif,B0.015C0.985Cu1Sr2O5,0.0,V45,3,2,A:trace-dopant(B 0.0017); C:Cu-ox-6.00
B0.027C0.973Cu1Sr2O5-MP-mp-1198030-synth_doped.cif,B0.027C0.973Cu1Sr2O5,0.0,V45,3,2,A:trace-dopant(B 0.0030); C:Cu-ox-6.00
Ca0.01Cu1Y0.99O2.5-MP-mp-510475-synth_doped.cif,Ca0.01Cu1Y0.99O2.5,0.0,V45,3,2,A:trace-dopant(Ca 0.0022); C:Cu-ox-4.98
Ca0.01Cu1Y0.99O2.58-MP-mvc-11697-synth_doped.cif,Ca0.01Cu1Y0.99O2.58,0.0,V45,3,2,A:trace-dopant(Ca 0.0022); C:Cu-ox-5.14
Ca0.01Cu1Y0.99O2.65-MP-mvc-11697-synth_doped.cif,Ca0.01Cu1Y0.99O2.65,0.0,V45,3,2,A:trace-dopant(Ca 0.0022); C:Cu-ox-5.28
Ca1.998Cl2Cu1Na0.002O2-MP-mp-23143-synth_doped.cif,Ca1.998Cl2Cu1Na0.002O2,0.0,V45,3,2,A:trace-dopant(Na 0.0003); C:Cu-ox-0.00
Ce0.05Cu2Gd0.95Ru1Sr2O8-MP-mp-1194240-synth_doped.cif,Ce0.05Cu2Gd0.95Ru1Sr2O8,0.0,V45,3,2,A:trace-dopant(Ce 0.0036); C:Cu-ox-4.48
Ce0.06Ge12Pr0.94Pt4-MP-mp-1105939-synth_doped.cif,Ce0.06Ge12Pr0.94Pt4,0.0,V45,3,2,A:trace-dopant(Ce 0.0035); D:duplicate-Tc-0.0..5.5K(n=2)
Cu0.03Ru0.97Sr2Y1O6-MP-mp-14430-synth_doped.cif,Cu0.03Ru0.97Sr2Y1O6,0.0,V45,3,2,A:trace-dopant(Cu 0.0030); C:Cu-ox-266.67
Cu2Gd1La0.06Ru1Sr1.94O8-MP-mp-1194240-synth_doped.cif,Cu2Gd1La0.06Ru1Sr1.94O8,0.0,V45,3,2,A:trace-dopant(La 0.0043); C:Cu-ox-4.47
Cu3Pb2Sr2Tb0.02Y0.98O8-MP-mp-1198573-synth_doped.cif,Cu3Pb2Sr2Tb0.02Y0.98O8,0.0,V45,3,2,A:trace-dopant(Tb 0.0013); C:Cu-ox-4.00
Cu3Pb2Sr2Tb0.05Y0.95O8-MP-mp-1198573-synth_doped.cif,Cu3Pb2Sr2Tb0.05Y0.95O8,0.0,V45,3,2,A:trace-dopant(Tb 0.0031); C:Cu-ox-4.00
Y1Ba2Cu2.985Al0.015O7-MP-mp-20674.cif,Y1Ba2Cu2.985Al0.015O7,0.0,new,3,2,A:trace-dopant(Al 0.0012); C:Cu-ox-3.35
Y1Ba2Cu2.97Al0.03O7-MP-mp-20674.cif,Y1Ba2Cu2.97Al0.03O7,0.0,new,3,2,A:trace-dopant(Al 0.0023); C:Cu-ox-3.37
La2Ba1.7K0.03Cu2Ti2O10.69-MP-mp-695277.cif,La2Ba1.7K0.03Cu2Ti2O10.69,0.0,new,3,2,A:trace-dopant(K 0.0016); C:Cu-ox-5.97
Ba1.6Sr0.4Yb0.95Ca0.05Cu3O6.21-MP-mp-1099602.cif,Ba1.6Sr0.4Yb0.95Ca0.05Cu3O6.21,0.0,new,3,2,A:trace-dopant(Ca 0.0041); G:anion-ratio--0.47(Ba3Sr(CuO3)4)
Ba1.6Sr0.4Yb0.95Ca0.05Cu3O6.07-MP-mp-1099602.cif,Ba1.6Sr0.4Yb0.95Ca0.05Cu3O6.07,0.0,new,3,2,A:trace-dopant(Ca 0.0041); G:anion-ratio--0.49(Ba3Sr(CuO3)4)
Ba1.6Sr0.4Yb0.95Ca0.05Cu3O6.33-MP-mp-1099602.cif,Ba1.6Sr0.4Yb0.95Ca0.05Cu3O6.33,0.0,new,3,2,A:trace-dopant(Ca 0.0041); G:anion-ratio--0.45(Ba3Sr(CuO3)4)
Y1Ba2Cu2.955Co0.045O7-MP-mp-20674.cif,Y1Ba2Cu2.955Co0.045O7,0.0,new,3,2,A:trace-dopant(Co 0.0035); C:Cu-ox-3.38
Er1Ba2Cu2.67Zn0.3Fe0.03O6.88-MP-mp-1214708.cif,Er1Ba2Cu2.67Zn0.3Fe0.03O6.88,0.0,new,3,2,A:trace-dopant(Fe 0.0023); C:Cu-ox-3.43
Y1Ba2Cu2.97Zr0.03O6.94-MP-mp-20674.cif,Y1Ba2Cu2.97Zr0.03O6.94,0.0,new,3,2,A:trace-dopant(Zr 0.0023); C:Cu-ox-3.33
Er1Ba2Cu2.61Zn0.36Fe0.03O6.85-MP-mp-1214708.cif,Er1Ba2Cu2.61Zn0.36Fe0.03O6.85,0.0,new,3,2,A:trace-dopant(Fe 0.0023); C:Cu-ox-3.44
Bi1.6Pb0.35V0.05Sr2Ca2Cu3O9.92-MP-mp-1209015.cif,Bi1.6Pb0.35V0.05Sr2Ca2Cu3O9.92,0.0,new,3,2,A:trace-dopant(V 0.0026); C:Cu-ox-3.95
La1.4Sr1.6Mn1.95Cu0.05O7-MP-mp-698710.cif,La1.4Sr1.6Mn1.95Cu0.05O7,0.0,new,3,2,A:trace-dopant(Cu 0.0042); C:Cu-ox-132.00
Sn0.98In0.008Te1-MP-mp-1197742.cif,Sn0.98In0.008Te1,0.0,new,3,2,A:trace-dopant(In 0.0040); G:anion-ratio--1.49(In2Te5)
Sn0.979In0.009Te1-MP-mp-1197742.cif,Sn0.979In0.009Te1,0.0,new,3,2,A:trace-dopant(In 0.0045); G:anion-ratio--1.49(In2Te5)
LaSr2Mn1.95Cu0.05O7-MP-icsd-41494.cif,LaSr2Mn1.95Cu0.05O7,0.0,new,3,2,A:trace-dopant(Cu 0.0042); C:Cu-ox-140.00
La0.98Ca0.02Mn0.9Cu0.1O3-MP-icsd-41494.cif,La0.98Ca0.02Mn0.9Cu0.1O3,0.0,new,3,2,A:trace-dopant(Ca 0.0040); C:Cu-ox-30.20
La0.666Sr0.373Mn0.943Cu0.018O3-MP-icsd-41494.cif,La0.666Sr0.373Mn0.943Cu0.018O3,0.0,new,3,2,A:trace-dopant(Cu 0.0036); C:Cu-ox-180.89
Cu(Ge0.98Si0.02)O3-MP-mp-561216.cif,Cu(Ge0.98Si0.02)O3,0.0,new,3,2,A:trace-dopant(Si 0.0040); C:Cu-ox-6.00
CuFe0.99Ti0.01O2-MP-mp-510281.cif,CuFe0.99Ti0.01O2,0.0,new,3,2,A:trace-dopant(Ti 0.0025); C:Cu-ox-4.00
Zn0.9995Cu0.0005O-MP-mp-2133.cif,Zn0.9995Cu0.0005O,0.0,new,3,2,A:trace-dopant(Cu 0.0003); G:parent-lacks-Cu(ZnO)
CuCr0.99Sn0.01O2-MP-mp-510625.cif,CuCr0.99Sn0.01O2,0.0,new,3,2,A:trace-dopant(Sn 0.0025); C:Cu-ox-4.00
CuAl0.99Fe0.01O2-MP-mp-3098.cif,CuAl0.99Fe0.01O2,0.0,new,3,2,A:trace-dopant(Fe 0.0025); C:Cu-ox-4.00
CuAl0.99Mn0.01O2-MP-mp-3098.cif,CuAl0.99Mn0.01O2,0.0,new,3,2,A:trace-dopant(Mn 0.0025); C:Cu-ox-4.00
Cr1Cu1O2-MP-mp-510625.cif,Cr1Cu1O2,132.0,V45,2,1,C:Cu-ox-4.00
Hg0.8Mo0.2Ba2Ca1Cu2O6.4-MP-icsd-80718.cif,Hg0.8Mo0.2Ba2Ca1Cu2O6.4,127.0,new,2,1,C:Cu-ox-3.40
Tl0.6Pb0.2Bi0.2Sr1.8Ba0.2Ca2Cu3O9-MP-mp-1227794.cif,Tl0.6Pb0.2Bi0.2Sr1.8Ba0.2Ca2Cu3O9,122.0,new,2,1,C:Cu-ox-3.33
Ba2Ca2Cu3Tl2O10-MP-mp-1228620.cif,Ba2Ca2Cu3Tl2O10,118.975,V45,2,1,C:Cu-ox-4.00
Tl1.6Ba2Ca2.4Cu3O9.67-MP-mp-1204270.cif,Tl1.6Ba2Ca2.4Cu3O9.67,118.0,new,2,1,C:Cu-ox-3.51
Hg0.8W0.2Ba2Ca1Cu2O6.4-MP-icsd-80718.cif,Hg0.8W0.2Ba2Ca1Cu2O6.4,118.0,new,2,1,C:Cu-ox-3.40
Bi1.7Pb0.3Sr2Ca2Cu3F0.8O9.2-MP-mp-1209015.cif,Bi1.7Pb0.3Sr2Ca2Cu3F0.8O9.2,117.6,new,2,1,C:Cu-ox-3.47
Cr0.95Cu1Fe0.05O2-MP-mp-510625-synth_doped.cif,Cr0.95Cu1Fe0.05O2,117.5,V45,2,1,C:Cu-ox-4.00
Tl1.7Ba2Ca2.3Cu3O9.82-MP-mp-542197.cif,Tl1.7Ba2Ca2.3Cu3O9.82,116.0,new,2,1,C:Cu-ox-3.68
Tl0.8Bi0.2Ba2Ca2Cu3O9-MP-mp-6885.cif,Tl0.8Bi0.2Ba2Ca2Cu3O9,116.0,new,2,1,C:Cu-ox-3.33
Tl1Ba1Ca1Cu2O5.5-MP-mp-1204270.cif,Tl1Ba1Ca1Cu2O5.5,114.0,new,2,1,C:Cu-ox-3.50
Tl0.5Pb0.5Sr2Ca2Cu3O9-MP-mp-1173221.cif,Tl0.5Pb0.5Sr2Ca2Cu3O9,113.5,new,2,1,C:Cu-ox-3.33
Tl1.62Ba2Ca2.3Cu3O9.92-MP-mp-1204270.cif,Tl1.62Ba2Ca2.3Cu3O9.92,113.0,new,2,1,C:Cu-ox-3.75
Bi1.7Pb0.3Sr2Ca2Cu3F0.5O9.5-MP-mp-1209015.cif,Bi1.7Pb0.3Sr2Ca2Cu3F0.5O9.5,113.0,new,2,1,C:Cu-ox-3.67
Tl2Ba2Ca2Cu3O9.964-MP-mp-1228620.cif,Tl2Ba2Ca2Cu3O9.964,112.0,new,2,1,C:Cu-ox-3.98
Tl2Ba2Ca2Cu3O9.841-MP-mp-1228620.cif,Tl2Ba2Ca2Cu3O9.841,112.0,new,2,1,C:Cu-ox-3.89
Tl1.8Ba2Ca2.2Cu3O9.92-MP-mp-1204270.cif,Tl1.8Ba2Ca2.2Cu3O9.92,112.0,new,2,1,C:Cu-ox-3.81
Tl2Ba2Ca1Cu2O7.833-MP-mp-6885.cif,Tl2Ba2Ca1Cu2O7.833,112.0,new,2,1,C:Cu-ox-4.83
Tl2Ba2Ca2Cu3O9.877-MP-mp-1228620.cif,Tl2Ba2Ca2Cu3O9.877,111.0,new,2,1,C:Cu-ox-3.92
Bi1.7Pb0.3Sr2Ca2Cu3F0.2O9.8-MP-mp-1209015.cif,Bi1.7Pb0.3Sr2Ca2Cu3F0.2O9.8,111.0,new,2,1,C:Cu-ox-3.87
Hg1Tl1Ba2Ca3Cu4O12-MP-mp-1204270.cif,Hg1Tl1Ba2Ca3Cu4O12,110.0,new,2,1,C:Cu-ox-3.50
Tl2Ba2Ca1Cu2O7.876-MP-mp-6885.cif,Tl2Ba2Ca1Cu2O7.876,110.0,new,2,1,C:Cu-ox-4.88
Hg0.7Bi0.3Sr2Ca2Cu3O8.15-MP-mp-1516265.cif,Hg0.7Bi0.3Sr2Ca2Cu3O8.15,110.0,new,2,1,G:anion-ratio--0.48(SrCaCuBiO6)
Bi1.6Pb0.3Sb0.1Sr2Ca2Cu3O10-MP-mp-1209015.cif,Bi1.6Pb0.3Sb0.1Sr2Ca2Cu3O10,109.0,new,2,1,C:Cu-ox-4.00
Sr2Ca2Cu3O5.5-MP-mp-1218363.cif,Sr2Ca2Cu3O5.5,109.0,new,2,1,C:Cu-ox-1.00
Bi1.65Pb0.35Sr2Ca2Cu3O10-MP-mp-1209015.cif,Bi1.65Pb0.35Sr2Ca2Cu3O10,108.6,new,2,1,C:Cu-ox-4.00
Bi1.4Pb0.6Sr2Ca2Cu3O7-MP-mp-1209015.cif,Bi1.4Pb0.6Sr2Ca2Cu3O7,108.5,new,2,1,G:anion-ratio--0.33(Sr2Ca2Cu3(BiO5)2)
Tl2Ba2Ca1Cu2O7-MP-mp-6885.cif,Tl2Ba2Ca1Cu2O7,108.0,new,2,1,C:Cu-ox-4.00
Bi1.6Pb0.4Sr2Ca2Cu3O10-MP-mp-1209015.cif,Bi1.6Pb0.4Sr2Ca2Cu3O10,108.0,new,2,1,C:Cu-ox-4.00
Bi1.7Ca2Cu3Pb0.3Sr2O10-MP-mp-1209015-synth_doped.cif,Bi1.7Ca2Cu3Pb0.3Sr2O10,107.25,V45,2,1,C:Cu-ox-4.00
Tl2Ba2Ca1Cu2O7.958-MP-mp-6885.cif,Tl2Ba2Ca1Cu2O7.958,107.0,new,2,1,C:Cu-ox-4.96
Hg0.7Bi0.3Sr2Ca2Cu3O8.35-MP-mp-1516265.cif,Hg0.7Bi0.3Sr2Ca2Cu3O8.35,107.0,new,2,1,G:anion-ratio--0.46(SrCaCuBiO6)
Hg0.5Bi0.5Sr2Ca2Cu3O8.35-MP-mp-1516265.cif,Hg0.5Bi0.5Sr2Ca2Cu3O8.35,107.0,new,2,1,G:anion-ratio--0.46(SrCaCuBiO6)
Bi1.8Pb0.4Sr1.85Ca2.05Cu3O10.26-MP-mp-1218930.cif,Bi1.8Pb0.4Sr1.85Ca2.05Cu3O10.26,107.0,new,2,1,C:Cu-ox-4.24
Ba2Ca1Cu2Tl1O8-MP-mp-632802-synth_doped.cif,Ba2Ca1Cu2Tl1O8,105.9816667,V45,2,1,C:Cu-ox-5.00
Ca0.8Cu2Pb0.5Sr2Tl0.5Y0.2O7-MP-mp-1173221-synth_doped.cif,Ca0.8Cu2Pb0.5Sr2Tl0.5Y0.2O7,105.2,V45,2,1,C:Cu-ox-4.20
Ba2Ca0.85Cu2.2Tl1.8O8-MP-mp-6885-synth_doped.cif,Ba2Ca0.85Cu2.2Tl1.8O8,104.0,V45,2,1,C:Cu-ox-4.68
Hg0.7Bi0.3Sr2Ca2Cu3O8.65-MP-mp-1516265.cif,Hg0.7Bi0.3Sr2Ca2Cu3O8.65,104.0,new,2,1,G:anion-ratio--0.42(SrCaCuBiO6)
Bi1Pb1Sr2Ca2Cu3O10-MP-mp-1209015.cif,Bi1Pb1Sr2Ca2Cu3O10,103.5,new,2,1,C:Cu-ox-4.00
Ba2Ca0.8Ce0.2Cu2Tl2O8-MP-mp-6885-synth_doped.cif,Ba2Ca0.8Ce0.2Cu2Tl2O8,103.0,V45,2,1,C:Cu-ox-4.80
Ca1Cu2Nd0.16Pb0.5Sr1.84Tl0.5O7-MP-mp-1173221-synth_doped.cif,Ca1Cu2Nd0.16Pb0.5Sr1.84Tl0.5O7,102.0,V45,2,1,C:Cu-ox-3.92
Tl1Ba2Ca0.65Y0.35Cu2O7-MP-mp-654374.cif,Tl1Ba2Ca0.65Y0.35Cu2O7,102.0,new,2,1,C:Cu-ox-4.35
Hg0.8Bi0.2Sr2Ca2Cu3O8.35-MP-mp-1516265.cif,Hg0.8Bi0.2Sr2Ca2Cu3O8.35,102.0,new,2,1,G:anion-ratio--0.46(SrCaCuBiO6)
Ba2Ca0.9Ce0.1Cu2Tl2O8-MP-mp-6885-synth_doped.cif,Ba2Ca0.9Ce0.1Cu2Tl2O8,100.0,V45,2,1,C:Cu-ox-4.90
Tl1Ba2Ca0.8Nd0.2Cu2O6.86-MP-mp-632802.cif,Tl1Ba2Ca0.8Nd0.2Cu2O6.86,100.0,new,2,1,C:Cu-ox-3.76
Ca0.9Cu2Pb0.5Sr2Tl0.5Y0.1O7-MP-mp-1173221-synth_doped.cif,Ca0.9Cu2Pb0.5Sr2Tl0.5Y0.1O7,99.3,V45,2,1,C:Cu-ox-4.10
Sr2Ca1Cu2F2O4.6-MP-mp-1232334.cif,Sr2Ca1Cu2F2O4.6,99.0,new,2,1,G:anion-ratio--0.28(Sr3Cu2(OF)4)
Ba2Ca1Cu2Hg1O6.31-MP-mp-6879-synth_doped.cif,Ba2Ca1Cu2Hg1O6.31,98.0,V45,2,1,C:Cu-ox-3.31
Ba2Cu1Hg1O4.081-MP-mp-6562-synth_doped.cif,Ba2Cu1Hg1O4.081,98.0,V45,2,1,C:Cu-ox-4.16
Cr0.9Cu1Fe0.1O2-MP-mp-510625-synth_doped.cif,Cr0.9Cu1Fe0.1O2,98.0,V45,2,1,C:Cu-ox-4.00
Ba2Ca0.8Cu2Tl1Y0.2O7-MP-mp-632802-synth_doped.cif,Ba2Ca0.8Cu2Tl1Y0.2O7,97.6,V45,2,1,C:Cu-ox-4.20
Ba2Cu1Hg1O4.162-MP-mp-6562-synth_doped.cif,Ba2Cu1Hg1O4.162,97.4,V45,2,1,C:Cu-ox-4.32
Ba2Cu1Hg1O4.15-MP-mp-6562-synth_doped.cif,Ba2Cu1Hg1O4.15,97.0,V45,2,1,C:Cu-ox-4.30
Ba2Cu1Hg1O4.22-MP-mp-6562-synth_doped.cif,Ba2Cu1Hg1O4.22,97.0,V45,2,1,C:Cu-ox-4.44
Ba2Ca0.8Cu2Nd0.2Tl1O7-MP-mp-632802-synth_doped.cif,Ba2Ca0.8Cu2Nd0.2Tl1O7,96.3,V45,2,1,C:Cu-ox-3.90
Bi2Sr2.1Y0.1Ca0.8Cu2O8.26-MP-mp-1218884.cif,Bi2Sr2.1Y0.1Ca0.8Cu2O8.26,96.0,new,2,1,C:Cu-ox-5.36
Tl1Ba2Ca0.6Y0.4Cu2O7-MP-mp-654374.cif,Tl1Ba2Ca0.6Y0.4Cu2O7,95.8,new,2,1,C:Cu-ox-4.40
Ba2Cu1Hg1O4.096-MP-mp-6562-synth_doped.cif,Ba2Cu1Hg1O4.096,95.6,V45,2,1,C:Cu-ox-4.19
Ba2Ca0.7Cu2Nd0.3Tl1O7-MP-mp-632802-synth_doped.cif,Ba2Ca0.7Cu2Nd0.3Tl1O7,95.5,V45,2,1,C:Cu-ox-3.85
Ba2Cu1Hg1O4.097-MP-mp-6562-synth_doped.cif,Ba2Cu1Hg1O4.097,95.3,V45,2,1,C:Cu-ox-4.19
Bi2Ca0.92Cu2Sr2.08O8-MP-mp-1218930-synth_doped.cif,Bi2Ca0.92Cu2Sr2.08O8,95.3,V45,2,1,C:Cu-ox-5.00
Ba2Cu1Hg1O4.18-MP-mp-6562-synth_doped.cif,Ba2Cu1Hg1O4.18,95.16,V45,2,1,C:Cu-ox-4.36
Ba2Cu1Hg1O4.047-MP-mp-6562-synth_doped.cif,Ba2Cu1Hg1O4.047,95.0,V45,2,1,C:Cu-ox-4.09
Ba2Cu1Tl1O5-MP-mp-20942.cif,Ba2Cu1Tl1O5,95.0,V45,2,1,C:Cu-ox-6.00
Tl2Ba2Ca1Cu2O7.978-MP-mp-6885.cif,Tl2Ba2Ca1Cu2O7.978,95.0,new,2,1,C:Cu-ox-4.98
Bi2Sr2Ca2Cu4O11-MP-mp-1218959.cif,Bi2Sr2Ca2Cu4O11,95.0,new,2,1,C:Cu-ox-3.50
Ba2Cu1Hg1O4.2-MP-mp-6562-synth_doped.cif,Ba2Cu1Hg1O4.2,94.2,V45,2,1,C:Cu-ox-4.40
Bi2Sr2.4Ca0.6Cu2O8-MP-mp-1218930.cif,Bi2Sr2.4Ca0.6Cu2O8,94.2,new,2,1,C:Cu-ox-5.00
Bi2Sr1.9Y0.1Ca1Cu2O8.24-MP-mp-1218884.cif,Bi2Sr1.9Y0.1Ca1Cu2O8.24,94.0,new,2,1,C:Cu-ox-5.34
Ba2Ca0.8Cu2Gd0.2Tl1O7-MP-mp-632802-synth_doped.cif,Ba2Ca0.8Cu2Gd0.2Tl1O7,93.6,V45,2,1,C:Cu-ox-3.90
Bi2Sr2.65Ca0.35Cu2O8-MP-mp-1218930.cif,Bi2Sr2.65Ca0.35Cu2O8,93.6,new,2,1,C:Cu-ox-5.00
Ba2Cu1Hg1O4.101-MP-mp-6562-synth_doped.cif,Ba2Cu1Hg1O4.101,93.4,V45,2,1,C:Cu-ox-4.20
Y2La0.15Ba3.85Cu6O13.99-MP-mp-20674.cif,Y2La0.15Ba3.85Cu6O13.99,93.2,new,2,1,C:Cu-ox-3.31
Y0.5Cd0.5Ba2Cu3O7-MP-icsd-63321.cif,Y0.5Cd0.5Ba2Cu3O7,93.2,new,2,1,C:Cu-ox-3.33
Hg0.8V0.2Ba2Cu1O4.3-MP-mp-1228333.cif,Hg0.8V0.2Ba2Cu1O4.3,93.0,new,2,1,C:Cu-ox-4.60
Bi1.2Pb0.8Sr2Ca1Cu2O8-MP-mp-1218930.cif,Bi1.2Pb0.8Sr2Ca1Cu2O8,93.0,new,2,1,C:Cu-ox-5.00
Tl1Sr2Ca0.2Y0.8Cu2O6.97-MP-mp-1218486.cif,Tl1Sr2Ca0.2Y0.8Cu2O6.97,93.0,new,2,1,C:Cu-ox-4.77
Bi2Sr1.8Y0.1Ca1.1Cu2O8.23-MP-icsd-63210.cif,Bi2Sr1.8Y0.1Ca1.1Cu2O8.23,93.0,new,2,1,C:Cu-ox-5.33
Ba2Cd0.2Cu3Y0.8O7-MP-mp-20674-synth_doped.cif,Ba2Cd0.2Cu3Y0.8O7,92.8,V45,2,1,C:Cu-ox-3.33
Ba2Cd0.3Cu3Y0.7O7-MP-mp-20674-synth_doped.cif,Ba2Cd0.3Cu3Y0.7O7,92.8,V45,2,1,C:Cu-ox-3.33
Bi2Sr2Ca0.8Y0.2Cu2O8.27-MP-mp-1218884.cif,Bi2Sr2Ca0.8Y0.2Cu2O8.27,92.6,new,2,1,C:Cu-ox-5.47
Ba2Cu1Hg1O4.103-MP-mp-6562-synth_doped.cif,Ba2Cu1Hg1O4.103,92.5,V45,2,1,C:Cu-ox-4.21
Bi2Sr2Ca0.8Lu0.2Cu2O8.27-MP-mp-1218884.cif,Bi2Sr2Ca0.8Lu0.2Cu2O8.27,92.5,new,2,1,C:Cu-ox-5.47
Ba2Cu3Ho1O7-MP-mp-6616.cif,Ba2Cu3Ho1O7,92.475,V45,2,1,C:Cu-ox-3.33
Bi2Ca1Cu2Sr2O8.272-MP-mp-1218930-synth_doped.cif,Bi2Ca1Cu2Sr2O8.272,92.2,V45,2,1,C:Cu-ox-5.27
Ba2Cu3Er1O7-MP-mp-622110.cif,Ba2Cu3Er1O7,92.03333333,V45,2,1,C:Cu-ox-3.33
Ba2Cu1Hg1O4.085-MP-mp-6562-synth_doped.cif,Ba2Cu1Hg1O4.085,92.0,V45,2,1,C:Cu-ox-4.17
Bi2Ca1Cu2Sr2O8.194-MP-mp-1218930-synth_doped.cif,Bi2Ca1Cu2Sr2O8.194,92.0,V45,2,1,C:Cu-ox-5.19
Y1Ba2Cu2.9Al0.1O6.93-MP-mp-20674.cif,Y1Ba2Cu2.9Al0.1O6.93,92.0,new,2,1,C:Cu-ox-3.40
Y1Ba2Cu2.925Co0.075O6.97-MP-mp-20674.cif,Y1Ba2Cu2.925Co0.075O6.97,92.0,new,2,1,C:Cu-ox-3.40
Bi0.33Hg0.67Sr2Y0.5Ca0.5Cu2O7-MP-mp-1046226.cif,Bi0.33Hg0.67Sr2Y0.5Ca0.5Cu2O7,92.0,new,2,1,C:Cu-ox-4.50
Bi2Sr2Ca0.8Y0.2Cu2O8.26-MP-mp-1218884.cif,Bi2Sr2Ca0.8Y0.2Cu2O8.26,92.0,new,2,1,C:Cu-ox-5.46
Tl1Sr2Ca0.3Y0.7Cu2O6.97-MP-mp-1218486.cif,Tl1Sr2Ca0.3Y0.7Cu2O6.97,92.0,new,2,1,C:Cu-ox-4.67
Tl1Sr2Ca0.4Y0.6Cu2O6.93-MP-mp-1218486.cif,Tl1Sr2Ca0.4Y0.6Cu2O6.93,92.0,new,2,1,C:Cu-ox-4.53
Tl1Sr2Ca0.5Y0.5Cu2O6.89-MP-mp-1218486.cif,Tl1Sr2Ca0.5Y0.5Cu2O6.89,92.0,new,2,1,C:Cu-ox-4.39
Tl0.5Pb0.5Sr2Ca0.65Y0.35Cu2O7-MP-mp-1173221.cif,Tl0.5Pb0.5Sr2Ca0.65Y0.35Cu2O7,92.0,new,2,1,C:Cu-ox-4.35
Y1Ba1.9La0.1Cu3O7.06-MP-icsd-63321.cif,Y1Ba1.9La0.1Cu3O7.06,91.9,new,2,1,C:Cu-ox-3.34
Ba2Ca0.9Cu2Gd0.1Tl1O7-MP-mp-632802-synth_doped.cif,Ba2Ca0.9Cu2Gd0.1Tl1O7,91.8,V45,2,1,C:Cu-ox-3.95
Ho1Ba2Cu3O6.96-MP-mp-6616.cif,Ho1Ba2Cu3O6.96,91.8,new,2,1,C:Cu-ox-3.31
Y0.6Cd0.4Ba2Cu3O7-MP-icsd-63321.cif,Y0.6Cd0.4Ba2Cu3O7,91.7,new,2,1,C:Cu-ox-3.33
Y0.4Cd0.6Ba2Cu3O7-MP-icsd-63321.cif,Y0.4Cd0.6Ba2Cu3O7,91.7,new,2,1,C:Cu-ox-3.33
Bi2Sr2Ca0.8Yb0.2Cu2O8.26-MP-mp-1218884.cif,Bi2Sr2Ca0.8Yb0.2Cu2O8.26,91.65,new,2,1,C:Cu-ox-5.46
Y1Ba2Cu3O7.1-MP-icsd-63321.cif,Y1Ba2Cu3O7.1,91.65,new,2,1,C:Cu-ox-3.40
Y1Ba1.9K0.1Cu3O6.9-MP-mp-20674.cif,Y1Ba1.9K0.1Cu3O6.9,91.5,new,2,1,C:Cu-ox-3.30
Y1Re0.1Ba2Cu2.9O7-MP-mp-20674.cif,Y1Re0.1Ba2Cu2.9O7,91.5,new,2,1,C:Cu-ox-3.45
Y1Re0.15Ba2Cu2.85O7.07-MP-icsd-63321.cif,Y1Re0.15Ba2Cu2.85O7.07,91.5,new,2,1,C:Cu-ox-3.56
Y1Ba2Cu3O6.951-MP-mp-20674.cif,Y1Ba2Cu3O6.951,91.495,new,2,1,C:Cu-ox-3.30
Bi2Sr2Ca0.8Dy0.2Cu2O8.26-MP-mp-1218884.cif,Bi2Sr2Ca0.8Dy0.2Cu2O8.26,91.25,new,2,1,C:Cu-ox-5.46
Bi2Sr1.8Ca1Lu0.2Cu2O8.27-MP-mp-1218884.cif,Bi2Sr1.8Ca1Lu0.2Cu2O8.27,91.1,new,2,1,C:Cu-ox-5.47
Ba2Cu3Tb0.1Y0.9O7-MP-mp-20674-synth_doped.cif,Ba2Cu3Tb0.1Y0.9O7,91.0,V45,2,1,C:Cu-ox-3.33
Bi2Ca1Cu2Sr2O8.118-MP-mp-1218930-synth_doped.cif,Bi2Ca1Cu2Sr2O8.118,91.0,V45,2,1,C:Cu-ox-5.12
Bi2Ca1Cu2Sr2O8.195-MP-mp-1218930-synth_doped.cif,Bi2Ca1Cu2Sr2O8.195,91.0,V45,2,1,C:Cu-ox-5.20
Tl2Ba2Ca1Cu2O7.984-MP-mp-6885.cif,Tl2Ba2Ca1Cu2O7.984,91.0,new,2,1,C:Cu-ox-4.98
Tl1.63Ba2Ca1.3Cu2O7.94-MP-mp-632802.cif,Tl1.63Ba2Ca1.3Cu2O7.94,91.0,new,2,1,C:Cu-ox-4.64
Hg0.8Mn0.2Ba2Cu1O4.2-MP-mp-1229200.cif,Hg0.8Mn0.2Ba2Cu1O4.2,91.0,new,2,1,C:Cu-ox-4.40
Bi1.4Pb0.6Sr2Ca1Cu2O8-MP-mp-1218930.cif,Bi1.4Pb0.6Sr2Ca1Cu2O8,91.0,new,2,1,C:Cu-ox-5.00
Y1Re0.15Ba2Cu2.85O7.17-MP-icsd-63321.cif,Y1Re0.15Ba2Cu2.85O7.17,91.0,new,2,1,C:Cu-ox-3.63
Y1Ba2Cu3F0.2O7-MP-icsd-63321.cif,Y1Ba2Cu3F0.2O7,91.0,new,2,1,C:Cu-ox-3.33
Y1Re0.1Ba2Cu2.9O7.09-MP-icsd-63321.cif,Y1Re0.1Ba2Cu2.9O7.09,91.0,new,2,1,C:Cu-ox-3.51
Y1Ba2Cu3F0.1O7-MP-icsd-63321.cif,Y1Ba2Cu3F0.1O7,91.0,new,2,1,C:Cu-ox-3.33
Y0.68Tb0.32Ba2Cu3O7-MP-icsd-63321.cif,Y0.68Tb0.32Ba2Cu3O7,91.0,new,2,1,C:Cu-ox-3.33
Ba2Cu1Hg1O4.105-MP-mp-6562-synth_doped.cif,Ba2Cu1Hg1O4.105,90.9,V45,2,1,C:Cu-ox-4.21
Bi2Sr2Ca0.8Gd0.2Cu2O8.27-MP-mp-1218884.cif,Bi2Sr2Ca0.8Gd0.2Cu2O8.27,90.9,new,2,1,C:Cu-ox-5.17
Ba2Cu3Tm1O7-MP-mp-622108.cif,Ba2Cu3Tm1O7,90.83333333,V45,2,1,C:Cu-ox-3.33
Ba2Ca0.9Cu2Nd0.1Tl1O7-MP-mp-632802-synth_doped.cif,Ba2Ca0.9Cu2Nd0.1Tl1O7,90.8,V45,2,1,C:Cu-ox-3.95
Bi2Sr2Ca0.8Eu0.2Cu2O8.26-MP-mp-1218884.cif,Bi2Sr2Ca0.8Eu0.2Cu2O8.26,90.65,new,2,1,C:Cu-ox-5.16
Y1Ba2Cu3O6.97-MP-mp-20674.cif,Y1Ba2Cu3O6.97,90.575,new,2,1,C:Cu-ox-3.31
Y0.85Ca0.15Ba2Cu2.85Al0.15O6.87-MP-mp-20674.cif,Y0.85Ca0.15Ba2Cu2.85Al0.15O6.87,90.5,new,2,1,C:Cu-ox-3.31
Y1La0.2Ba1.8Cu3O7.79-MP-mp-1214613.cif,Y1La0.2Ba1.8Cu3O7.79,90.4,new,2,1,C:Cu-ox-3.79
Y1La0.2Ba1.8Cu3O7.49-MP-mp-1214613.cif,Y1La0.2Ba1.8Cu3O7.49,90.4,new,2,1,C:Cu-ox-3.59
Bi2Sr1.8Ca1Y0.2Cu2O8.25-MP-mp-1218884.cif,Bi2Sr1.8Ca1Y0.2Cu2O8.25,90.4,new,2,1,C:Cu-ox-5.45
Bi2Ca1Cu2Sr2O8.288-MP-mp-1218930-synth_doped.cif,Bi2Ca1Cu2Sr2O8.288,90.2,V45,2,1,C:Cu-ox-5.29
Bi2Sr1.8Ca1Yb0.2Cu2O8.26-MP-mp-1218884.cif,Bi2Sr1.8Ca1Yb0.2Cu2O8.26,90.1,new,2,1,C:Cu-ox-5.46
Bi2Ca1Cu2Sr2O8.1-MP-mp-1218930-synth_doped.cif,Bi2Ca1Cu2Sr2O8.1,90.0,V45,2,1,C:Cu-ox-5.10
Y1Ba2Cu2.85Ag0.15O7-MP-mp-20674.cif,Y1Ba2Cu2.85Ag0.15O7,90.0,new,2,1,C:Cu-ox-3.51
Y1Ba2Cu2.9Sn0.1O7.28-MP-mp-1214613.cif,Y1Ba2Cu2.9Sn0.1O7.28,90.0,new,2,1,C:Cu-ox-3.64
Y1Ba2Cu2.7In0.3O6.9-MP-mp-20674.cif,Y1Ba2Cu2.7In0.3O6.9,90.0,new,2,1,C:Cu-ox-3.63
Tl1Sr1.5La0.5Ca1Cu2O7-MP-mp-1218536.cif,Tl1Sr1.5La0.5Ca1Cu2O7,90.0,new,2,1,C:Cu-ox-3.75
Y1Re0.15Ba2Cu2.85O7.13-MP-icsd-63321.cif,Y1Re0.15Ba2Cu2.85O7.13,90.0,new,2,1,C:Cu-ox-3.60
Y1Re0.1Ba2Cu2.9O7.08-MP-icsd-63321.cif,Y1Re0.1Ba2Cu2.9O7.08,90.0,new,2,1,C:Cu-ox-3.50
Ba2Cd0.1Cu3Y0.9O7-MP-mp-20674-synth_doped.cif,Ba2Cd0.1Cu3Y0.9O7,89.9,V45,2,1,C:Cu-ox-3.33
Bi2Ca0.8Cu2Sr2.2O8-MP-mp-1218930-synth_doped.cif,Bi2Ca0.8Cu2Sr2.2O8,89.9,V45,2,1,C:Cu-ox-5.00
Tm1Ba2Cu3O6.96-MP-mp-622108.cif,Tm1Ba2Cu3O6.96,89.88,new,2,1,C:Cu-ox-3.31
Y1La0.2Ba1.8Cu3O7.77-MP-mp-1214613.cif,Y1La0.2Ba1.8Cu3O7.77,89.8,new,2,1,C:Cu-ox-3.78
Y1La0.2Ba1.8Cu3O7.46-MP-mp-1214613.cif,Y1La0.2Ba1.8Cu3O7.46,89.8,new,2,1,C:Cu-ox-3.57
Bi2Sr2Ca0.8Gd0.2Cu2O8.26-MP-mp-1218884.cif,Bi2Sr2Ca0.8Gd0.2Cu2O8.26,89.8,new,2,1,C:Cu-ox-5.16
Y1La0.2Ba1.8Cu3O7.57-MP-mp-1214613.cif,Y1La0.2Ba1.8Cu3O7.57,89.6,new,2,1,C:Cu-ox-3.65
Tm1Ba2Cu3O6.95-MP-mp-622108.cif,Tm1Ba2Cu3O6.95,89.465,new,2,1,C:Cu-ox-3.30
Bi2Ca0.75Cu2Sr2Y0.25O8-MP-mp-1218930-synth_doped.cif,Bi2Ca0.75Cu2Sr2Y0.25O8,89.4,V45,2,1,C:Cu-ox-5.25
Bi2Ca1Cu2Sr2O8.19-MP-mp-1218930-synth_doped.cif,Bi2Ca1Cu2Sr2O8.19,89.26666667,V45,2,1,C:Cu-ox-5.19
Bi2Sr2Ca0.8Nd0.2Cu2O8.26-MP-mp-1218884.cif,Bi2Sr2Ca0.8Nd0.2Cu2O8.26,89.25,new,2,1,C:Cu-ox-5.16
Bi2Sr1.8Ca1Dy0.2Cu2O8.26-MP-mp-1218884.cif,Bi2Sr1.8Ca1Dy0.2Cu2O8.26,89.2,new,2,1,C:Cu-ox-5.46
Bi2Ca1Cu2Sr2O8.16-MP-mp-1218930-synth_doped.cif,Bi2Ca1Cu2Sr2O8.16,89.125,V45,2,1,C:Cu-ox-5.16
Ba2Cu1Hg1O4.108-MP-mp-6562-synth_doped.cif,Ba2Cu1Hg1O4.108,89.1,V45,2,1,C:Cu-ox-4.22
Bi2Ca1Cu2Sr2O8.291-MP-mp-1218930-synth_doped.cif,Bi2Ca1Cu2Sr2O8.291,89.1,V45,2,1,C:Cu-ox-5.29
Y1La0.2Ba1.8Cu3O7.74-MP-mp-1214613.cif,Y1La0.2Ba1.8Cu3O7.74,89.1,new,2,1,C:Cu-ox-3.76
Y1La0.2Ba1.8Cu3O7.36-MP-mp-1214613.cif,Y1La0.2Ba1.8Cu3O7.36,89.1,new,2,1,C:Cu-ox-3.51
Bi2Sr1.6Ca1.2Y0.2Cu2O8.26-MP-mp-1218884.cif,Bi2Sr1.6Ca1.2Y0.2Cu2O8.26,89.1,new,2,1,C:Cu-ox-5.46
Ba2Cu1Hg1O4.058-MP-mp-6562-synth_doped.cif,Ba2Cu1Hg1O4.058,89.0,V45,2,1,C:Cu-ox-4.12
Y1Ba1.8Sr0.2Cu3O6.98-MP-mp-20674.cif,Y1Ba1.8Sr0.2Cu3O6.98,89.0,new,2,1,C:Cu-ox-3.32
Hg0.9W0.1Ba2Cu1O4.2-MP-mp-1229200.cif,Hg0.9W0.1Ba2Cu1O4.2,89.0,new,2,1,C:Cu-ox-4.40
Bi2Sr2Ca0.9Y0.1Cu2O8.2-MP-mp-1218884.cif,Bi2Sr2Ca0.9Y0.1Cu2O8.2,89.0,new,2,1,C:Cu-ox-5.30
Y1Ba1.5Sr0.5Cu3O6.96-MP-icsd-63321.cif,Y1Ba1.5Sr0.5Cu3O6.96,89.0,new,2,1,C:Cu-ox-3.31
Y1Ba2Cu3O7.19-MP-icsd-63321.cif,Y1Ba2Cu3O7.19,89.0,new,2,1,C:Cu-ox-3.46
Bi2Sr1.6Y0.1Ca1.3Cu2O8.23-MP-icsd-63210.cif,Bi2Sr1.6Y0.1Ca1.3Cu2O8.23,89.0,new,2,1,C:Cu-ox-5.33
Bi2Sr1.8Ca1Eu0.2Cu2O8.25-MP-mp-1218884.cif,Bi2Sr1.8Ca1Eu0.2Cu2O8.25,88.9,new,2,1,C:Cu-ox-5.15
Bi2Sr1.8Ca1Gd0.2Cu2O8.26-MP-mp-1218884.cif,Bi2Sr1.8Ca1Gd0.2Cu2O8.26,88.9,new,2,1,C:Cu-ox-5.16
Hg1Ba2Cu1O4.27-MP-mp-1228333.cif,Hg1Ba2Cu1O4.27,88.85,new,2,1,C:Cu-ox-4.54
Bi2Sr1.6Ca1.2Lu0.2Cu2O8.26-MP-mp-1218884.cif,Bi2Sr1.6Ca1.2Lu0.2Cu2O8.26,88.6,new,2,1,C:Cu-ox-5.46
Ba2Cu1Hg1O4.066-MP-mp-6562-synth_doped.cif,Ba2Cu1Hg1O4.066,88.5,V45,2,1,C:Cu-ox-4.13
Bi2Sr2Ca0.8La0.2Cu2O8.26-MP-mp-1218884.cif,Bi2Sr2Ca0.8La0.2Cu2O8.26,88.45,new,2,1,C:Cu-ox-5.16
Yb1Ba2Cu3O6.95-MP-mp-772788.cif,Yb1Ba2Cu3O6.95,88.4,new,2,1,C:Cu-ox-3.30
Bi2Sr1.6Ca1.2Yb0.2Cu2O8.26-MP-mp-1218884.cif,Bi2Sr1.6Ca1.2Yb0.2Cu2O8.26,88.3,new,2,1,C:Cu-ox-5.46
Bi2Ca1Cu2Sr2O8-MP-mp-1218930.cif,Bi2Ca1Cu2Sr2O8,88.25,V45,2,1,C:Cu-ox-5.00
Ba2Cu3Lu1O7-MP-mp-20324.cif,Ba2Cu3Lu1O7,88.24,V45,2,1,C:Cu-ox-3.33
Y0.75Ca0.25Ba2Cu2.75Al0.25O6.86-MP-mp-20674.cif,Y0.75Ca0.25Ba2Cu2.75Al0.25O6.86,88.2,new,2,1,C:Cu-ox-3.35
Bi4Ca3Sr3Cu4O16-MP-mp-1218930.cif,Bi4Ca3Sr3Cu4O16,88.16666667,new,2,1,C:Cu-ox-5.00
Y1La0.2Ba1.8Cu3O7.64-MP-mp-1214613.cif,Y1La0.2Ba1.8Cu3O7.64,88.1,new,2,1,C:Cu-ox-3.69
Ba2Cd0.25Cu1Tl1.75O6-MP-mp-6027-synth_doped.cif,Ba2Cd0.25Cu1Tl1.75O6,88.0,V45,2,1,C:Cu-ox-8.00
Ba2Cu1Hg1O4.16-MP-mp-6562-synth_doped.cif,Ba2Cu1Hg1O4.16,88.0,V45,2,1,C:Cu-ox-4.32
Bi2Ca0.75Cu2Pr0.25Sr2O8-MP-mp-1218930-synth_doped.cif,Bi2Ca0.75Cu2Pr0.25Sr2O8,88.0,V45,2,1,C:Cu-ox-4.88
Y0.9Ca0.1Ba2Cu2.9Co0.1O6.95-MP-mp-20674.cif,Y0.9Ca0.1Ba2Cu2.9Co0.1O6.95,88.0,new,2,1,C:Cu-ox-3.34
Yb1Ba2Cu3O6.97-MP-mp-772788.cif,Yb1Ba2Cu3O6.97,88.0,new,2,1,C:Cu-ox-3.31
Bi2Sr1.6Ca1.2Dy0.2Cu2O8.26-MP-mp-1218884.cif,Bi2Sr1.6Ca1.2Dy0.2Cu2O8.26,88.0,new,2,1,C:Cu-ox-5.46
Tl1Sr1.5Eu0.5Ca1Cu2O7-MP-mp-20824.cif,Tl1Sr1.5Eu0.5Ca1Cu2O7,88.0,new,2,1,C:Cu-ox-3.75
Tl1Sr1.5Nd0.5Ca1Cu2O7-MP-mp-1218759.cif,Tl1Sr1.5Nd0.5Ca1Cu2O7,88.0,new,2,1,C:Cu-ox-3.75
Tl1Sr1.5Pr0.5Ca1Cu2O7-MP-mp-1208792.cif,Tl1Sr1.5Pr0.5Ca1Cu2O7,88.0,new,2,1,C:Cu-ox-3.75
Y1La0.2Ba1.8Cu3O7.62-MP-mp-1214613.cif,Y1La0.2Ba1.8Cu3O7.62,87.9,new,2,1,C:Cu-ox-3.68
Ba2Cu1Tl2O6.12-MP-mp-6027-synth_doped.cif,Ba2Cu1Tl2O6.12,87.8,V45,2,1,C:Cu-ox-8.24
Bi2Sr1.8Ca1La0.2Cu2O8.27-MP-mp-1218884.cif,Bi2Sr1.8Ca1La0.2Cu2O8.27,87.8,new,2,1,C:Cu-ox-5.17
Bi2Sr2Ca0.8Y0.2Cu2O8.2-MP-mp-1218884.cif,Bi2Sr2Ca0.8Y0.2Cu2O8.2,87.8,new,2,1,C:Cu-ox-5.40
Y1Ba2Cu2.82Fe0.18O6.895-MP-mp-20674.cif,Y1Ba2Cu2.82Fe0.18O6.895,87.7,new,2,1,C:Cu-ox-3.47
Bi2Sr1.8Ca1Nd0.2Cu2O8.26-MP-mp-1218884.cif,Bi2Sr1.8Ca1Nd0.2Cu2O8.26,87.7,new,2,1,C:Cu-ox-5.16
Bi2Ca1Cu2Sr2O8.293-MP-mp-1218930-synth_doped.cif,Bi2Ca1Cu2Sr2O8.293,87.5,V45,2,1,C:Cu-ox-5.29
Y1Ba2Cu2.8Cr0.2O7-MP-mp-20674.cif,Y1Ba2Cu2.8Cr0.2O7,87.5,new,2,1,C:Cu-ox-3.57
Bi2Sr2Ca0.9Y0.1Cu2O8.23-MP-mp-1218884.cif,Bi2Sr2Ca0.9Y0.1Cu2O8.23,87.5,new,2,1,C:Cu-ox-5.33
Hg0.9Re0.1Ba2Cu1O4.33-MP-mp-1228333.cif,Hg0.9Re0.1Ba2Cu1O4.33,87.2,new,2,1,C:Cu-ox-4.66
Bi2Sr1.6Ca1.2Eu0.2Cu2O8.26-MP-mp-1218884.cif,Bi2Sr1.6Ca1.2Eu0.2Cu2O8.26,87.1,new,2,1,C:Cu-ox-5.16
Bi2Sr1.6Ca1.2Gd0.2Cu2O8.26-MP-mp-1218884.cif,Bi2Sr1.6Ca1.2Gd0.2Cu2O8.26,87.1,new,2,1,C:Cu-ox-5.16
Bi2Ca0.9Cu2Er0.1Sr2O8-MP-mp-1218930-synth_doped.cif,Bi2Ca0.9Cu2Er0.1Sr2O8,87.0,V45,2,1,C:Cu-ox-5.10
Y1Ba2Cu2.9Fe0.1O7.293-MP-mp-1214613.cif,Y1Ba2Cu2.9Fe0.1O7.293,87.0,new,2,1,C:Cu-ox-3.65
Tl2Ba2Cu1O5.876-MP-mp-6027.cif,Tl2Ba2Cu1O5.876,87.0,new,2,1,C:Cu-ox-7.75
Bi1.8Pb0.2Sr2Ca0.8Nd0.2Cu2O8.21-MP-mp-1218884.cif,Bi1.8Pb0.2Sr2Ca0.8Nd0.2Cu2O8.21,87.0,new,2,1,C:Cu-ox-5.11
Tl1Sr2Ca0.1Y0.9Cu2O6.97-MP-mp-1218486.cif,Tl1Sr2Ca0.1Y0.9Cu2O6.97,87.0,new,2,1,C:Cu-ox-4.87
Tl1Sr2Ca0.6Y0.4Cu2O6.86-MP-mp-1218486.cif,Tl1Sr2Ca0.6Y0.4Cu2O6.86,87.0,new,2,1,C:Cu-ox-4.26
Tl1Sr2Ca0.7Y0.3Cu2O6.84-MP-mp-20824.cif,Tl1Sr2Ca0.7Y0.3Cu2O6.84,87.0,new,2,1,C:Cu-ox-4.14
Y0.3Cd0.7Ba2Cu3O7-MP-icsd-63321.cif,Y0.3Cd0.7Ba2Cu3O7,87.0,new,2,1,C:Cu-ox-3.33
Bi1.6Pb0.4Sr2Ca0.8Nd0.2Cu2O8.16-MP-icsd-63210.cif,Bi1.6Pb0.4Sr2Ca0.8Nd0.2Cu2O8.16,87.0,new,2,1,C:Cu-ox-5.06
Bi2Ca1Cu2Sr2O8.11-MP-mp-1218930-synth_doped.cif,Bi2Ca1Cu2Sr2O8.11,86.45,V45,2,1,C:Cu-ox-5.11
Y1Ba2Cu2.92Fe0.08O7-MP-mp-20674.cif,Y1Ba2Cu2.92Fe0.08O7,86.2,new,2,1,C:Cu-ox-3.42
Ba2Ca0.9Cu2Tl1Y0.1O7-MP-mp-632802-synth_doped.cif,Ba2Ca0.9Cu2Tl1Y0.1O7,86.1,V45,2,1,C:Cu-ox-4.10
Bi4Sr3Ca1.5Y1.5Cu4O16-MP-mp-1218930.cif,Bi4Sr3Ca1.5Y1.5Cu4O16,86.1,new,2,1,C:Cu-ox-5.75
Ba1Cu1Tl0.76O4.5-MP-mvc-11834-synth_doped.cif,Ba1Cu1Tl0.76O4.5,86.0,V45,2,1,C:Cu-ox-7.00
Y1Ba1.99Cu2.847Ag0.153O6.7-MP-mp-1228425.cif,Y1Ba1.99Cu2.847Ag0.153O6.7,86.0,new,2,1,C:Cu-ox-3.31
Y1Ba1Sr1Cu2.9Mo0.1O7.16-MP-mp-1042500.cif,Y1Ba1Sr1Cu2.9Mo0.1O7.16,86.0,new,2,1,C:Cu-ox-3.56
Y0.85Ca0.15Ba2Cu2.85Co0.15O6.97-MP-mp-20674.cif,Y0.85Ca0.15Ba2Cu2.85Co0.15O6.97,86.0,new,2,1,C:Cu-ox-3.38
Tl1Bi1Sr2Ca1Cu2O7-MP-mp-20824.cif,Tl1Bi1Sr2Ca1Cu2O7,86.0,new,2,1,C:Cu-ox-4.00
Bi1.8Pb0.2Sr1.8Ca1Nd0.2Cu2O8.2-MP-mp-1218884.cif,Bi1.8Pb0.2Sr1.8Ca1Nd0.2Cu2O8.2,86.0,new,2,1,C:Cu-ox-5.10
Bi2Sr2Ca0.7Y0.3Cu2O8.3-MP-mp-1218884.cif,Bi2Sr2Ca0.7Y0.3Cu2O8.3,86.0,new,2,1,C:Cu-ox-5.60
Bi2Sr1.6Ca1.2La0.2Cu2O8.27-MP-mp-1218884.cif,Bi2Sr1.6Ca1.2La0.2Cu2O8.27,86.0,new,2,1,C:Cu-ox-5.17
Bi2Sr1.6Ca1.2Nd0.2Cu2O8.26-MP-mp-1218884.cif,Bi2Sr1.6Ca1.2Nd0.2Cu2O8.26,86.0,new,2,1,C:Cu-ox-5.16
Bi2Sr2Ca0.8Y0.2Cu2O8.34-MP-mp-1218884.cif,Bi2Sr2Ca0.8Y0.2Cu2O8.34,86.0,new,2,1,C:Cu-ox-5.54
Tl1Sr1.5Sm0.5Ca1Cu2O7-MP-mp-20824.cif,Tl1Sr1.5Sm0.5Ca1Cu2O7,86.0,new,2,1,C:Cu-ox-3.75
Tl1Sr2Ca2Cu3O9.4-MP-mp-620290.cif,Tl1Sr2Ca2Cu3O9.4,86.0,new,2,1,C:Cu-ox-3.60
Y1Ba1.5Sr0.5Cu3O6.98-MP-icsd-63321.cif,Y1Ba1.5Sr0.5Cu3O6.98,86.0,new,2,1,C:Cu-ox-3.32
Y1Ba1.5Sr0.5Cu3O6.95-MP-icsd-63321.cif,Y1Ba1.5Sr0.5Cu3O6.95,85.9,new,2,1,C:Cu-ox-3.30
Bi4Sr3Ca1.4Y1.6Cu4O16-MP-mp-1218930.cif,Bi4Sr3Ca1.4Y1.6Cu4O16,85.8,new,2,1,C:Cu-ox-5.80
Bi2Ca1Cu2Sr2O8.17-MP-mp-1218930-synth_doped.cif,Bi2Ca1Cu2Sr2O8.17,85.5,V45,2,1,C:Cu-ox-5.17
Bi2Ca1Cu2Sr2O8.27-MP-mp-1218930-synth_doped.cif,Bi2Ca1Cu2Sr2O8.27,85.5,V45,2,1,C:Cu-ox-5.27
Ba2Cu1Hg1O4.28-MP-mp-6562-synth_doped.cif,Ba2Cu1Hg1O4.28,85.0,V45,2,1,C:Cu-ox-4.56
Bi1Ca0.5Cu2Pb1Sr2Y0.5O8-MP-mp-1218870.cif,Bi1Ca0.5Cu2Pb1Sr2Y0.5O8,85.0,V45,2,1,C:Cu-ox-5.50
Bi2Ca1Cu2Sr2O8.196-MP-mp-1218930-synth_doped.cif,Bi2Ca1Cu2Sr2O8.196,85.0,V45,2,1,C:Cu-ox-5.20
Y1Ba2Cu2.8Al0.2O6.91-MP-mp-20674.cif,Y1Ba2Cu2.8Al0.2O6.91,85.0,new,2,1,C:Cu-ox-3.51
Y0.76Ca0.24Ba2Cu2.76Co0.24O6.84-MP-mp-20674.cif,Y0.76Ca0.24Ba2Cu2.76Co0.24O6.84,85.0,new,2,1,C:Cu-ox-3.33
Hg0.8Bi0.2Ba2Cu1O4.2-MP-mp-1229200.cif,Hg0.8Bi0.2Ba2Cu1O4.2,85.0,new,2,1,C:Cu-ox-4.40
Tl1Sr2Ca0.8Y0.2Cu2O6.82-MP-mp-20824.cif,Tl1Sr2Ca0.8Y0.2Cu2O6.82,85.0,new,2,1,C:Cu-ox-4.02
Y1Ba2Cu2.9Al0.1O7.1-MP-icsd-63321.cif,Y1Ba2Cu2.9Al0.1O7.1,85.0,new,2,1,C:Cu-ox-3.52
Y1Ba2Cu2.84Fe0.16O7.303-MP-icsd-63321.cif,Y1Ba2Cu2.84Fe0.16O7.303,85.0,new,2,1,C:Cu-ox-3.73
Bi1.6Pb0.4Sr2Ca0.6Nd0.4Cu2O8.26-MP-icsd-63210.cif,Bi1.6Pb0.4Sr2Ca0.6Nd0.4Cu2O8.26,85.0,new,2,1,C:Cu-ox-5.06
Hg1.4Tl0.6Ba2Y0.6Ca0.4Cu2O7.78-MP-mp-654374.cif,Hg1.4Tl0.6Ba2Y0.6Ca0.4Cu2O7.78,84.6,new,2,1,C:Cu-ox-5.38
Y1Ba1.3Sr0.7Cu3O6.98-MP-icsd-63321.cif,Y1Ba1.3Sr0.7Cu3O6.98,84.5,new,2,1,C:Cu-ox-3.32
Bi4Sr4Ca1.5Tm0.5Cu4O16.5-MP-mp-1218884.cif,Bi4Sr4Ca1.5Tm0.5Cu4O16.5,84.3,new,2,1,C:Cu-ox-5.50
Bi1.7Pb0.3Sr2Ca0.92Nd0.08Cu2O8.16-MP-mp-1218884.cif,Bi1.7Pb0.3Sr2Ca0.92Nd0.08Cu2O8.16,84.11,new,2,1,C:Cu-ox-5.12
Hg1.4Tl0.6Ba2Y0.5Ca0.5Cu2O7.74-MP-mp-654374.cif,Hg1.4Tl0.6Ba2Y0.5Ca0.5Cu2O7.74,84.0,new,2,1,C:Cu-ox-5.24
Y0.9Ca0.1Ba2Cu2.85Co0.15O6.91-MP-mp-20674.cif,Y0.9Ca0.1Ba2Cu2.85Co0.15O6.91,84.0,new,2,1,C:Cu-ox-3.38
Er0.76Ca0.24Ba2Cu2.76Co0.24O6.92-MP-mp-622110.cif,Er0.76Ca0.24Ba2Cu2.76Co0.24O6.92,84.0,new,2,1,C:Cu-ox-3.39
Y0.7Ca0.3Ba2Cu2.7Co0.3O6.93-MP-mp-20674.cif,Y0.7Ca0.3Ba2Cu2.7Co0.3O6.93,84.0,new,2,1,C:Cu-ox-3.43
Tl1Sr1.5Tm0.5Ca1Cu2O7-MP-mp-20824.cif,Tl1Sr1.5Tm0.5Ca1Cu2O7,84.0,new,2,1,C:Cu-ox-4.50
Tl1Sr1.5Yb0.5Ca1Cu2O7-MP-mp-20824.cif,Tl1Sr1.5Yb0.5Ca1Cu2O7,84.0,new,2,1,C:Cu-ox-4.50
Bi2Sr2Ca1Cu2I0.1O8.21-MP-mp-1209124.cif,Bi2Sr2Ca1Cu2I0.1O8.21,83.9,new,2,1,C:Cu-ox-5.21
Bi4Sr4Ca1.8Tm0.2Cu4O16.38-MP-mp-1218884.cif,Bi4Sr4Ca1.8Tm0.2Cu4O16.38,83.9,new,2,1,C:Cu-ox-5.29
Y1Ba2Cu2.91Ga0.09O7-MP-mp-20674.cif,Y1Ba2Cu2.91Ga0.09O7,83.71,new,2,1,C:Cu-ox-3.44
Y1Ba1Sr1Cu3O6.96-MP-icsd-63321.cif,Y1Ba1Sr1Cu3O6.96,83.5,new,2,1,C:Cu-ox-3.31
Ca1Cu2Pb0.5Sr2Tl0.5O7-MP-mp-1173221.cif,Ca1Cu2Pb0.5Sr2Tl0.5O7,83.15,V45,2,1,C:Cu-ox-4.00
Bi1Ca0.4Cu2Pb1Sr2Y0.6O8-MP-mp-1218870-synth_doped.cif,Bi1Ca0.4Cu2Pb1Sr2Y0.6O8,83.0,V45,2,1,C:Cu-ox-5.60
Er1Ba2Cu2.91Fe0.09O6.96-MP-mp-622110.cif,Er1Ba2Cu2.91Fe0.09O6.96,83.0,new,2,1,C:Cu-ox-3.41
Bi4Sr3Ca2.8Tm0.2Cu4O16.41-MP-mp-1218884.cif,Bi4Sr3Ca2.8Tm0.2Cu4O16.41,83.0,new,2,1,C:Cu-ox-5.30
Sr2Ca1Cu2.8O7.5-MP-mp-1218363.cif,Sr2Ca1Cu2.8O7.5,83.0,new,2,1,G:anion-ratio-+0.29(SrCa(CuO2)2)
Y1Ba1Sr1Cu3O6.98-MP-icsd-63321.cif,Y1Ba1Sr1Cu3O6.98,82.8,new,2,1,C:Cu-ox-3.32
Y0.8Ca0.2Ba2Cu2.8Co0.2O6.98-MP-mp-20674.cif,Y0.8Ca0.2Ba2Cu2.8Co0.2O6.98,82.5,new,2,1,C:Cu-ox-3.41
Y0.75Ca0.25Ba2Cu2.75Co0.25O6.98-MP-mp-20674.cif,Y0.75Ca0.25Ba2Cu2.75Co0.25O6.98,82.45,new,2,1,C:Cu-ox-3.44
Bi4Ca2Cu4Sr4O16.25-MP-mp-1218930-synth_doped.cif,Bi4Ca2Cu4Sr4O16.25,82.4,V45,2,1,C:Cu-ox-5.12
Y0.8Ca0.2Ba2Cu2.75Co0.25O7.01-MP-icsd-63321.cif,Y0.8Ca0.2Ba2Cu2.75Co0.25O7.01,82.2,new,2,1,C:Cu-ox-3.50
Ba2Cu1Hg1O4.052-MP-mp-6562-synth_doped.cif,Ba2Cu1Hg1O4.052,82.0,V45,2,1,C:Cu-ox-4.10
Ba2Cu1Hg1O4.117-MP-mp-6562-synth_doped.cif,Ba2Cu1Hg1O4.117,82.0,V45,2,1,C:Cu-ox-4.23
Y1Ba2Cu2.89Al0.11O7-MP-mp-20674.cif,Y1Ba2Cu2.89Al0.11O7,82.0,new,2,1,C:Cu-ox-3.46
Y1Ba2Cu2.6Fe0.4O7.401-MP-mp-505589.cif,Y1Ba2Cu2.6Fe0.4O7.401,82.0,new,2,1,C:Cu-ox-4.15
Y0.7Ca0.3Ba2Cu2.7Co0.3O7.02-MP-mp-1214613.cif,Y0.7Ca0.3Ba2Cu2.7Co0.3O7.02,82.0,new,2,1,C:Cu-ox-3.50
Y0.64Ca0.36Ba2Cu2.64Co0.36O6.87-MP-mp-1227472.cif,Y0.64Ca0.36Ba2Cu2.64Co0.36O6.87,82.0,new,2,1,C:Cu-ox-3.42
Y1Ba2Cu2.68Fe0.32O7.343-MP-mp-505589.cif,Y1Ba2Cu2.68Fe0.32O7.343,82.0,new,2,1,C:Cu-ox-3.99
Tl2Ba2Cu1O5.912-MP-mp-6027.cif,Tl2Ba2Cu1O5.912,82.0,new,2,1,C:Cu-ox-7.82
Tl1Sr1.5Lu0.5Ca1Cu2O7-MP-mp-20824.cif,Tl1Sr1.5Lu0.5Ca1Cu2O7,82.0,new,2,1,C:Cu-ox-4.50
Yb0.7Ca0.3Ba1.6Sr0.4Cu3O6.56-MP-mp-1099602.cif,Yb0.7Ca0.3Ba1.6Sr0.4Cu3O6.56,81.35,new,2,1,G:anion-ratio--0.41(Ba3Sr(CuO3)4)
Bi2Ca1Cu2Sr2O8.12-MP-mp-1218930-synth_doped.cif,Bi2Ca1Cu2Sr2O8.12,81.3,V45,2,1,C:Cu-ox-5.12
Ba2Ca0.7Cu2Gd0.3Tl1O7-MP-mp-632802-synth_doped.cif,Ba2Ca0.7Cu2Gd0.3Tl1O7,81.25,V45,2,1,C:Cu-ox-3.85
Ba2Cu1Hg1O4.3-MP-mp-6562-synth_doped.cif,Ba2Cu1Hg1O4.3,81.0,V45,2,1,C:Cu-ox-4.60
Ba2Cu1Tl2O6.01-MP-mp-6027-synth_doped.cif,Ba2Cu1Tl2O6.01,81.0,V45,2,1,C:Cu-ox-8.02
Bi2Ca1Cu2Sr2O8.14-MP-mp-1218930-synth_doped.cif,Bi2Ca1Cu2Sr2O8.14,81.0,V45,2,1,C:Cu-ox-5.14
Zn1Tl0.78Ba1Cu1O4.5-MP-mp-6027.cif,Zn1Tl0.78Ba1Cu1O4.5,81.0,new,2,1,C:Cu-ox-5.00
Ba1.6Sr0.4Yb1Cu3O6.8-MP-mp-1099602.cif,Ba1.6Sr0.4Yb1Cu3O6.8,81.0,new,2,1,G:anion-ratio--0.37(Ba3Sr(CuO3)4)
Yb1Ba1.7Sr0.3Cu3O6.9-MP-mp-1099602.cif,Yb1Ba1.7Sr0.3Cu3O6.9,81.0,new,2,1,G:anion-ratio--0.35(Ba3Sr(CuO3)4)
Er0.76Ca0.24Ba1.8Sr0.2Cu2.76Co0.24O6.91-MP-mp-622110.cif,Er0.76Ca0.24Ba1.8Sr0.2Cu2.76Co0.24O6.91,81.0,new,2,1,C:Cu-ox-3.38
Y1Ba2Cu2.9Ga0.1O6.8-MP-mp-1228903.cif,Y1Ba2Cu2.9Ga0.1O6.8,81.0,new,2,1,C:Cu-ox-3.31
Bi4Sr3Ca2.5Tm0.5Cu4O16.52-MP-mp-1218884.cif,Bi4Sr3Ca2.5Tm0.5Cu4O16.52,81.0,new,2,1,C:Cu-ox-5.51
Tl1Sr1.3Nd0.7Ca1Cu2O7-MP-mp-1218759.cif,Tl1Sr1.3Nd0.7Ca1Cu2O7,81.0,new,2,1,C:Cu-ox-3.65
Ba2Ca1Cu2Tl1O7-MP-mp-632802.cif,Ba2Ca1Cu2Tl1O7,80.8,V45,2,1,C:Cu-ox-4.00
Y0.85Ca0.15Ba2Cu2.75Co0.25O7.01-MP-icsd-63321.cif,Y0.85Ca0.15Ba2Cu2.75Co0.25O7.01,80.6,new,2,1,C:Cu-ox-3.53
Bi1.7Ca1Cu2Pb0.3Sr2O8-MP-mp-1218930-synth_doped.cif,Bi1.7Ca1Cu2Pb0.3Sr2O8,80.5,V45,2,1,C:Cu-ox-5.00
Y1Ba2Cu2.9Fe0.1O7-MP-mp-20674.cif,Y1Ba2Cu2.9Fe0.1O7,80.5,new,2,1,C:Cu-ox-3.45
Bi1.7Pb0.3Sr2Ca1Cu2O8.05-MP-mp-1218884.cif,Bi1.7Pb0.3Sr2Ca1Cu2O8.05,80.5,new,2,1,C:Cu-ox-5.05
Y1Ba0.74Sr1.26Cu3O6.98-MP-icsd-63321.cif,Y1Ba0.74Sr1.26Cu3O6.98,80.5,new,2,1,C:Cu-ox-3.32
Yb1Ba1.6Sr0.4Cu3O6.88-MP-mp-1099602.cif,Yb1Ba1.6Sr0.4Cu3O6.88,80.2,new,2,1,G:anion-ratio--0.35(Ba3Sr(CuO3)4)
Ba2Cu1Hg1O4.21-MP-mp-6562-synth_doped.cif,Ba2Cu1Hg1O4.21,80.0,V45,2,1,C:Cu-ox-4.42
Bi2Ca0.9Cu2Gd0.1Sr2O8-MP-mp-1218930-synth_doped.cif,Bi2Ca0.9Cu2Gd0.1Sr2O8,80.0,V45,2,1,C:Cu-ox-4.95
La2.5Y0.5Ca1Ba3Cu7Fe7O16.574-MP-mp-505589.cif,La2.5Y0.5Ca1Ba3Cu7Fe7O16.574,80.0,new,2,1,G:anion-ratio--0.46(BaYFeCuO5)
Fe0.5Ba2Y1Cu2.5O7.41-MP-mp-505589.cif,Fe0.5Ba2Y1Cu2.5O7.41,80.0,new,2,1,C:Cu-ox-4.33
Y1Ba2Cu2.5Fe0.5O7.35-MP-mp-505589.cif,Y1Ba2Cu2.5Fe0.5O7.35,80.0,new,2,1,C:Cu-ox-4.28
Tl1Sr1.5Dy0.5Ca1Cu2O7-MP-mp-20824.cif,Tl1Sr1.5Dy0.5Ca1Cu2O7,80.0,new,2,1,C:Cu-ox-4.50
Tl1Sr1.5Ho0.5Ca1Cu2O7-MP-mp-20824.cif,Tl1Sr1.5Ho0.5Ca1Cu2O7,80.0,new,2,1,C:Cu-ox-4.50
Tl1Sr1.5Tb0.5Ca1Cu2O7-MP-mp-20824.cif,Tl1Sr1.5Tb0.5Ca1Cu2O7,80.0,new,2,1,C:Cu-ox-4.50
Y1Ba2Cu2.88Ga0.12O7-MP-mp-20674.cif,Y1Ba2Cu2.88Ga0.12O7,79.89,new,2,1,C:Cu-ox-3.47
Bi4Sr3Ca1.6Y1.4Cu4O16-MP-mp-1218930.cif,Bi4Sr3Ca1.6Y1.4Cu4O16,79.8,new,2,1,C:Cu-ox-5.70
Bi1Ca0.6Cu2Pb1Sr2Y0.4O8-MP-mp-1218870-synth_doped.cif,Bi1Ca0.6Cu2Pb1Sr2Y0.4O8,79.5,V45,2,1,C:Cu-ox-5.40
Bi4Sr3Ca1.2Y1.8Cu4O16-MP-mp-1218930.cif,Bi4Sr3Ca1.2Y1.8Cu4O16,79.3,new,2,1,C:Cu-ox-5.90
Y1Ba2Cu2.82Ga0.18O7-MP-mp-20674.cif,Y1Ba2Cu2.82Ga0.18O7,79.24,new,2,1,C:Cu-ox-3.55
Ba2Cu1Hg1O4.055-MP-mp-6562-synth_doped.cif,Ba2Cu1Hg1O4.055,79.1,V45,2,1,C:Cu-ox-4.11
Bi2Ca0.7Cu2I1Sr2Y0.3O8-MP-mp-1209124-synth_doped.cif,Bi2Ca0.7Cu2I1Sr2Y0.3O8,79.0,V45,2,1,C:Cu-ox-5.30
Ho1Ba1Sr1Cu3O6.94-MP-mp-1227777.cif,Ho1Ba1Sr1Cu3O6.94,79.0,new,2,1,G:parent-lacks-Cu(BaSrHo4O8)
Ba1.6Sr0.4Yb0.65Ca0.35Cu3O6.52-MP-mp-1099602.cif,Ba1.6Sr0.4Yb0.65Ca0.35Cu3O6.52,79.0,new,2,1,G:anion-ratio--0.41(Ba3Sr(CuO3)4)
Tl1Sr1.5Gd0.5Ca1Cu2O7-MP-mp-20824.cif,Tl1Sr1.5Gd0.5Ca1Cu2O7,79.0,new,2,1,C:Cu-ox-3.75
Bi1.6Pb0.4Sr1.6Ca1Nd0.4Cu2O8.17-MP-icsd-63210.cif,Bi1.6Pb0.4Sr1.6Ca1Nd0.4Cu2O8.17,79.0,new,2,1,C:Cu-ox-4.97
Y1Ba2Cu2.85Ga0.15O7-MP-mp-20674.cif,Y1Ba2Cu2.85Ga0.15O7,78.49,new,2,1,C:Cu-ox-3.51
Ba2Cu1Hg1O4.17-MP-mp-6562-synth_doped.cif,Ba2Cu1Hg1O4.17,78.0,V45,2,1,C:Cu-ox-4.34
Ba2Cu1Hg1O4.31-MP-mp-6562-synth_doped.cif,Ba2Cu1Hg1O4.31,78.0,V45,2,1,C:Cu-ox-4.62
Bi2Ca1Cu2Sr2O8.198-MP-mp-1218930-synth_doped.cif,Bi2Ca1Cu2Sr2O8.198,78.0,V45,2,1,C:Cu-ox-5.20
Sr1.5Ba0.5Y1Cu2.8Ti0.2O7.2-MP-mp-1389826.cif,Sr1.5Ba0.5Y1Cu2.8Ti0.2O7.2,78.0,new,2,1,C:Cu-ox-3.71
Ba1.6Sr0.4Yb0.65Ca0.35Cu3O6.53-MP-mp-1099602.cif,Ba1.6Sr0.4Yb0.65Ca0.35Cu3O6.53,78.0,new,2,1,G:anion-ratio--0.41(Ba3Sr(CuO3)4)
Tl1Sr1.5Er0.5Ca1Cu2O7-MP-mp-20824.cif,Tl1Sr1.5Er0.5Ca1Cu2O7,78.0,new,2,1,C:Cu-ox-4.50
Y1Sr2Mo0.25Cu2.75O7.54-MP-mp-1079351.cif,Y1Sr2Mo0.25Cu2.75O7.54,78.0,new,2,1,C:Cu-ox-4.03
Y1Ba0.5Sr1.5Cu3O6.98-MP-icsd-63321.cif,Y1Ba0.5Sr1.5Cu3O6.98,78.0,new,2,1,C:Cu-ox-3.32
Er0.88Ca0.12Ba2Cu2.82Co0.18O6.93-MP-mp-622110.cif,Er0.88Ca0.12Ba2Cu2.82Co0.18O6.93,77.5,new,2,1,C:Cu-ox-3.41
Hg0.5Fe0.5Sr2Y0.4Ca0.6Cu2O6.67-MP-mp-1042547.cif,Hg0.5Fe0.5Sr2Y0.4Ca0.6Cu2O6.67,77.5,new,2,1,C:Cu-ox-4.07
Ca0.39Cu3Pb2Sr2Y0.61O8-MP-mp-1218734-synth_doped.cif,Ca0.39Cu3Pb2Sr2Y0.61O8,77.0,V45,2,1,C:Cu-ox-3.74
Al1Sr2Ca2Cu3O9.9-MP-mp-1264781.cif,Al1Sr2Ca2Cu3O9.9,77.0,new,2,1,C:Cu-ox-3.93
Er0.76Ca0.24Ba1.6Sr0.4Cu2.76Co0.24O6.88-MP-mp-1227765.cif,Er0.76Ca0.24Ba1.6Sr0.4Cu2.76Co0.24O6.88,77.0,new,2,1,C:Cu-ox-3.36
Ba1.6Sr0.4Yb0.65Ca0.35Cu3O6.63-MP-mp-1099602.cif,Ba1.6Sr0.4Yb0.65Ca0.35Cu3O6.63,77.0,new,2,1,G:anion-ratio--0.40(Ba3Sr(CuO3)4)
Y1Ba2Cu2.79Ga0.21O7-MP-mp-20674.cif,Y1Ba2Cu2.79Ga0.21O7,76.91,new,2,1,C:Cu-ox-3.58
Y0.9Ca0.1Ba2Cu2.75Co0.25O7.03-MP-icsd-63321.cif,Y0.9Ca0.1Ba2Cu2.75Co0.25O7.03,76.9,new,2,1,C:Cu-ox-3.59
Bi1.7Pb0.3Sr2Ca0.9Nd0.1Cu2O8.27-MP-mp-1218884.cif,Bi1.7Pb0.3Sr2Ca0.9Nd0.1Cu2O8.27,76.67,new,2,1,C:Cu-ox-5.22
Bi2Ca0.9Cu2Sr2Y0.1O8-MP-mp-1218930-synth_doped.cif,Bi2Ca0.9Cu2Sr2Y0.1O8,76.5,V45,2,1,C:Cu-ox-5.10
Cu3Dy1Pb2Sr2O8-MP-mp-22301.cif,Cu3Dy1Pb2Sr2O8,76.5,V45,2,1,C:Cu-ox-4.00
Y1Ba2Cu2.9Ni0.1O6.92-MP-mp-20674.cif,Y1Ba2Cu2.9Ni0.1O6.92,76.5,new,2,1,C:Cu-ox-3.32
Bi2Ca2Cu2Sr1O8.229-MP-mp-1208800-synth_doped.cif,Bi2Ca2Cu2Sr1O8.229,76.4,V45,2,1,C:Cu-ox-5.23
Bi1Ca0.35Cu2Pb1Sr2Y0.65O8-MP-mp-1218870-synth_doped.cif,Bi1Ca0.35Cu2Pb1Sr2Y0.65O8,76.0,V45,2,1,C:Cu-ox-5.65
Ca0.47Cu3Pb2Sr2Y0.53O8-MP-mp-1218734-synth_doped.cif,Ca0.47Cu3Pb2Sr2Y0.53O8,76.0,V45,2,1,C:Cu-ox-3.69
Hg1Tl1Ba2Ca2Cu3O10-MP-mp-1204270.cif,Hg1Tl1Ba2Ca2Cu3O10,76.0,new,2,1,C:Cu-ox-4.00
Ba1.6Sr0.4Yb0.85Ca0.15Cu3O6.83-MP-mp-1099602.cif,Ba1.6Sr0.4Yb0.85Ca0.15Cu3O6.83,76.0,new,2,1,G:anion-ratio--0.36(Ba3Sr(CuO3)4)
Ba1.6Sr0.4Yb0.6Ca0.4Cu3O6.61-MP-mp-1099602.cif,Ba1.6Sr0.4Yb0.6Ca0.4Cu3O6.61,76.0,new,2,1,G:anion-ratio--0.40(Ba3Sr(CuO3)4)
La2Ca2Ba2Cu3O13.712-MP-icsd-41494.cif,La2Ca2Ba2Cu3O13.712,76.0,new,2,1,C:Cu-ox-4.47
Y1Ba2Cu2.85Fe0.15O7.02-MP-icsd-63321.cif,Y1Ba2Cu2.85Fe0.15O7.02,76.0,new,2,1,C:Cu-ox-3.52
Bi2Sr2Ca0.6Y0.4Cu2O8.36-MP-icsd-173899.cif,Bi2Sr2Ca0.6Y0.4Cu2O8.36,76.0,new,2,1,C:Cu-ox-5.76
Bi2Sr2Ca0.9Pr0.1Cu2O8.234-MP-mp-1218884.cif,Bi2Sr2Ca0.9Pr0.1Cu2O8.234,75.8,new,2,1,C:Cu-ox-5.18
Y1Ba2Cu2.82Fe0.18O6.95-MP-mp-20674.cif,Y1Ba2Cu2.82Fe0.18O6.95,75.6,new,2,1,C:Cu-ox-3.51
Ca0.5Cu3Ho0.5Pb2Sr2O8-MP-mp-1218617.cif,Ca0.5Cu3Ho0.5Pb2Sr2O8,75.56666667,V45,2,1,C:Cu-ox-3.67
Bi2Ca0.9Ce0.1Cu2Sr2O8-MP-mp-1218930-synth_doped.cif,Bi2Ca0.9Ce0.1Cu2Sr2O8,75.455,V45,2,1,C:Cu-ox-4.90
Bi1Ca0.7Cu2Pb1Sr2Y0.3O8-MP-mp-1218870-synth_doped.cif,Bi1Ca0.7Cu2Pb1Sr2Y0.3O8,75.0,V45,2,1,C:Cu-ox-5.30
Bi2Ca0.8Cu2I1Sr2Y0.2O8-MP-mp-1209124-synth_doped.cif,Bi2Ca0.8Cu2I1Sr2Y0.2O8,75.0,V45,2,1,C:Cu-ox-5.20
Y1Ba2Cu2.9Al0.1O7-MP-mp-20674.cif,Y1Ba2Cu2.9Al0.1O7,75.0,new,2,1,C:Cu-ox-3.45
Ba1.6Sr0.4Yb0.6Ca0.4Cu3O6.36-MP-mp-1099602.cif,Ba1.6Sr0.4Yb0.6Ca0.4Cu3O6.36,75.0,new,2,1,G:anion-ratio--0.44(Ba3Sr(CuO3)4)
Y1Ba2Cu2.7Ga0.3O6.93-MP-mp-20674.cif,Y1Ba2Cu2.7Ga0.3O6.93,75.0,new,2,1,C:Cu-ox-3.65
Hg0.9Mo0.1Ba2Cu1O4.2-MP-mp-1229200.cif,Hg0.9Mo0.1Ba2Cu1O4.2,75.0,new,2,1,C:Cu-ox-4.40
Tl1Sr2Ca1Cu2O6.68-MP-mp-20824.cif,Tl1Sr2Ca1Cu2O6.68,75.0,new,2,1,C:Cu-ox-3.68
Y1Ba2Cu2.9Fe0.1O6.9-MP-mp-20674.cif,Y1Ba2Cu2.9Fe0.1O6.9,74.9,new,2,1,C:Cu-ox-3.38
Y1Ba2Cu2.91Zn0.09O6.9-MP-mp-20674.cif,Y1Ba2Cu2.91Zn0.09O6.9,74.6,new,2,1,C:Cu-ox-3.31
Hg1.4Tl0.6Ba2Y0.7Ca0.3Cu2O7.81-MP-mp-654374.cif,Hg1.4Tl0.6Ba2Y0.7Ca0.3Cu2O7.81,74.5,new,2,1,C:Cu-ox-5.51
Y1Ba2Cu2.91Ti0.09O6.9-MP-mp-20674.cif,Y1Ba2Cu2.91Ti0.09O6.9,74.1,new,2,1,C:Cu-ox-3.37
Bi2Ca1Cu2Sr2O8.197-MP-mp-1218930-synth_doped.cif,Bi2Ca1Cu2Sr2O8.197,74.0,V45,2,1,C:Cu-ox-5.20
Ba1.6Sr0.4Yb0.75Ca0.25Cu3O6.68-MP-mp-1099602.cif,Ba1.6Sr0.4Yb0.75Ca0.25Cu3O6.68,74.0,new,2,1,G:anion-ratio--0.39(Ba3Sr(CuO3)4)
Y1Ba2Cu2.82Fe0.18O7-MP-mp-20674.cif,Y1Ba2Cu2.82Fe0.18O7,74.0,new,2,1,C:Cu-ox-3.55
Bi0.33Hg0.67Sr2Y1Cu2O7-MP-mp-1046226.cif,Bi0.33Hg0.67Sr2Y1Cu2O7,74.0,new,2,1,C:Cu-ox-5.00
Tl1Sr2Ca0.4Pr0.6Cu2O7-MP-mp-1208792.cif,Tl1Sr2Ca0.4Pr0.6Cu2O7,74.0,new,2,1,C:Cu-ox-3.70
Bi2Sr2Ca0.65Y0.35Cu2O8.3-MP-icsd-173899.cif,Bi2Sr2Ca0.65Y0.35Cu2O8.3,74.0,new,2,1,C:Cu-ox-5.65
Bi2Sr1.8Ca1.2Cu2O8.211-MP-mp-1218884.cif,Bi2Sr1.8Ca1.2Cu2O8.211,73.7,new,2,1,C:Cu-ox-5.21
Ba2Cu1Hg1O4.05-MP-mp-6562-synth_doped.cif,Ba2Cu1Hg1O4.05,73.5,V45,2,1,C:Cu-ox-4.10
Bi1.9Pb0.1Sr2Ca1Cu2O8.2-MP-mp-1218884.cif,Bi1.9Pb0.1Sr2Ca1Cu2O8.2,73.5,new,2,1,C:Cu-ox-5.20
Ba2Cu1Hg0.9O4-MP-mp-6562-synth_doped.cif,Ba2Cu1Hg0.9O4,73.0,V45,2,1,C:Cu-ox-4.00
Ba2Cu1Hg1O4.045-MP-mp-6562-synth_doped.cif,Ba2Cu1Hg1O4.045,73.0,V45,2,1,C:Cu-ox-4.09
Ba2Cu1Hg1O4.06-MP-mp-6562-synth_doped.cif,Ba2Cu1Hg1O4.06,73.0,V45,2,1,C:Cu-ox-4.12
Bi2Ca0.8Cu2Gd0.2Sr2O8-MP-mp-1218930-synth_doped.cif,Bi2Ca0.8Cu2Gd0.2Sr2O8,73.0,V45,2,1,C:Cu-ox-4.90
Y1Ba2Cu2.7Al0.3O6.99-MP-mp-20674.cif,Y1Ba2Cu2.7Al0.3O6.99,73.0,new,2,1,C:Cu-ox-3.70
Ba1.6Sr0.4Yb0.65Ca0.35Cu3O6.45-MP-mp-1099602.cif,Ba1.6Sr0.4Yb0.65Ca0.35Cu3O6.45,73.0,new,2,1,G:anion-ratio--0.43(Ba3Sr(CuO3)4)
Y1Ba2Cu2.7Ni0.3O6.88-MP-mp-20674.cif,Y1Ba2Cu2.7Ni0.3O6.88,73.0,new,2,1,C:Cu-ox-3.39
Y1Ba2Cu2.85Ni0.15O6.9-MP-mp-20674.cif,Y1Ba2Cu2.85Ni0.15O6.9,73.0,new,2,1,C:Cu-ox-3.33
Y1Ba2Cu2.9Co0.1O6.82-MP-mp-20674.cif,Y1Ba2Cu2.9Co0.1O6.82,73.0,new,2,1,C:Cu-ox-3.32
Y1Sr2Cu2.85Re0.15O7.1-MP-mp-21129.cif,Y1Sr2Cu2.85Re0.15O7.1,73.0,new,2,1,C:Cu-ox-3.58
Hg0.5Fe0.5Sr2Y0.3Ca0.7Cu2O6.65-MP-mp-1042547.cif,Hg0.5Fe0.5Sr2Y0.3Ca0.7Cu2O6.65,72.5,new,2,1,C:Cu-ox-3.95
Bi1.7Pb0.3Sr2Ca0.7Y0.3Cu2O8.26-MP-mp-1218884.cif,Bi1.7Pb0.3Sr2Ca0.7Y0.3Cu2O8.26,72.25,new,2,1,C:Cu-ox-5.56
Ba2Cu1Hg1O4.02-MP-mp-6562-synth_doped.cif,Ba2Cu1Hg1O4.02,72.0,V45,2,1,C:Cu-ox-4.04
Al1Sr2Ca2Cu3O9.7-MP-mp-1264781.cif,Al1Sr2Ca2Cu3O9.7,72.0,new,2,1,C:Cu-ox-3.80
Er1Ba2Cu2.82Fe0.18O6.97-MP-mp-622110.cif,Er1Ba2Cu2.82Fe0.18O6.97,72.0,new,2,1,C:Cu-ox-3.52
Pb2Sr2Y0.5Ca0.5Cu3F0.5612O7.649-MP-icsd-86957.cif,Pb2Sr2Y0.5Ca0.5Cu3F0.5612O7.649,72.0,new,2,1,C:Cu-ox-3.43
Bi2Sr1.9Ca1.1Cu2O8.181-MP-mp-1218884.cif,Bi2Sr1.9Ca1.1Cu2O8.181,71.8,new,2,1,C:Cu-ox-5.18
Y1Ba2Cu2.76Ga0.24O7-MP-mp-20674.cif,Y1Ba2Cu2.76Ga0.24O7,71.79,new,2,1,C:Cu-ox-3.62
Bi2Sr2Ca1Cu2I0.25O8.21-MP-mp-1209124.cif,Bi2Sr2Ca1Cu2I0.25O8.21,71.6,new,2,1,C:Cu-ox-5.21
Ca2Cu3Ga1Sr2O9-MP-mp-1209020.cif,Ca2Cu3Ga1Sr2O9,71.5,V45,2,1,C:Cu-ox-3.33
Y1Ba2Cu2.76Ni0.24O7-MP-mp-20674.cif,Y1Ba2Cu2.76Ni0.24O7,71.5,new,2,1,C:Cu-ox-3.45
Y1Ba2Cu2.85Co0.15O6.92-MP-mp-20674.cif,Y1Ba2Cu2.85Co0.15O6.92,71.0,new,2,1,C:Cu-ox-3.45
Y1Ba2Cu2.9Fe0.1O6.929-MP-mp-20674.cif,Y1Ba2Cu2.9Fe0.1O6.929,71.0,new,2,1,C:Cu-ox-3.40
Pb1Sr2Y0.62Ca0.38Cu3O8-MP-mp-1218685.cif,Pb1Sr2Y0.62Ca0.38Cu3O8,71.0,new,2,1,C:Cu-ox-3.75
Ba2Cu1Hg1O4.049-MP-mp-6562-synth_doped.cif,Ba2Cu1Hg1O4.049,70.0,V45,2,1,C:Cu-ox-4.10
Bi2Ca1Cu2Sr2O8.199-MP-mp-1218930-synth_doped.cif,Bi2Ca1Cu2Sr2O8.199,70.0,V45,2,1,C:Cu-ox-5.20
Bi2Ca1Cu2Sr2O8.3-MP-mp-1218930-synth_doped.cif,Bi2Ca1Cu2Sr2O8.3,70.0,V45,2,1,C:Cu-ox-5.30
Tm1Ba1Sr1Cu3O6.94-MP-mp-1227530.cif,Tm1Ba1Sr1Cu3O6.94,70.0,new,2,1,G:parent-lacks-Cu(BaSrTm4O8)
Y1Ba2Cu2.9Ni0.1O6.95-MP-mp-20674.cif,Y1Ba2Cu2.9Ni0.1O6.95,70.0,new,2,1,C:Cu-ox-3.34
Y0.7Ca0.3Ba2Cu2.7Co0.3O6.84-MP-mp-20674.cif,Y0.7Ca0.3Ba2Cu2.7Co0.3O6.84,70.0,new,2,1,C:Cu-ox-3.36
Dy1Ba2Cu2.9Fe0.1O6.84-MP-mp-622105.cif,Dy1Ba2Cu2.9Fe0.1O6.84,70.0,new,2,1,C:Cu-ox-3.34
Bi2Sr2Ca0.8Pr0.2Cu2O8.282-MP-mp-1218884.cif,Bi2Sr2Ca0.8Pr0.2Cu2O8.282,70.0,new,2,1,C:Cu-ox-5.18
Tl1Sr2Ca0.6Pr0.4Cu2O7-MP-mp-1208792.cif,Tl1Sr2Ca0.6Pr0.4Cu2O7,70.0,new,2,1,C:Cu-ox-3.80
Bi1.7Pb0.3Sr2Ca0.8Y0.2Cu2O8-MP-mp-1218930.cif,Bi1.7Pb0.3Sr2Ca0.8Y0.2Cu2O8,69.7,new,2,1,C:Cu-ox-5.20
Bi1.4Pb0.6Sr2Ca1.6Ga0.4Cu3O7-MP-mp-1218959.cif,Bi1.4Pb0.6Sr2Ca1.6Ga0.4Cu3O7,69.4,new,2,1,G:anion-ratio--0.37(Sr10Ca4Cu10Bi11O40)
Y1Ba2Cu2.835Fe0.165O6.98-MP-mp-20674.cif,Y1Ba2Cu2.835Fe0.165O6.98,69.3,new,2,1,C:Cu-ox-3.51
Sr2Ca1Cu2F1O5-MP-mp-1232334.cif,Sr2Ca1Cu2F1O5,69.1,new,2,1,G:anion-ratio--0.40(Sr3Cu2(OF)4)
Al1Sr2Ca2Cu3O9.5-MP-mp-1264781.cif,Al1Sr2Ca2Cu3O9.5,69.0,new,2,1,C:Cu-ox-3.67
Cu0.85Re0.15Sr2Y1Cu2O7.3-MP-mp-21129.cif,Cu0.85Re0.15Sr2Y1Cu2O7.3,69.0,new,2,1,C:Cu-ox-3.72
Y1Ba2Cu2.7Fe0.3O7.1-MP-icsd-63321.cif,Y1Ba2Cu2.7Fe0.3O7.1,69.0,new,2,1,C:Cu-ox-3.78
Y1Ba2Cu2.73Fe0.27O7.1-MP-icsd-63321.cif,Y1Ba2Cu2.73Fe0.27O7.1,69.0,new,2,1,C:Cu-ox-3.74
Y0.8Ca0.2Ba2Cu2.8Co0.2O6.83-MP-icsd-63321.cif,Y0.8Ca0.2Ba2Cu2.8Co0.2O6.83,69.0,new,2,1,C:Cu-ox-3.31
Y1Ba1Sr1Cu2.9Sn0.1O7-MP-mp-1046186.cif,Y1Ba1Sr1Cu2.9Sn0.1O7,68.85,new,2,1,C:Cu-ox-3.45
Hg1.4Tl0.6Ba2Y0.4Ca0.6Cu2O7.71-MP-mp-654374.cif,Hg1.4Tl0.6Ba2Y0.4Ca0.6Cu2O7.71,68.6,new,2,1,C:Cu-ox-5.11
Y1Ba2Cu2.88Ti0.12O6.88-MP-mp-20674.cif,Y1Ba2Cu2.88Ti0.12O6.88,68.4,new,2,1,C:Cu-ox-3.39
Bi2Ca0.85Cu2Pr0.15Sr2O8-MP-mp-1218930-synth_doped.cif,Bi2Ca0.85Cu2Pr0.15Sr2O8,68.35,V45,2,1,C:Cu-ox-4.92
Y0.8Pr0.2Ba2Cu3O7.55-MP-icsd-63321.cif,Y0.8Pr0.2Ba2Cu3O7.55,68.3,new,2,1,C:Cu-ox-3.50
Yb0.7Ca0.3Ba1.6Sr0.4Cu3O6.73-MP-mp-1099602.cif,Yb0.7Ca0.3Ba1.6Sr0.4Cu3O6.73,68.05,new,2,1,G:anion-ratio--0.38(Ba3Sr(CuO3)4)
Y1Ba2Cu2.52Al0.48O6.74-MP-mp-1228425.cif,Y1Ba2Cu2.52Al0.48O6.74,68.0,new,2,1,C:Cu-ox-3.76
Y1Ba1Sr1Cu2.8Mo0.2O7.3-MP-mp-1042500.cif,Y1Ba1Sr1Cu2.8Mo0.2O7.3,68.0,new,2,1,C:Cu-ox-3.79
Y1Ba2Cu2.82Ni0.18O7-MP-mp-20674.cif,Y1Ba2Cu2.82Ni0.18O7,68.0,new,2,1,C:Cu-ox-3.42
Tl1Sr2Ca0.6Y0.4Cu2O7-MP-mp-1218486.cif,Tl1Sr2Ca0.6Y0.4Cu2O7,68.0,new,2,1,C:Cu-ox-4.40
Pb2Sr2Y0.5Ca0.5Cu3F0.253O7.9858-MP-icsd-86957.cif,Pb2Sr2Y0.5Ca0.5Cu3F0.253O7.9858,68.0,new,2,1,C:Cu-ox-3.66
Y1La0.2Ba1.8Cu3O7.26-MP-mp-1214613.cif,Y1La0.2Ba1.8Cu3O7.26,67.6,new,2,1,C:Cu-ox-3.44
Y0.75Ca0.25Ba2Cu2.75Co0.25O6.82-MP-mp-20674.cif,Y0.75Ca0.25Ba2Cu2.75Co0.25O6.82,67.5,new,2,1,C:Cu-ox-3.32
Y0.8Pr0.2Ba2Cu3O7.67-MP-icsd-63321.cif,Y0.8Pr0.2Ba2Cu3O7.67,67.5,new,2,1,C:Cu-ox-3.58
Y1Ba2Cu2.73Ga0.27O7-MP-mp-20674.cif,Y1Ba2Cu2.73Ga0.27O7,67.04,new,2,1,C:Cu-ox-3.66
Bi2Ca0.9Cu2I1Sr2Y0.1O8-MP-mp-1209124-synth_doped.cif,Bi2Ca0.9Cu2I1Sr2Y0.1O8,67.0,V45,2,1,C:Cu-ox-5.10
Pb0.5Sr2Y0.6Ca0.4Cu2.5O6.97-MP-mp-1208525.cif,Pb0.5Sr2Y0.6Ca0.4Cu2.5O6.97,67.0,new,2,1,C:Cu-ox-3.66
Hg0.5Fe0.5Sr2Y0.5Ca0.5Cu2O6.68-MP-mp-1042547.cif,Hg0.5Fe0.5Sr2Y0.5Ca0.5Cu2O6.68,66.5,new,2,1,C:Cu-ox-4.18
Y0.8Pr0.2Ba2Cu3O7.65-MP-icsd-63321.cif,Y0.8Pr0.2Ba2Cu3O7.65,66.5,new,2,1,C:Cu-ox-3.57
Bi1.4Pb0.6Sr2Ca1Ga1Cu3O7-MP-icsd-173899.cif,Bi1.4Pb0.6Sr2Ca1Ga1Cu3O7,66.5,new,2,1,G:anion-ratio--0.38(Sr4Ca2Cu4Bi4O16.26)
Hg1.4Tl0.6Ba2Y0.3Ca0.7Cu2O7.68-MP-mp-654374.cif,Hg1.4Tl0.6Ba2Y0.3Ca0.7Cu2O7.68,66.4,new,2,1,C:Cu-ox-4.98
Y1Ba2Cu2.75Co0.25O7.06-MP-icsd-63321.cif,Y1Ba2Cu2.75Co0.25O7.06,66.2,new,2,1,C:Cu-ox-3.68
Ba1.6Sr0.4Yb0.75Ca0.25Cu3O6.51-MP-mp-1099602.cif,Ba1.6Sr0.4Yb0.75Ca0.25Cu3O6.51,66.0,new,2,1,G:anion-ratio--0.42(Ba3Sr(CuO3)4)
Y0.76Ca0.24Ba2Cu2.64Co0.36O6.96-MP-mp-1227472.cif,Y0.76Ca0.24Ba2Cu2.64Co0.36O6.96,66.0,new,2,1,C:Cu-ox-3.58
Y1Ba2Cu2.4Ni0.6O6.94-MP-mp-1404372.cif,Y1Ba2Cu2.4Ni0.6O6.94,66.0,new,2,1,C:Cu-ox-3.62
Bi2Sr2Ca0.6Y0.4Cu2I1O8-MP-mp-1209124.cif,Bi2Sr2Ca0.6Y0.4Cu2I1O8,66.0,new,2,1,C:Cu-ox-5.40
Bi2Sr2Ca0.5Y0.5Cu2O8.39-MP-icsd-173899.cif,Bi2Sr2Ca0.5Y0.5Cu2O8.39,66.0,new,2,1,C:Cu-ox-5.89
Y1Ba2Cu2.67Ga0.33O7-MP-icsd-63321.cif,Y1Ba2Cu2.67Ga0.33O7,65.64,new,2,1,C:Cu-ox-3.75
Y0.8Pr0.2Ba2Cu3O7.79-MP-mp-1214613.cif,Y0.8Pr0.2Ba2Cu3O7.79,65.4,new,2,1,C:Cu-ox-3.66
Y1Ba2Cu2.55Ga0.45O7-MP-icsd-63321.cif,Y1Ba2Cu2.55Ga0.45O7,65.36,new,2,1,C:Cu-ox-3.92
Yb0.7Ca0.3Ba1.6Sr0.4Cu3O6.43-MP-mp-1099602.cif,Yb0.7Ca0.3Ba1.6Sr0.4Cu3O6.43,65.3,new,2,1,G:anion-ratio--0.43(Ba3Sr(CuO3)4)
Ca0.36Cu3Pb2Sr2Y0.64O8-MP-mp-1218734-synth_doped.cif,Ca0.36Cu3Pb2Sr2Y0.64O8,65.0,V45,2,1,C:Cu-ox-3.76
Er1Ba2Cu2.82Ni0.18O7-MP-mp-622110.cif,Er1Ba2Cu2.82Ni0.18O7,65.0,new,2,1,C:Cu-ox-3.42
Y1Ba2Cu2.925Zn0.075O6.94-MP-mp-20674.cif,Y1Ba2Cu2.925Zn0.075O6.94,65.0,new,2,1,C:Cu-ox-3.33
Tl1Sr2Ca0.6Gd0.4Cu2O7-MP-mp-20824.cif,Tl1Sr2Ca0.6Gd0.4Cu2O7,65.0,new,2,1,C:Cu-ox-3.80
Y1Ba2Cu2.85Co0.15O7.03-MP-icsd-63321.cif,Y1Ba2Cu2.85Co0.15O7.03,65.0,new,2,1,C:Cu-ox-3.53
Bi1.4Pb0.6Sr2Ca0.4Nd0.6Cu2O8.24-MP-icsd-63210.cif,Bi1.4Pb0.6Sr2Ca0.4Nd0.6Cu2O8.24,65.0,new,2,1,C:Cu-ox-4.94
Pb2Sr2Y0.5Ca0.5Cu3O8.6-MP-icsd-86957.cif,Pb2Sr2Y0.5Ca0.5Cu3O8.6,65.0,new,2,1,C:Cu-ox-4.07
Y1Ba2Cu2.61Ga0.39O7-MP-icsd-63321.cif,Y1Ba2Cu2.61Ga0.39O7,64.8,new,2,1,C:Cu-ox-3.83
Ba2Cu1Hg1O4.01-MP-mp-6562-synth_doped.cif,Ba2Cu1Hg1O4.01,64.5,V45,2,1,C:Cu-ox-4.02
Bi4Sr3Ca1Y2Cu4O16-MP-mp-1218930.cif,Bi4Sr3Ca1Y2Cu4O16,64.1,new,2,1,C:Cu-ox-6.00
Ba1.9Cu3La0.1Y1O8-MP-mp-1214613-synth_doped.cif,Ba1.9Cu3La0.1Y1O8,64.0,V45,2,1,C:Cu-ox-3.97
Y0.8Ca0.2Sr1Ba1Cu2.7Ga0.3O7-MP-mp-1218712.cif,Y0.8Ca0.2Sr1Ba1Cu2.7Ga0.3O7,64.0,new,2,1,C:Cu-ox-3.56
Sr1.4Ba0.6Cu1F2O2-MP-mp-1025280.cif,Sr1.4Ba0.6Cu1F2O2,64.0,new,2,1,C:Cu-ox-0.00
Er0.76Ca0.24Ba1.4Sr0.6Cu2.76Co0.24O6.84-MP-mp-1227765.cif,Er0.76Ca0.24Ba1.4Sr0.6Cu2.76Co0.24O6.84,64.0,new,2,1,C:Cu-ox-3.33
Y1Ba2Cu2.89Co0.11O7-MP-mp-20674.cif,Y1Ba2Cu2.89Co0.11O7,64.0,new,2,1,C:Cu-ox-3.46
Y1Ba2Cu2.88Zn0.12O6.95-MP-mp-20674.cif,Y1Ba2Cu2.88Zn0.12O6.95,64.0,new,2,1,C:Cu-ox-3.35
Y1Sr2Cu3O7.2-MP-mp-21129.cif,Y1Sr2Cu3O7.2,64.0,new,2,1,C:Cu-ox-3.47
Bi2Sr2Ca0.6Y0.4Cu2O8.29-MP-icsd-173899.cif,Bi2Sr2Ca0.6Y0.4Cu2O8.29,64.0,new,2,1,C:Cu-ox-5.69
Y1Ba2Cu2.9Fe0.1O6.85-MP-mp-20674.cif,Y1Ba2Cu2.9Fe0.1O6.85,63.8,new,2,1,C:Cu-ox-3.34
Y1Ba1Sr1Cu2.85Sn0.15O7.06-MP-mp-1042137.cif,Y1Ba1Sr1Cu2.85Sn0.15O7.06,63.75,new,2,1,C:Cu-ox-3.55
Bi1.7Pb0.3Sr2Ca0.6Y0.4Cu2O8-MP-mp-1218870.cif,Bi1.7Pb0.3Sr2Ca0.6Y0.4Cu2O8,63.5,new,2,1,C:Cu-ox-5.40
Hg0.5Fe0.5Sr2Y0.2Ca0.8Cu2O6.63-MP-mp-1042547.cif,Hg0.5Fe0.5Sr2Y0.2Ca0.8Cu2O6.63,63.5,new,2,1,C:Cu-ox-3.83
Y1Ba2Cu2.4Ga0.6O7-MP-icsd-63321.cif,Y1Ba2Cu2.4Ga0.6O7,63.31,new,2,1,C:Cu-ox-4.17
Bi2Sr2Ca1Cu2I0.43O8.21-MP-mp-1209124.cif,Bi2Sr2Ca1Cu2I0.43O8.21,63.1,new,2,1,C:Cu-ox-5.21
Al1Sr2Ca2Cu3O9.3-MP-mp-1264781.cif,Al1Sr2Ca2Cu3O9.3,63.0,new,2,1,C:Cu-ox-3.53
Y1Ba2Cu2.05Al0.95O6.7-MP-mp-1228425.cif,Y1Ba2Cu2.05Al0.95O6.7,63.0,new,2,1,C:Cu-ox-4.59
Y1Ba2Cu2.697Mn0.303O6.9-MP-mp-1308658.cif,Y1Ba2Cu2.697Mn0.303O6.9,63.0,new,2,1,C:Cu-ox-3.63
Dy1Ba2Cu2.8Ni0.2O6.83-MP-mp-622105.cif,Dy1Ba2Cu2.8Ni0.2O6.83,63.0,new,2,1,C:Cu-ox-3.31
Y1Sr2Cu2.8Re0.2O7.2-MP-mp-21129.cif,Y1Sr2Cu2.8Re0.2O7.2,63.0,new,2,1,C:Cu-ox-3.71
Y0.8Pr0.2Ba2Cu3O7.5-MP-icsd-63321.cif,Y0.8Pr0.2Ba2Cu3O7.5,62.9,new,2,1,C:Cu-ox-3.47
Y0.8Pr0.2Ba2Cu3O7.3-MP-icsd-63321.cif,Y0.8Pr0.2Ba2Cu3O7.3,62.6,new,2,1,C:Cu-ox-3.33
Y1Sr2Cu3O7.5-MP-mp-21129.cif,Y1Sr2Cu3O7.5,62.5,new,2,1,C:Cu-ox-3.67
Hg0.9Cr0.1Sr2Cu1O4-MP-mp-21129.cif,Hg0.9Cr0.1Sr2Cu1O4,62.3,new,2,1,C:Cu-ox-4.00
Yb0.9Ca0.1Ba1.6Sr0.4Cu3O6.89-MP-mp-1099602.cif,Yb0.9Ca0.1Ba1.6Sr0.4Cu3O6.89,62.1,new,2,1,G:anion-ratio--0.35(Ba3Sr(CuO3)4)
Ba2Cu1Tl2O6.03-MP-mp-6027-synth_doped.cif,Ba2Cu1Tl2O6.03,62.0,V45,2,1,C:Cu-ox-8.06
Sr1.5Ba0.5Cu1F2O2-MP-mp-1025280.cif,Sr1.5Ba0.5Cu1F2O2,62.0,new,2,1,C:Cu-ox--0.00
Y1Ba2Cu2.4Fe0.6O7.453-MP-mp-505589.cif,Y1Ba2Cu2.4Fe0.6O7.453,62.0,new,2,1,C:Cu-ox-4.54
Tl1Sr2Ca0.4Tb0.6Cu2O7-MP-mp-20824.cif,Tl1Sr2Ca0.4Tb0.6Cu2O7,62.0,new,2,1,C:Cu-ox-4.60
Sr2Y1Cu3O7.45-MP-mp-21129.cif,Sr2Y1Cu3O7.45,62.0,new,2,1,C:Cu-ox-3.63
Sr2Tm1Cu3O7.2-MP-mp-21129.cif,Sr2Tm1Cu3O7.2,62.0,new,2,1,C:Cu-ox-3.47
Pb2Sr2Y0.5Ca0.5Cu3O8.1882-MP-icsd-86957.cif,Pb2Sr2Y0.5Ca0.5Cu3O8.1882,62.0,new,2,1,C:Cu-ox-3.79
Y1La0.2Ba1.8Cu3O7.16-MP-icsd-63321.cif,Y1La0.2Ba1.8Cu3O7.16,61.7,new,2,1,C:Cu-ox-3.37
Ca0.1Cu2Gd0.9Ru1Sr2O8-MP-mp-1194240-synth_doped.cif,Ca0.1Cu2Gd0.9Ru1Sr2O8,61.0,V45,2,1,C:Cu-ox-4.55
Y0.75Ca0.25Ba2Cu2.75Co0.25O6.8-MP-mp-1228903.cif,Y0.75Ca0.25Ba2Cu2.75Co0.25O6.8,61.0,new,2,1,C:Cu-ox-3.31
Sr1.5Ba0.5Y1Cu2.8Ga0.2O7.2-MP-icsd-63321.cif,Sr1.5Ba0.5Y1Cu2.8Ga0.2O7.2,61.0,new,2,1,C:Cu-ox-3.71
Bi2Sr2Ca0.7Pr0.3Cu2O8.299-MP-mp-1218884.cif,Bi2Sr2Ca0.7Pr0.3Cu2O8.299,60.8,new,2,1,C:Cu-ox-5.15
Sr1.6Ba0.4Cu1F2O2-MP-mp-1025280.cif,Sr1.6Ba0.4Cu1F2O2,60.0,new,2,1,C:Cu-ox--0.00
Fe0.5Ba1Sr1Y1Cu2.5O7.35-MP-mp-505589.cif,Fe0.5Ba1Sr1Y1Cu2.5O7.35,60.0,new,2,1,C:Cu-ox-4.28
Ba1.6Sr0.4Yb1Cu3O6.75-MP-mp-1099602.cif,Ba1.6Sr0.4Yb1Cu3O6.75,60.0,new,2,1,G:anion-ratio--0.38(Ba3Sr(CuO3)4)
Y1Ba2Cu2.3Fe0.7O7.484-MP-mp-505589.cif,Y1Ba2Cu2.3Fe0.7O7.484,60.0,new,2,1,C:Cu-ox-4.77
Fe0.5Ba2Eu1Cu2.5O7.51-MP-mp-1228898.cif,Fe0.5Ba2Eu1Cu2.5O7.51,60.0,new,2,1,G:parent-lacks-Cu(Ba5Eu5(Fe5O13)2)
Fe0.5Ba2Tm1Cu2.5O7.43-MP-mp-1205946.cif,Fe0.5Ba2Tm1Cu2.5O7.43,60.0,new,2,1,C:Cu-ox-4.34
Y1Ba2Cu2.91Fe0.09O6.83-MP-mp-20674.cif,Y1Ba2Cu2.91Fe0.09O6.83,60.0,new,2,1,C:Cu-ox-3.32
Tl1Sr2Ca0.4Gd0.6Cu2O7-MP-mp-20824.cif,Tl1Sr2Ca0.4Gd0.6Cu2O7,60.0,new,2,1,C:Cu-ox-3.70
Tl1.2Sr2Ca0.8Cu2O6.862-MP-mp-20824.cif,Tl1.2Sr2Ca0.8Cu2O6.862,60.0,new,2,1,C:Cu-ox-4.06
Y0.8Pr0.2Ba2Cu3O7.4-MP-icsd-63321.cif,Y0.8Pr0.2Ba2Cu3O7.4,59.8,new,2,1,C:Cu-ox-3.40
Ba2Cu1Hg1O4.34-MP-mp-6562-synth_doped.cif,Ba2Cu1Hg1O4.34,59.0,V45,2,1,C:Cu-ox-4.68
Y0.7Ca0.3Ba2Cu2.7Co0.3O6.78-MP-mp-1228903.cif,Y0.7Ca0.3Ba2Cu2.7Co0.3O6.78,59.0,new,2,1,C:Cu-ox-3.32
Fe0.5Sr1Ba1Y1Cu2.5O7-MP-mp-505589.cif,Fe0.5Sr1Ba1Y1Cu2.5O7,58.5,new,2,1,C:Cu-ox-4.00
Sr2Tm1Cu3O7.48-MP-mp-21129.cif,Sr2Tm1Cu3O7.48,58.5,new,2,1,C:Cu-ox-3.65
Ba0.25Cu1F2Sr1.75O2-MP-mp-1025280-synth_doped.cif,Ba0.25Cu1F2Sr1.75O2,58.0,V45,2,1,C:Cu-ox--0.00
Bi2Ca1Cu2I1Sr2O8-MP-mp-1209124.cif,Bi2Ca1Cu2I1Sr2O8,58.0,V45,2,1,C:Cu-ox-5.00
Ca0.8Cu2Pr0.2Sr2Tl1O7-MP-mp-20824-synth_doped.cif,Ca0.8Cu2Pr0.2Sr2Tl1O7,58.0,V45,2,1,C:Cu-ox-3.90
Y1Ba2Cu2.775Co0.225O6.99-MP-mp-20674.cif,Y1Ba2Cu2.775Co0.225O6.99,58.0,new,2,1,C:Cu-ox-3.60
Dy1Ba2Cu2.8Fe0.2O6.93-MP-mp-622105.cif,Dy1Ba2Cu2.8Fe0.2O6.93,58.0,new,2,1,C:Cu-ox-3.52
Y1Sr2Cu2.7Ti0.3O7-MP-mp-985569.cif,Y1Sr2Cu2.7Ti0.3O7,58.0,new,2,1,C:Cu-ox-3.70
Y1Ba2Cu2.8Fe0.2O6.85-MP-mp-20674.cif,Y1Ba2Cu2.8Fe0.2O6.85,57.7,new,2,1,C:Cu-ox-3.46
Nd1Ba1.7La0.3O6.77-MP-mp-1182576.cif,Nd1Ba1.7La0.3O6.77,57.5,new,2,1,G:anion-ratio--7.74(BaO10)
Tl2Ba2Cu1O5.929-MP-mp-6027.cif,Tl2Ba2Cu1O5.929,57.0,new,2,1,C:Cu-ox-7.86
Bi2Sr2Ca0.6Pr0.4Cu2O8.316-MP-mp-1218884.cif,Bi2Sr2Ca0.6Pr0.4Cu2O8.316,57.0,new,2,1,C:Cu-ox-5.12
Bi1.8Ga0.2Sr1.8Ca1.2Cu2O8-MP-mp-1218930.cif,Bi1.8Ga0.2Sr1.8Ca1.2Cu2O8,56.5,new,2,1,C:Cu-ox-5.00
Bi2Sr2Ca1Cu2I0.61O8.21-MP-mp-1209124.cif,Bi2Sr2Ca1Cu2I0.61O8.21,56.3,new,2,1,C:Cu-ox-5.21
Y0.6Ca0.4Sr1.6Ba0.4Cu2Ga1O7-MP-mp-1218712.cif,Y0.6Ca0.4Sr1.6Ba0.4Cu2Ga1O7,56.0,new,2,1,C:Cu-ox-4.60
Y1Ba2Cu2.91Zn0.09O6.95-MP-mp-20674.cif,Y1Ba2Cu2.91Zn0.09O6.95,56.0,new,2,1,C:Cu-ox-3.34
Y1Sr2Cu2.675Ti0.325O7.1-MP-mp-1046189.cif,Y1Sr2Cu2.675Ti0.325O7.1,56.0,new,2,1,C:Cu-ox-3.81
Sr2Tm1Cu3O7.28-MP-mp-21129.cif,Sr2Tm1Cu3O7.28,56.0,new,2,1,C:Cu-ox-3.52
Sr1.5Ba0.5Y1Cu2.8Ga0.2O7.14-MP-icsd-63321.cif,Sr1.5Ba0.5Y1Cu2.8Ga0.2O7.14,56.0,new,2,1,C:Cu-ox-3.67
Y0.85Ca0.15Sr0.5Ba1.5Cu2.5B0.5O7-MP-mp-1228878.cif,Y0.85Ca0.15Sr0.5Ba1.5Cu2.5B0.5O7,55.6,new,2,1,C:Cu-ox-3.88
Y1Ba2Cu2.74Fe0.26O7-MP-mp-20674.cif,Y1Ba2Cu2.74Fe0.26O7,55.6,new,2,1,C:Cu-ox-3.65
Y1Ba2Cu2.9Co0.1O6.89-MP-mp-20674.cif,Y1Ba2Cu2.9Co0.1O6.89,55.3,new,2,1,C:Cu-ox-3.37
Tl1Sr2Ca0.65Th0.35Cu2O7-MP-mp-20824.cif,Tl1Sr2Ca0.65Th0.35Cu2O7,55.3,new,2,1,C:Cu-ox-4.35
Tl1Sr1.65Th0.35Ca1Cu2O7-MP-mp-20824.cif,Tl1Sr1.65Th0.35Ca1Cu2O7,55.3,new,2,1,C:Cu-ox-4.35
Er1Ba2Cu2.85Zn0.15O7-MP-mp-622110.cif,Er1Ba2Cu2.85Zn0.15O7,55.0,new,2,1,C:Cu-ox-3.40
Y1Ba2Cu2.91Zn0.09O6.93-MP-mp-20674.cif,Y1Ba2Cu2.91Zn0.09O6.93,55.0,new,2,1,C:Cu-ox-3.33
Bi2Sr2Ca0.55Y0.45Cu2I1O8-MP-mp-1209124.cif,Bi2Sr2Ca0.55Y0.45Cu2I1O8,55.0,new,2,1,C:Cu-ox-5.45
Tl1Sr1.7Ca0.3Yb1Cu2O7-MP-mp-20824.cif,Tl1Sr1.7Ca0.3Yb1Cu2O7,55.0,new,2,1,C:Cu-ox-5.00
Tl1Sr1.5Ca0.5Yb1Cu2O7-MP-mp-20824.cif,Tl1Sr1.5Ca0.5Yb1Cu2O7,55.0,new,2,1,C:Cu-ox-5.00
Y1Sr2Cu2.8Re0.2O7-MP-mp-985569.cif,Y1Sr2Cu2.8Re0.2O7,55.0,new,2,1,C:Cu-ox-3.57
Ba0.1Cu1F2Sr1.9O2-MP-mp-1025280-synth_doped.cif,Ba0.1Cu1F2Sr1.9O2,54.0,V45,2,1,C:Cu-ox-0.00
Nd1Fe1As1O0.2-MP-mp-622621.cif,Nd1Fe1As1O0.2,54.0,new,2,1,G:anion-ratio--0.27(NdFeAsO)
Y1Ba2Cu2.85Fe0.15O7-MP-mp-20674.cif,Y1Ba2Cu2.85Fe0.15O7,54.0,new,2,1,C:Cu-ox-3.51
Y1Ba2Cu2.841Co0.159O6.8-MP-mp-1228903.cif,Y1Ba2Cu2.841Co0.159O6.8,54.0,new,2,1,C:Cu-ox-3.38
Y0.8Ca0.2Sr1.6Ba0.4Cu2.7Ga0.3O7-MP-mp-1218712.cif,Y0.8Ca0.2Sr1.6Ba0.4Cu2.7Ga0.3O7,53.9,new,2,1,C:Cu-ox-3.56
Hg0.2Cr0.8Sr2Cu1O4-MP-mp-21129.cif,Hg0.2Cr0.8Sr2Cu1O4,53.6,new,2,1,C:Cu-ox-4.00
Cu2Fe1Sr2Y1O7.51-MP-mvc-771-synth_doped.cif,Cu2Fe1Sr2Y1O7.51,53.5,V45,2,1,C:Cu-ox-5.51
Y0.25Cd0.75Ba2Cu3O7-MP-icsd-63321.cif,Y0.25Cd0.75Ba2Cu3O7,53.2,new,2,1,C:Cu-ox-3.33
Cu2Fe1Sr2Y1O7.68-MP-mvc-771-synth_doped.cif,Cu2Fe1Sr2Y1O7.68,53.0,V45,2,1,C:Cu-ox-5.68
Ba1.6Sr0.4Yb0.6Ca0.4Cu3O6.25-MP-mp-1099602.cif,Ba1.6Sr0.4Yb0.6Ca0.4Cu3O6.25,53.0,new,2,1,G:anion-ratio--0.46(Ba3Sr(CuO3)4)
Y1Ba2Cu2.84Fe0.16O6.959-MP-mp-20674.cif,Y1Ba2Cu2.84Fe0.16O6.959,53.0,new,2,1,C:Cu-ox-3.49
Y1Ba2Cu2.88Zn0.12O6.92-MP-mp-20674.cif,Y1Ba2Cu2.88Zn0.12O6.92,53.0,new,2,1,C:Cu-ox-3.33
Y0.7Ca0.3Ba2Cu2.55Co0.45O6.84-MP-mp-1227472.cif,Y0.7Ca0.3Ba2Cu2.55Co0.45O6.84,53.0,new,2,1,C:Cu-ox-3.56
Y1Ba2Cu2.8Co0.2O6.83-MP-mp-20674.cif,Y1Ba2Cu2.8Co0.2O6.83,53.0,new,2,1,C:Cu-ox-3.45
Tl2Ba2Cu1O5.963-MP-mp-6027.cif,Tl2Ba2Cu1O5.963,53.0,new,2,1,C:Cu-ox-7.93
Hg0.7Cr0.3Sr2Cu1O4.6-MP-mp-21129.cif,Hg0.7Cr0.3Sr2Cu1O4.6,53.0,new,2,1,C:Cu-ox-5.20
Y1Sr2Cu2.65Ti0.35O7.1-MP-mp-1046189.cif,Y1Sr2Cu2.65Ti0.35O7.1,53.0,new,2,1,C:Cu-ox-3.85
Y1Sr2Cu2.85Re0.15O7-MP-mp-985569.cif,Y1Sr2Cu2.85Re0.15O7,53.0,new,2,1,C:Cu-ox-3.51
Y1Ba2Cu2.8Co0.2O7.04-MP-icsd-63321.cif,Y1Ba2Cu2.8Co0.2O7.04,53.0,new,2,1,C:Cu-ox-3.60
Y1Ba2Cu2.745Fe0.255O7.08-MP-icsd-63321.cif,Y1Ba2Cu2.745Fe0.255O7.08,53.0,new,2,1,C:Cu-ox-3.70
Ca0.8Cu2Sr2Tl1Y0.2O7-MP-mp-20824-synth_doped.cif,Ca0.8Cu2Sr2Tl1Y0.2O7,52.75,V45,2,1,C:Cu-ox-4.20
Ca0.75Cu2Sr2Th0.25Tl1O7-MP-mp-20824-synth_doped.cif,Ca0.75Cu2Sr2Th0.25Tl1O7,52.5,V45,2,1,C:Cu-ox-4.25
Fe0.5Ba1Sr1Y1Cu2.5O7.424-MP-mp-505589.cif,Fe0.5Ba1Sr1Y1Cu2.5O7.424,52.5,new,2,1,C:Cu-ox-4.34
Cd1Tl0.7Ba1Cu1O4.5-MP-mp-1386589.cif,Cd1Tl0.7Ba1Cu1O4.5,52.5,new,2,1,C:Cu-ox-7.00
Y1Ba2Cu2.5Ni0.5O7-MP-mp-1404372.cif,Y1Ba2Cu2.5Ni0.5O7,52.3,new,2,1,C:Cu-ox-3.60
Sr1.5Ba0.5Y1Cu2.8Ti0.2O7.08-MP-mp-1389826.cif,Sr1.5Ba0.5Y1Cu2.8Ti0.2O7.08,52.0,new,2,1,C:Cu-ox-3.63
Er1Ba2Cu2.88Zn0.12O6.92-MP-mp-622110.cif,Er1Ba2Cu2.88Zn0.12O6.92,52.0,new,2,1,C:Cu-ox-3.33
Tl1Sr2Ca1Cu2O6.61-MP-mp-20824.cif,Tl1Sr2Ca1Cu2O6.61,52.0,new,2,1,C:Cu-ox-3.61
Fe1Sr2Er1Cu2O7.5-MP-mp-1043304.cif,Fe1Sr2Er1Cu2O7.5,52.0,new,2,1,C:Cu-ox-5.50
Ca1Cu2Sr1.75Th0.25Tl1O7-MP-mp-20824-synth_doped.cif,Ca1Cu2Sr1.75Th0.25Tl1O7,51.6,V45,2,1,C:Cu-ox-4.25
Y1Ba2Cu2.88Al0.12O7-MP-mp-20674.cif,Y1Ba2Cu2.88Al0.12O7,51.0,new,2,1,C:Cu-ox-3.47
Dy1Fe1As1O0.85-MP-mp-21016.cif,Dy1Fe1As1O0.85,51.0,new,2,1,G:anion-ratio--1.72(FeAsO4)
Ba1.6Sr0.4Yb0.65Ca0.35Cu3O6.28-MP-mp-1099602.cif,Ba1.6Sr0.4Yb0.65Ca0.35Cu3O6.28,51.0,new,2,1,G:anion-ratio--0.45(Ba3Sr(CuO3)4)
Y1Ba2Cu2.72Ni0.28O7-MP-mp-20674.cif,Y1Ba2Cu2.72Ni0.28O7,51.0,new,2,1,C:Cu-ox-3.47
Y0.76Ca0.24Ba2Cu2.55Co0.45O6.93-MP-mp-1227472.cif,Y0.76Ca0.24Ba2Cu2.55Co0.45O6.93,51.0,new,2,1,C:Cu-ox-3.68
Ga1Sr2Tm0.6Ca0.4Cu2O7-MP-mp-1208765.cif,Ga1Sr2Tm0.6Ca0.4Cu2O7,51.0,new,2,1,C:Cu-ox-4.60
Y1Sr2Cu2.7Fe0.3O7.1-MP-mp-1218669.cif,Y1Sr2Cu2.7Fe0.3O7.1,51.0,new,2,1,C:Cu-ox-3.78
Y1Sr0.8Ba1.2Cu2.5B0.5O7-MP-icsd-63321.cif,Y1Sr0.8Ba1.2Cu2.5B0.5O7,51.0,new,2,1,C:Cu-ox-4.00
Y1Ba2Cu2.76Co0.24O6.999-MP-mp-20674.cif,Y1Ba2Cu2.76Co0.24O6.999,50.7,new,2,1,C:Cu-ox-3.62
Y1Ba2Cu2.9Fe0.1O6.8-MP-mp-1228903.cif,Y1Ba2Cu2.9Fe0.1O6.8,50.55,new,2,1,C:Cu-ox-3.31
Y0.6Ca0.4Sr1.7Ba0.3Cu2Ga1O7-MP-mp-1218712.cif,Y0.6Ca0.4Sr1.7Ba0.3Cu2Ga1O7,50.0,new,2,1,C:Cu-ox-4.60
Ba1.6Sr0.4Yb0.65Ca0.35Cu3O6.04-MP-mp-1099602.cif,Ba1.6Sr0.4Yb0.65Ca0.35Cu3O6.04,50.0,new,2,1,G:anion-ratio--0.49(Ba3Sr(CuO3)4)
Hg1.4Tl0.6Ba2Y0.8Ca0.2Cu2O7.83-MP-mp-654374.cif,Hg1.4Tl0.6Ba2Y0.8Ca0.2Cu2O7.83,50.0,new,2,1,C:Cu-ox-5.63
Er1Ba2Cu2.82Zn0.18O6.91-MP-mp-622110.cif,Er1Ba2Cu2.82Zn0.18O6.91,50.0,new,2,1,C:Cu-ox-3.35
Dy1Ba2Cu2.8Ga0.2O6.78-MP-mp-622105.cif,Dy1Ba2Cu2.8Ga0.2O6.78,50.0,new,2,1,C:Cu-ox-3.41
Sr1.5Ba0.5Y1Cu2.8Ga0.2O7.1-MP-icsd-63321.cif,Sr1.5Ba0.5Y1Cu2.8Ga0.2O7.1,50.0,new,2,1,C:Cu-ox-3.64
Y1Ba2Cu2.88Zn0.12O7-MP-mp-20674.cif,Y1Ba2Cu2.88Zn0.12O7,49.80666667,new,2,1,C:Cu-ox-3.39
Y1Ba1Sr1Cu2.8Sn0.2O7.122-MP-mp-1042137.cif,Y1Ba1Sr1Cu2.8Sn0.2O7.122,49.55,new,2,1,C:Cu-ox-3.66
Bi2Ca1Cu2I0.98Sr2O8.21-MP-mp-1209124-synth_doped.cif,Bi2Ca1Cu2I0.98Sr2O8.21,49.3,V45,2,1,C:Cu-ox-5.21
Y1Ba2Cu2.8Fe0.2O6.93-MP-mp-20674.cif,Y1Ba2Cu2.8Fe0.2O6.93,49.0,new,2,1,C:Cu-ox-3.52
Tl1.89Ba2Cu1.11O6.18-MP-mp-20942.cif,Tl1.89Ba2Cu1.11O6.18,49.0,new,2,1,C:Cu-ox-7.53
Y1Sr2Cu2.75Re0.25O7.3-MP-mp-21129.cif,Y1Sr2Cu2.75Re0.25O7.3,49.0,new,2,1,C:Cu-ox-3.85
Ba1.6Sr0.4Yb1Cu3O6.69-MP-mp-1099602.cif,Ba1.6Sr0.4Yb1Cu3O6.69,48.9,new,2,1,G:anion-ratio--0.39(Ba3Sr(CuO3)4)
Y1La0.2Ba1.8Cu3O7.06-MP-icsd-63321.cif,Y1La0.2Ba1.8Cu3O7.06,48.9,new,2,1,C:Cu-ox-3.31
Cu1Ba1.6Sr0.4Yb0.65Ca0.35Cu2O6.15-MP-mp-1099602.cif,Cu1Ba1.6Sr0.4Yb0.65Ca0.35Cu2O6.15,48.5,new,2,1,G:anion-ratio--0.47(Ba3Sr(CuO3)4)
Yb0.7Ca0.3Ba1.6Sr0.4Cu3O6.1-MP-mp-1099602.cif,Yb0.7Ca0.3Ba1.6Sr0.4Cu3O6.1,48.3,new,2,1,G:anion-ratio--0.48(Ba3Sr(CuO3)4)
Bi2Ca0.7Cu2Gd0.3Sr2O8-MP-mp-1218930-synth_doped.cif,Bi2Ca0.7Cu2Gd0.3Sr2O8,48.0,V45,2,1,C:Cu-ox-4.85
Bi2Sr2Ca0.57Pr0.43Cu2O8-MP-mp-1218930.cif,Bi2Sr2Ca0.57Pr0.43Cu2O8,48.0,new,2,1,C:Cu-ox-4.79
Tl1Sr1.6Cr0.4Cu1O5-MP-mp-620290.cif,Tl1Sr1.6Cr0.4Cu1O5,48.0,new,2,1,C:Cu-ox-6.80
Y1Ba2Cu2.9Zn0.1O7-MP-mp-20674.cif,Y1Ba2Cu2.9Zn0.1O7,47.5,new,2,1,C:Cu-ox-3.38
Bi2Ca1Cu2Sr2O8.329-MP-mp-1218930-synth_doped.cif,Bi2Ca1Cu2Sr2O8.329,47.3,V45,2,1,C:Cu-ox-5.33
Bi2Ca1Cu2Sr2O8.373-MP-mp-1218930-synth_doped.cif,Bi2Ca1Cu2Sr2O8.373,47.2,V45,2,1,C:Cu-ox-5.37
Y1Ba2Cu2.7Zn0.3O6.92-MP-mp-20674.cif,Y1Ba2Cu2.7Zn0.3O6.92,47.2,new,2,1,C:Cu-ox-3.42
Ba2Cu1Tl2O6.05-MP-mp-6027-synth_doped.cif,Ba2Cu1Tl2O6.05,47.0,V45,2,1,C:Cu-ox-8.10
Ca0.15Cu3Pb2Sr2Y0.85O8-MP-mp-1198573-synth_doped.cif,Ca0.15Cu3Pb2Sr2Y0.85O8,47.0,V45,2,1,C:Cu-ox-3.90
Ba1.6Sr0.4Yb0.6Ca0.4Cu3O6.04-MP-mp-1099602.cif,Ba1.6Sr0.4Yb0.6Ca0.4Cu3O6.04,47.0,new,2,1,G:anion-ratio--0.49(Ba3Sr(CuO3)4)
Ga1Sr2Tm0.65Ca0.35Cu2O7-MP-mp-1208765.cif,Ga1Sr2Tm0.65Ca0.35Cu2O7,47.0,new,2,1,C:Cu-ox-4.65
Y1Sr0.6Ba1.4Cu2.5B0.5O7-MP-icsd-63321.cif,Y1Sr0.6Ba1.4Cu2.5B0.5O7,47.0,new,2,1,C:Cu-ox-4.00
Ba1.6Sr0.4Yb0.6Ca0.4Cu3O6.14-MP-mp-1099602.cif,Ba1.6Sr0.4Yb0.6Ca0.4Cu3O6.14,46.5,new,2,1,G:anion-ratio--0.48(Ba3Sr(CuO3)4)
Bi4Sr3Ca2Tm1Cu4O16.73-MP-mp-1218884.cif,Bi4Sr3Ca2Tm1Cu4O16.73,46.5,new,2,1,C:Cu-ox-5.87
Y1Ba2Cu2.82Co0.18O7-MP-mp-20674.cif,Y1Ba2Cu2.82Co0.18O7,46.0,new,2,1,C:Cu-ox-3.55
Y1Ba2Cu2.7Ni0.3O6.9-MP-mp-20674.cif,Y1Ba2Cu2.7Ni0.3O6.9,46.0,new,2,1,C:Cu-ox-3.41
Er1Ba2Cu2.88Co0.12O6.78-MP-mp-1229210.cif,Er1Ba2Cu2.88Co0.12O6.78,46.0,new,2,1,C:Cu-ox-3.32
Hg0.5Fe0.5Sr2Y0.6Ca0.4Cu2O6.7-MP-mp-1042547.cif,Hg0.5Fe0.5Sr2Y0.6Ca0.4Cu2O6.7,46.0,new,2,1,C:Cu-ox-4.30
Sr2Cu1F2.33O2-MP-mp-1147566.cif,Sr2Cu1F2.33O2,46.0,new,2,1,C:Cu-ox--0.00
Y1Sr2Cu2.65Fe0.35O7.1-MP-mp-1218585.cif,Y1Sr2Cu2.65Fe0.35O7.1,46.0,new,2,1,C:Cu-ox-3.85
Ba2Cu1Tl2O6.19-MP-mp-6027-synth_doped.cif,Ba2Cu1Tl2O6.19,45.3,V45,2,1,C:Cu-ox-8.38
Cu1La2O4.086-MP-mp-1077929-synth_doped.cif,Cu1La2O4.086,45.2,V45,2,1,D:duplicate-Tc-0.0..45.2K(n=4)
Y1Fe1As1O0.85-MP-mp-1379819.cif,Y1Fe1As1O0.85,45.2,new,2,1,G:anion-ratio--1.47(Y2Fe2O7)
Cu1La2O4.093-MP-mp-1077929-synth_doped.cif,Cu1La2O4.093,45.0,V45,2,1,D:duplicate-Tc-0.0..45.2K(n=4)
Y1Ba2Cu2.87Al0.13O7-MP-mp-20674.cif,Y1Ba2Cu2.87Al0.13O7,45.0,new,2,1,C:Cu-ox-3.48
Y1Ba2Cu2.865Al0.135O7-MP-mp-20674.cif,Y1Ba2Cu2.865Al0.135O7,45.0,new,2,1,C:Cu-ox-3.49
Dy1Fe1As1F0.1O0.9-MP-mp-1224755.cif,Dy1Fe1As1F0.1O0.9,45.0,new,2,1,G:anion-ratio--1.33(Fe2AsO4F)
Y0.8Ca0.2Sr1Ba1Cu2.8B0.2O7-MP-mp-1228878.cif,Y0.8Ca0.2Sr1Ba1Cu2.8B0.2O7,45.0,new,2,1,C:Cu-ox-3.43
Tl1Sr1.8Ca0.2Yb1Cu2O7-MP-mp-20824.cif,Tl1Sr1.8Ca0.2Yb1Cu2O7,45.0,new,2,1,C:Cu-ox-5.00
Y2Tl2Sr2Cu3O11-MP-mp-1357400.cif,Y2Tl2Sr2Cu3O11,45.0,new,2,1,C:Cu-ox-6.00
Y1Ba2Cu2.8Ni0.2O6.82-MP-icsd-63321.cif,Y1Ba2Cu2.8Ni0.2O6.82,45.0,new,2,1,C:Cu-ox-3.30
Cu1F2Sr2O2-MP-mp-1025280.cif,Cu1F2Sr2O2,44.33333333,V45,2,1,C:Cu-ox--0.00
Dy1Ba2Cu2.9Zn0.1O6.96-MP-mp-622105.cif,Dy1Ba2Cu2.9Zn0.1O6.96,44.0,new,2,1,C:Cu-ox-3.35
Nd2Tl2Sr2Cu3O11-MP-mp-620290.cif,Nd2Tl2Sr2Cu3O11,44.0,new,2,1,C:Cu-ox-4.00
Y1Sr2Cu2.7Re0.3O7.2-MP-mp-21129.cif,Y1Sr2Cu2.7Re0.3O7.2,44.0,new,2,1,C:Cu-ox-3.85
Li1Fe2Se2-MP-mp-20311.cif,Li1Fe2Se2,44.0,new,2,1,G:anion-ratio--0.33(FeSe)
Y1Ba2Cu2.8Fe0.2O6.8-MP-mp-1228903.cif,Y1Ba2Cu2.8Fe0.2O6.8,43.9,new,2,1,C:Cu-ox-3.43
Y0.85Ca0.15Sr1Ba1Cu2.5B0.5O7-MP-mp-1228878.cif,Y0.85Ca0.15Sr1Ba1Cu2.5B0.5O7,43.6,new,2,1,C:Cu-ox-3.88
Cu2Fe1Sr2Y1O7.66-MP-mvc-771-synth_doped.cif,Cu2Fe1Sr2Y1O7.66,43.5,V45,2,1,C:Cu-ox-5.66
Bi4Sr3Ca2Y1Cu4O16-MP-mp-1218930.cif,Bi4Sr3Ca2Y1Cu4O16,43.5,new,2,1,C:Cu-ox-5.50
Ba1.4Sr0.6Yb1Cu3O6.66-MP-mp-1099602.cif,Ba1.4Sr0.6Yb1Cu3O6.66,43.1,new,2,1,G:anion-ratio--0.39(Ba3Sr(CuO3)4)
Y1Sr2Cu2.85Re0.15O6.95-MP-mp-985569.cif,Y1Sr2Cu2.85Re0.15O6.95,43.1,new,2,1,C:Cu-ox-3.47
Cr0.2Cu1Sr1.8Tl1O5-MP-mp-620290-synth_doped.cif,Cr0.2Cu1Sr1.8Tl1O5,43.0,V45,2,1,C:Cu-ox-6.40
Bi1.8Pb0.2Sr2Ca1Cu1.92Co0.08O8-MP-mp-1218930.cif,Bi1.8Pb0.2Sr2Ca1Cu1.92Co0.08O8,43.0,new,2,1,C:Cu-ox-5.21
Tl1Sr2Ca1Cu2O6.58-MP-mp-20824.cif,Tl1Sr2Ca1Cu2O6.58,43.0,new,2,1,C:Cu-ox-3.58
Pr2Tl2Sr2Cu3O11-MP-mp-620290.cif,Pr2Tl2Sr2Cu3O11,43.0,new,2,1,C:Cu-ox-4.00
Y1Sr2Cu2.7Fe0.3O6.9-MP-mp-1218669.cif,Y1Sr2Cu2.7Fe0.3O6.9,43.0,new,2,1,C:Cu-ox-3.63
Y1Sr2Cu2.8Re0.2O6.9-MP-mp-21129.cif,Y1Sr2Cu2.8Re0.2O6.9,43.0,new,2,1,C:Cu-ox-3.50
Li1Fe3Se2O2-MP-mp-558555.cif,Li1Fe3Se2O2,42.8,new,2,1,G:anion-ratio--3.00(LiFe(SeO3)2)
Fe2As2Ca4Mg0.75Ti2.25O7.5-MP-mp-1221997.cif,Fe2As2Ca4Mg0.75Ti2.25O7.5,42.5,new,2,1,G:anion-ratio--0.98(MgTi4FeO10)
Bi2Sr2Ca0.6Pr0.4Cu2O8-MP-mp-1218930.cif,Bi2Sr2Ca0.6Pr0.4Cu2O8,42.2,new,2,1,C:Cu-ox-4.80
Bi2Ca1Cu2Sr2O8.428-MP-mp-1218930-synth_doped.cif,Bi2Ca1Cu2Sr2O8.428,42.1,V45,2,1,C:Cu-ox-5.43
Cu1La2O4.022-MP-mp-1077929-synth_doped.cif,Cu1La2O4.022,42.0,V45,2,1,D:duplicate-Tc-0.0..42.0K(n=2)
Er1Ba2Cu2.79Zn0.12Fe0.09O6.95-MP-mp-622110.cif,Er1Ba2Cu2.79Zn0.12Fe0.09O6.95,42.0,new,2,1,C:Cu-ox-3.46
Ga0.8Sr2Y0.6Ca0.4Cu2.2O7-MP-mp-1218712.cif,Ga0.8Sr2Y0.6Ca0.4Cu2.2O7,42.0,new,2,1,C:Cu-ox-4.18
Li0.84H1Fe1.14Se1O1-MP-mp-1213486.cif,Li0.84H1Fe1.14Se1O1,42.0,new,2,1,G:anion-ratio--5.98(Fe2H2Se3O10)
Y1Ba2Cu2.6Al0.4O7-MP-icsd-63321.cif,Y1Ba2Cu2.6Al0.4O7,42.0,new,2,1,C:Cu-ox-3.85
Nb0.6Ru0.6Sr2Eu1.5Ce0.5Cu2O10-MP-mp-1218883.cif,Nb0.6Ru0.6Sr2Eu1.5Ce0.5Cu2O10,41.4,new,2,1,C:Cu-ox-4.75
Bi1.7Pb0.3Sr2Ca0.5Y0.5Cu2O8-MP-mp-1218870.cif,Bi1.7Pb0.3Sr2Ca0.5Y0.5Cu2O8,41.3,new,2,1,C:Cu-ox-5.50
Ca1.8Cl2Cu1O2-MP-mp-23143-synth_doped.cif,Ca1.8Cl2Cu1O2,41.0,V45,2,1,C:Cu-ox-0.40
Y0.7Ca0.3Sr1.5Ba0.5Cu2.8Cr0.2O7-MP-mp-1228878.cif,Y0.7Ca0.3Sr1.5Ba0.5Cu2.8Cr0.2O7,41.0,new,2,1,C:Cu-ox-3.36
Bi1.5Ga0.5Sr1.8Ca1.2Cu2O8-MP-mp-1218930.cif,Bi1.5Ga0.5Sr1.8Ca1.2Cu2O8,41.0,new,2,1,C:Cu-ox-5.00
Ga0.9Sr2Y0.6Ca0.4Cu2.1O7-MP-mp-1218712.cif,Ga0.9Sr2Y0.6Ca0.4Cu2.1O7,41.0,new,2,1,C:Cu-ox-4.38
Y1Ba1Sr1Cu2.75Sn0.25O7.16-MP-mp-1042137.cif,Y1Ba1Sr1Cu2.75Sn0.25O7.16,40.9,new,2,1,C:Cu-ox-3.75
Li0.8Fe1.2Se1H1O1-MP-mp-1213486.cif,Li0.8Fe1.2Se1H1O1,40.45,new,2,1,G:anion-ratio--6.00(Fe2H2Se3O10)
Ba2Cu1Tl2O6.056-MP-mp-6027-synth_doped.cif,Ba2Cu1Tl2O6.056,40.0,V45,2,1,C:Cu-ox-8.11
Ca0.3Cu2Ga1Sr2Tm0.7O7-MP-mp-1208765-synth_doped.cif,Ca0.3Cu2Ga1Sr2Tm0.7O7,40.0,V45,2,1,C:Cu-ox-4.70
Ca8Mg1.5Ti4.5Fe2As2O9.5-MP-mp-1221997.cif,Ca8Mg1.5Ti4.5Fe2As2O9.5,40.0,new,2,1,G:anion-ratio--1.14(MgTi4FeO10)
Fe0.5Ba1Sr1Tm1Cu2.5O7.432-MP-mp-1205946.cif,Fe0.5Ba1Sr1Tm1Cu2.5O7.432,40.0,new,2,1,C:Cu-ox-4.35
Tl1Ba2Ca0.5Nd0.5Cu2O6.86-MP-mp-1228402.cif,Tl1Ba2Ca0.5Nd0.5Cu2O6.86,40.0,new,2,1,C:Cu-ox-3.61
Tl1Sr2Ca1Cu2O6.75-MP-mp-20824.cif,Tl1Sr2Ca1Cu2O6.75,40.0,new,2,1,C:Cu-ox-3.75
Tl0.5Pb0.5Sr2Eu1.8Ce0.2Cu2O9-MP-mp-1218860.cif,Tl0.5Pb0.5Sr2Eu1.8Ce0.2Cu2O9,40.0,new,2,1,C:Cu-ox-3.90
Eu1.4Ce0.6Sr2Ru1Cu2O10-MP-mp-1218883.cif,Eu1.4Ce0.6Sr2Ru1Cu2O10,40.0,new,2,1,C:Cu-ox-4.70
Y1Sr2Cu2.8Mo0.2O7-MP-mp-985569.cif,Y1Sr2Cu2.8Mo0.2O7,40.0,new,2,1,C:Cu-ox-3.57
Bi2Sr2Ca0.5Y0.5Cu2O8.33-MP-icsd-173899.cif,Bi2Sr2Ca0.5Y0.5Cu2O8.33,40.0,new,2,1,C:Cu-ox-5.83
Y1Ba2Cu2.9Zn0.1O6.94-MP-mp-20674.cif,Y1Ba2Cu2.9Zn0.1O6.94,39.975,new,2,1,C:Cu-ox-3.34
Ca0.4Cu2Ga1Sr2Y0.6O7-MP-mp-1218546-synth_doped.cif,Ca0.4Cu2Ga1Sr2Y0.6O7,39.5,V45,2,1,C:Cu-ox-4.60
Y1Ba2Cu2.85Zn0.15O6.97-MP-mp-20674.cif,Y1Ba2Cu2.85Zn0.15O6.97,39.1,new,2,1,C:Cu-ox-3.38
Fe2As2Ca5Mg0.8Ti3.2O9.8-MP-mp-1221997.cif,Fe2As2Ca5Mg0.8Ti3.2O9.8,39.0,new,2,1,G:anion-ratio--0.91(MgTi4FeO10)
Ru1Sr1.6Ba0.4Gd1Cu2O8-MP-mp-1194240.cif,Ru1Sr1.6Ba0.4Gd1Cu2O8,39.0,new,2,1,C:Cu-ox-4.50
Dy1Ba2Cu2.7Ga0.3O6.77-MP-mp-622105.cif,Dy1Ba2Cu2.7Ga0.3O6.77,39.0,new,2,1,C:Cu-ox-3.53
Ba0.8Fe2Se2-MP-mp-1077893.cif,Ba0.8Fe2Se2,39.0,new,2,1,G:anion-ratio--0.62(Ba(FeSe2)2)
Bi1.8Pb0.2Sr2Ca1Cu1.88Co0.12O8-MP-mp-1218930.cif,Bi1.8Pb0.2Sr2Ca1Cu1.88Co0.12O8,38.8,new,2,1,C:Cu-ox-5.32
Pb0.5Cu0.5Sr0.8La1.2Cu1O5.01-MP-mp-20489.cif,Pb0.5Cu0.5Sr0.8La1.2Cu1O5.01,38.7,new,2,1,G:parent-lacks-Cu(SrPbO3)
Li0.8Fe1.2Se0.84S0.16H1O1-MP-mp-943462.cif,Li0.8Fe1.2Se0.84S0.16H1O1,38.6,new,2,1,G:anion-ratio--2.00(LiFeHSO5)
Cu1La1Sr1Tl0.7O5-MP-mp-1218170-synth_doped.cif,Cu1La1Sr1Tl0.7O5,38.5,V45,2,1,C:Cu-ox-5.00
Pb0.5Cu0.5Sr0.9La1.1Cu1O5.02-MP-mp-20489.cif,Pb0.5Cu0.5Sr0.9La1.1Cu1O5.02,38.5,new,2,1,G:parent-lacks-Cu(SrPbO3)
B2Mg0.9-MP-mp-763-synth_doped.cif,B2Mg0.9,38.2,V45,2,1,D:duplicate-Tc-5.7..38.2K(n=2)
Ca0.2Cu2Pr0.8Sr2Tl1O7-MP-mp-1208792-synth_doped.cif,Ca0.2Cu2Pr0.8Sr2Tl1O7,38.0,V45,2,1,C:Cu-ox-3.60
Cu1La2O4.066-MP-mp-1077929-synth_doped.cif,Cu1La2O4.066,38.0,V45,2,1,D:duplicate-Tc-0.0..38.0K(n=3)
Sr1.5Ba0.5Y1Cu2.8Ga0.2O7-MP-mp-556575.cif,Sr1.5Ba0.5Y1Cu2.8Ga0.2O7,38.0,new,2,1,C:Cu-ox-3.57
Tl2Ba2Cu1O5.957-MP-mp-6027.cif,Tl2Ba2Cu1O5.957,38.0,new,2,1,C:Cu-ox-7.91
Fe0.5Ba1Sr1Dy1Cu2.5O7.447-MP-mp-1207068.cif,Fe0.5Ba1Sr1Dy1Cu2.5O7.447,37.9,new,2,1,C:Cu-ox-4.36
Cu1La2O4.095-MP-mp-1077929-synth_doped.cif,Cu1La2O4.095,37.8,V45,2,1,D:duplicate-Tc-0.0..45.2K(n=4)
Cu2Gd1Ru0.925Sn0.075Sr2O8-MP-mp-1194240-synth_doped.cif,Cu2Gd1Ru0.925Sn0.075Sr2O8,37.8,V45,2,1,C:Cu-ox-4.50
Ca0.8La0.2Fe0.978Co0.022As2-MP-mp-1900.cif,Ca0.8La0.2Fe0.978Co0.022As2,37.8,new,2,1,G:parent-lacks-Fe(CaAs3)
Cu2.1Gd1Ru0.9Sr2O8-MP-mp-1194240-synth_doped.cif,Cu2.1Gd1Ru0.9Sr2O8,37.75,V45,2,1,C:Cu-ox-4.29
Bi4Sr4Ca1Tm1Cu4O16.67-MP-mp-1218884.cif,Bi4Sr4Ca1Tm1Cu4O16.67,37.7,new,2,1,C:Cu-ox-5.84
Tl1Sr2Ca0.5Sm0.5Cu2O6.75-MP-mp-20824.cif,Tl1Sr2Ca0.5Sm0.5Cu2O6.75,37.6,new,2,1,C:Cu-ox-3.50
Ba2Cu1Hg1O4.37-MP-mp-6562-synth_doped.cif,Ba2Cu1Hg1O4.37,37.5,V45,2,1,C:Cu-ox-4.74
Cr0.1Cu1Sr1.9Tl1O5-MP-mp-620290-synth_doped.cif,Cr0.1Cu1Sr1.9Tl1O5,37.5,V45,2,1,C:Cu-ox-6.20
Nb0.6Ru0.4Sr2Eu1.5Ce0.5Cu2O10-MP-mp-1218883.cif,Nb0.6Ru0.4Sr2Eu1.5Ce0.5Cu2O10,37.3,new,2,1,C:Cu-ox-4.75
Cu1.2La1Sr1Tl0.8O5-MP-mp-1218170-synth_doped.cif,Cu1.2La1Sr1Tl0.8O5,37.0,V45,2,1,C:Cu-ox-4.17
Hg1.4Tl0.6Ba2Y0.9Ca0.1Cu2O7.88-MP-mp-654374.cif,Hg1.4Tl0.6Ba2Y0.9Ca0.1Cu2O7.88,37.0,new,2,1,C:Cu-ox-5.78
Er1Ba2Cu2.73Zn0.18Fe0.09O6.94-MP-mp-622110.cif,Er1Ba2Cu2.73Zn0.18Fe0.09O6.94,37.0,new,2,1,C:Cu-ox-3.49
La2Tl2Sr2Cu3O11-MP-mp-1218170.cif,La2Tl2Sr2Cu3O11,37.0,new,2,1,C:Cu-ox-4.00
Y1Sr2Cu2.75Re0.25O7-MP-mp-985569.cif,Y1Sr2Cu2.75Re0.25O7,37.0,new,2,1,C:Cu-ox-3.64
Y1Ba1.5La0.5Cu3O7.22-MP-icsd-63321.cif,Y1Ba1.5La0.5Cu3O7.22,36.6,new,2,1,C:Cu-ox-3.31
Ca0.8La0.2Fe0.9671Co0.0329As2-MP-mp-1900.cif,Ca0.8La0.2Fe0.9671Co0.0329As2,36.5,new,2,1,G:parent-lacks-Fe(CaAs3)
C0.9S0.1-MP-mp-27814.cif,C0.9S0.1,36.5,new,2,1,G:anion-ratio--13.89(CS14)
Fe2As2Ca6Al1.32Ti2.68O12-MP-mp-1227734.cif,Fe2As2Ca6Al1.32Ti2.68O12,36.0,new,2,1,G:anion-ratio--0.48(Ca3Ti(FeO4)2)
Fe2As2Ca4Sc2Ti3O13-MP-mp-1200872.cif,Fe2As2Ca4Sc2Ti3O13,36.0,new,2,1,G:anion-ratio--0.50(CaTi2FeO6)
Fe2As2Ca5Sc2Ti2O10-MP-mp-1227734.cif,Fe2As2Ca5Sc2Ti2O10,36.0,new,2,1,G:anion-ratio--0.56(Ca3Ti(FeO4)2)
Fe2As2Ca5Mg1Ti3O9.5-MP-mp-1221997.cif,Fe2As2Ca5Mg1Ti3O9.5,36.0,new,2,1,G:anion-ratio--0.94(MgTi4FeO10)
Ho1Fe1As1F0.1O0.9-MP-mp-1224755.cif,Ho1Fe1As1F0.1O0.9,36.0,new,2,1,G:anion-ratio--1.33(Fe2AsO4F)
Er1Ba2Cu2.76Zn0.24O6.89-MP-mp-622110.cif,Er1Ba2Cu2.76Zn0.24O6.89,36.0,new,2,1,C:Cu-ox-3.37
Y1Ba2Cu2.7Fe0.3O7.15-MP-icsd-63321.cif,Y1Ba2Cu2.7Fe0.3O7.15,36.0,new,2,1,C:Cu-ox-3.81
Y1Ba2Cu2.7Co0.3O7.11-MP-icsd-63321.cif,Y1Ba2Cu2.7Co0.3O7.11,36.0,new,2,1,C:Cu-ox-3.79
Bi1.8Pb0.2Sr2Ca1Cu1.84Co0.16O8-MP-mp-1218930.cif,Bi1.8Pb0.2Sr2Ca1Cu1.84Co0.16O8,35.8,new,2,1,C:Cu-ox-5.43
Li0.8Fe1.2Se0.78S0.22H1O1-MP-mp-943462.cif,Li0.8Fe1.2Se0.78S0.22H1O1,35.6,new,2,1,G:anion-ratio--2.00(LiFeHSO5)
Y0.85Ca0.15Sr1.5Ba0.5Cu2.5B0.5O7-MP-mp-1228878.cif,Y0.85Ca0.15Sr1.5Ba0.5Cu2.5B0.5O7,35.5,new,2,1,C:Cu-ox-3.88
Hg1.4Tl0.6Ba2Y0.2Ca0.8Cu2O7.66-MP-mp-654374.cif,Hg1.4Tl0.6Ba2Y0.2Ca0.8Cu2O7.66,35.3,new,2,1,C:Cu-ox-4.86
Ca0.8La0.2Fe0.9558Co0.0442As2-MP-mp-1900.cif,Ca0.8La0.2Fe0.9558Co0.0442As2,35.1,new,2,1,G:parent-lacks-Fe(CaAs3)
Ca0.5Cu2Ga1Sr2Y0.5O7-MP-mp-1218546.cif,Ca0.5Cu2Ga1Sr2Y0.5O7,35.0,V45,2,1,C:Cu-ox-4.50
Sr1.5Ba0.5Y1Cu2.8Ti0.2O7-MP-mp-1046088.cif,Sr1.5Ba0.5Y1Cu2.8Ti0.2O7,35.0,new,2,1,C:Cu-ox-3.57
Hg1Tl1Ba2Ca1Cu2O8-MP-mp-6885.cif,Hg1Tl1Ba2Ca1Cu2O8,35.0,new,2,1,C:Cu-ox-5.00
Tl1Sr2Ca0.4Y0.6Cu2O7-MP-mp-1218486.cif,Tl1Sr2Ca0.4Y0.6Cu2O7,35.0,new,2,1,C:Cu-ox-4.60
Y1Sr2Cu2.7Ti0.3O7.224-MP-mp-1046189.cif,Y1Sr2Cu2.7Ti0.3O7.224,35.0,new,2,1,C:Cu-ox-3.87
Li0.8Fe1.2Se0.72S0.28H1O1-MP-mp-943462.cif,Li0.8Fe1.2Se0.72S0.28H1O1,35.0,new,2,1,G:anion-ratio--2.00(LiFeHSO5)
Y1Sr1.2Ba0.8Cu2.5B0.5O7-MP-icsd-63321.cif,Y1Sr1.2Ba0.8Cu2.5B0.5O7,35.0,new,2,1,C:Cu-ox-4.00
Y1Sr0.4Ba1.6Cu2.5B0.5O7-MP-icsd-63321.cif,Y1Sr0.4Ba1.6Cu2.5B0.5O7,35.0,new,2,1,C:Cu-ox-4.00
Cu1La2O4.017-MP-mp-1077929-synth_doped.cif,Cu1La2O4.017,34.7,V45,2,1,D:duplicate-Tc-0.0..34.7K(n=4)
Ba1.6Sr0.4Yb1Cu3O6.53-MP-mp-1099602.cif,Ba1.6Sr0.4Yb1Cu3O6.53,34.0,new,2,1,G:anion-ratio--0.41(Ba3Sr(CuO3)4)
Ba1.6Sr0.4Yb0.75Ca0.25Cu3O6.3-MP-mp-1099602.cif,Ba1.6Sr0.4Yb0.75Ca0.25Cu3O6.3,34.0,new,2,1,G:anion-ratio--0.45(Ba3Sr(CuO3)4)
Er1Ba2Cu2.82Co0.18O6.74-MP-mp-1229210.cif,Er1Ba2Cu2.82Co0.18O6.74,34.0,new,2,1,C:Cu-ox-3.36
Bi2Sr2Gd1.64Ce0.36Cu2O10.24-MP-mp-1520951.cif,Bi2Sr2Gd1.64Ce0.36Cu2O10.24,34.0,new,2,1,C:Cu-ox-5.06
Eu1.5Ce0.5Sr2Ru1Cu2O10-MP-mp-1218883.cif,Eu1.5Ce0.5Sr2Ru1Cu2O10,34.0,new,2,1,C:Cu-ox-4.75
Y1Sr2Cu2.65Fe0.35O6.7-MP-mp-1218669.cif,Y1Sr2Cu2.65Fe0.35O6.7,34.0,new,2,1,C:Cu-ox-3.55
Tl1Ba1.6La0.4Cu1O5-MP-icsd-41494.cif,Tl1Ba1.6La0.4Cu1O5,34.0,new,2,1,C:Cu-ox-5.60
Bi1.8Pb0.2Sr2Ca1Cu1.92Fe0.08O8-MP-mp-1218930.cif,Bi1.8Pb0.2Sr2Ca1Cu1.92Fe0.08O8,33.8,new,2,1,C:Cu-ox-5.21
Ba0.105Cu1La1.895O4-MP-mp-1077929-synth_doped.cif,Ba0.105Cu1La1.895O4,33.1,V45,2,1,D:duplicate-Tc-14.5..33.1K(n=3)
Ce0.7Cu2Eu1.3Ru1Sr2O10-MP-mp-1218883-synth_doped.cif,Ce0.7Cu2Eu1.3Ru1Sr2O10,33.0,V45,2,1,C:Cu-ox-4.65
Cu1La1Sr1Tl1O5-MP-mp-1218170.cif,Cu1La1Sr1Tl1O5,33.0,V45,2,1,C:Cu-ox-5.00
Fe2As2Ca5Sc2Ti2O10.5-MP-mp-1227734.cif,Fe2As2Ca5Sc2Ti2O10.5,33.0,new,2,1,G:anion-ratio--0.53(Ca3Ti(FeO4)2)
Bi2Sr1.56La0.44Cu1O6-MP-mp-1173233.cif,Bi2Sr1.56La0.44Cu1O6,33.0,new,2,1,C:Cu-ox-7.56
Ru1Sr2Eu1.5Ce0.5Cu2O9.6-MP-mp-1218883.cif,Ru1Sr2Eu1.5Ce0.5Cu2O9.6,33.0,new,2,1,C:Cu-ox-4.35
Tl0.6La1Sr1Cu1.4O5-MP-mp-1218170.cif,Tl0.6La1Sr1Cu1.4O5,33.0,new,2,1,C:Cu-ox-3.57
Y1Sr2Cu2.7Re0.3O7.1-MP-mp-21129.cif,Y1Sr2Cu2.7Re0.3O7.1,33.0,new,2,1,C:Cu-ox-3.78
Y1Sr2Cu2.75W0.25O6.9-MP-mp-985569.cif,Y1Sr2Cu2.75W0.25O6.9,33.0,new,2,1,C:Cu-ox-3.56
Y1Ba2Cu2.885Zn0.195O7-MP-mp-20674.cif,Y1Ba2Cu2.885Zn0.195O7,32.4,new,2,1,C:Cu-ox-3.33
Cu2Gd0.9Ru1Sr2Y0.1O8-MP-mp-1194240-synth_doped.cif,Cu2Gd0.9Ru1Sr2Y0.1O8,32.2,V45,2,1,C:Cu-ox-4.65
B0.15C0.85Cu1Sr2O5-MP-mp-1198030-synth_doped.cif,B0.15C0.85Cu1Sr2O5,32.0,V45,2,1,C:Cu-ox-6.00
Ca0.3Cu1La1Sr0.7Tl1O5-MP-mp-1218170-synth_doped.cif,Ca0.3Cu1La1Sr0.7Tl1O5,32.0,V45,2,1,C:Cu-ox-5.00
Cu1La2O4.005-MP-mp-1077929-synth_doped.cif,Cu1La2O4.005,32.0,V45,2,1,D:duplicate-Tc-0.0..32.0K(n=2)
Cu1La2O4.012-MP-mp-1077929-synth_doped.cif,Cu1La2O4.012,32.0,V45,2,1,D:duplicate-Tc-0.0..34.7K(n=4)
Fe2As2Ca6Al1Ti3O11-MP-mp-1227734.cif,Fe2As2Ca6Al1Ti3O11,32.0,new,2,1,G:anion-ratio--0.55(Ca3Ti(FeO4)2)
Sr1.5Ba0.5Y1Cu2.8Ga0.2O6.96-MP-mp-556575.cif,Sr1.5Ba0.5Y1Cu2.8Ga0.2O6.96,32.0,new,2,1,C:Cu-ox-3.54
Y1Ba2Cu2.64Fe0.36O7.12-MP-mp-505589.cif,Y1Ba2Cu2.64Fe0.36O7.12,32.0,new,2,1,C:Cu-ox-3.88
Y1Ba2Cu2.64Fe0.36O7-MP-mp-1228213.cif,Y1Ba2Cu2.64Fe0.36O7,32.0,new,2,1,C:Cu-ox-3.79
Er1Ba2Cu2.67Zn0.24Fe0.09O6.94-MP-mp-622110.cif,Er1Ba2Cu2.67Zn0.24Fe0.09O6.94,32.0,new,2,1,C:Cu-ox-3.52
Er1Ba2Cu2.7Zn0.3O6.86-MP-mp-622110.cif,Er1Ba2Cu2.7Zn0.3O6.86,32.0,new,2,1,C:Cu-ox-3.38
Bi2Sr1.6La0.4Cu1O6-MP-mp-686833.cif,Bi2Sr1.6La0.4Cu1O6,32.0,new,2,1,C:Cu-ox-7.60
Eu1.6Ce0.4Sr2Ru1Cu2O10-MP-mp-1218883.cif,Eu1.6Ce0.4Sr2Ru1Cu2O10,32.0,new,2,1,C:Cu-ox-4.80
H0.2La1.8Sr0.2Cu1O4-MP-mp-1194283.cif,H0.2La1.8Sr0.2Cu1O4,32.0,new,2,1,G:anion-ratio--2.60(Sr2Cu(HO)6)
Li0.8Fe1.2Se0.59S0.41H1O1-MP-mp-943462.cif,Li0.8Fe1.2Se0.59S0.41H1O1,32.0,new,2,1,G:anion-ratio--2.00(LiFeHSO5)
K0.65Fe1.41Se2-MP-mp-1070735.cif,K0.65Fe1.41Se2,32.0,new,2,1,G:anion-ratio-+0.30(K(FeSe)2)
K0.58Fe1.56Se2-MP-mp-1070735.cif,K0.58Fe1.56Se2,31.9,new,2,1,G:anion-ratio-+0.27(K(FeSe)2)
Rb0.8Fe2Se2-MP-mp-7086.cif,Rb0.8Fe2Se2,31.4,new,2,1,G:anion-ratio--0.29(RbFeSe2)
B0.14C0.86Cu1Sr2O5-MP-mp-1198030-synth_doped.cif,B0.14C0.86Cu1Sr2O5,31.0,V45,2,1,C:Cu-ox-6.00
Ca1Cu2Pb0.3Sr2Tl0.7O7-MP-mp-20824-synth_doped.cif,Ca1Cu2Pb0.3Sr2Tl0.7O7,31.0,V45,2,1,C:Cu-ox-4.00
Fe2As2Ca4Sc2.01Ti0.99O7.5-MP-mp-1227734.cif,Fe2As2Ca4Sc2.01Ti0.99O7.5,31.0,new,2,1,G:anion-ratio--0.65(Ca3Ti(FeO4)2)
Y1Ba2Cu2.6Fe0.4O7-MP-mp-1228213.cif,Y1Ba2Cu2.6Fe0.4O7,31.0,new,2,1,C:Cu-ox-3.85
Dy1Ba2Cu2.6Ni0.4O6.83-MP-mp-622105.cif,Dy1Ba2Cu2.6Ni0.4O6.83,31.0,new,2,1,C:Cu-ox-3.41
Er1Ba2Cu2.76Co0.24O6.75-MP-mp-1229210.cif,Er1Ba2Cu2.76Co0.24O6.75,31.0,new,2,1,C:Cu-ox-3.44
Bi2Sr2Ca0.5Y0.5Cu2I1O8-MP-mp-1209124.cif,Bi2Sr2Ca0.5Y0.5Cu2I1O8,31.0,new,2,1,C:Cu-ox-5.50
K0.64Fe1.44Se2-MP-mp-1070735.cif,K0.64Fe1.44Se2,31.0,new,2,1,G:anion-ratio-+0.29(K(FeSe)2)
Bi1.8Pb0.2Sr2Ca1Cu1.88Fe0.12O8-MP-mp-1218930.cif,Bi1.8Pb0.2Sr2Ca1Cu1.88Fe0.12O8,30.9,new,2,1,C:Cu-ox-5.32
Ba0.6K0.4O3-MP-mp-973447.cif,Ba0.6K0.4O3,30.7,new,2,1,G:anion-ratio-+1.50(KBaO3)
Y1Ba2Cu2.8Zn0.2O6.85-MP-mp-20674.cif,Y1Ba2Cu2.8Zn0.2O6.85,30.69,new,2,1,C:Cu-ox-3.32
Ce0.091Cu1La1.909O4-MP-mp-1077929-synth_doped.cif,Ce0.091Cu1La1.909O4,30.3,V45,2,1,D:duplicate-Tc-20.4..30.3K(n=2)
Ca3Al2Fe2As2O5-MP-mp-1325009.cif,Ca3Al2Fe2As2O5,30.2,new,2,1,G:anion-ratio--1.11(CaFeAsO5)
Ba0.3Cu1La1Sr0.7Tl1O5-MP-mp-1218170-synth_doped.cif,Ba0.3Cu1La1Sr0.7Tl1O5,30.0,V45,2,1,C:Cu-ox-5.00
Bi2Cu1La0.3Sr1.7O6-MP-mp-555827-synth_doped.cif,Bi2Cu1La0.3Sr1.7O6,30.0,V45,2,1,C:Cu-ox-7.70
Ca0.17Cu1Tm1.83O4-MP-mp-1100986-synth_doped.cif,Ca0.17Cu1Tm1.83O4,30.0,V45,2,1,C:Cu-ox-7.66
Ca1.85Cl2Cu1O2-MP-mp-23143-synth_doped.cif,Ca1.85Cl2Cu1O2,30.0,V45,2,1,C:Cu-ox-0.30
Ce0.8Cu2Eu1.2Ru1Sr2O10-MP-mp-1218883-synth_doped.cif,Ce0.8Cu2Eu1.2Ru1Sr2O10,30.0,V45,2,1,C:Cu-ox-4.60
Cu0.1Ho1Ru0.9Sr2O6-MP-mp-6676-synth_doped.cif,Cu0.1Ho1Ru0.9Sr2O6,30.0,V45,2,1,C:Cu-ox-80.00
Cu1La1Sr1Tl1O5.09-MP-mp-1218170-synth_doped.cif,Cu1La1Sr1Tl1O5.09,30.0,V45,2,1,C:Cu-ox-5.18
Y0.85Ca0.15Ba2Cu2.55Co0.45O7.08-MP-mp-1227472.cif,Y0.85Ca0.15Ba2Cu2.55Co0.45O7.08,30.0,new,2,1,C:Cu-ox-3.87
Bi0.5La1Y0.5Sr1Cu2O6.04-MP-mp-1218269.cif,Bi0.5La1Y0.5Sr1Cu2O6.04,30.0,new,2,1,C:Cu-ox-3.54
Bi2Sr2Ca0.6Gd0.4Cu2O8-MP-mp-1218930.cif,Bi2Sr2Ca0.6Gd0.4Cu2O8,30.0,new,2,1,C:Cu-ox-4.80
Hg0.5Fe0.5Sr2Y0.8Ca0.2Cu2O6.72-MP-mp-1042547.cif,Hg0.5Fe0.5Sr2Y0.8Ca0.2Cu2O6.72,30.0,new,2,1,C:Cu-ox-4.52
Tm1.83Ca0.17Cu1O3.99-MP-mp-1100986.cif,Tm1.83Ca0.17Cu1O3.99,30.0,new,2,1,C:Cu-ox-7.64
Ru0.5Nb0.5Sr2Gd1.4Ce0.6Cu2O9.64-MP-mp-1218633.cif,Ru0.5Nb0.5Sr2Gd1.4Ce0.6Cu2O9.64,30.0,new,2,1,C:Cu-ox-4.34
Cu2Gd1Rh0.075Ru0.925Sr2O8-MP-mp-1194240-synth_doped.cif,Cu2Gd1Rh0.075Ru0.925Sr2O8,29.8,V45,2,1,C:Cu-ox-4.50
Cu2Gd1Ru0.925Sr2Ti0.075O8-MP-mp-1194240-synth_doped.cif,Cu2Gd1Ru0.925Sr2Ti0.075O8,29.2,V45,2,1,C:Cu-ox-4.50
Cu1La2O4.054-MP-mp-1077929-synth_doped.cif,Cu1La2O4.054,29.1,V45,2,1,D:duplicate-Tc-0.0..29.1K(n=2)
Ba0.095Cu1La1.905O4-MP-mp-1077929-synth_doped.cif,Ba0.095Cu1La1.905O4,29.0,V45,2,1,D:duplicate-Tc-12.3..29.0K(n=3)
Ba0.102Cu1La1.898O4-MP-mp-1077929-synth_doped.cif,Ba0.102Cu1La1.898O4,29.0,V45,2,1,D:duplicate-Tc-14.5..33.1K(n=3)
Bi2Sr1.43La0.57Cu1O6-MP-mp-1173233.cif,Bi2Sr1.43La0.57Cu1O6,28.5,new,2,1,C:Cu-ox-7.43
Ca1.5Na0.5Cu1Cl2O2-MP-mp-23143.cif,Ca1.5Na0.5Cu1Cl2O2,28.5,new,2,1,C:Cu-ox-0.50
Cu2.2Gd1Ru0.8Sr2O8-MP-mp-1194240-synth_doped.cif,Cu2.2Gd1Ru0.8Sr2O8,28.4,V45,2,1,C:Cu-ox-4.09
Ca0.25Cu2Ga1Sr2Tm0.75O7-MP-mp-1208765-synth_doped.cif,Ca0.25Cu2Ga1Sr2Tm0.75O7,28.0,V45,2,1,C:Cu-ox-4.75
Fe2As2Sr4Sc1.8Ti1.2O8-MP-mp-1218493.cif,Fe2As2Sr4Sc1.8Ti1.2O8,28.0,new,2,1,G:anion-ratio--0.67(Sr6Ti3FeO14)
Y0.8Ca0.2Sr1.5Ba0.5Cu2.8Cr0.2O7-MP-mp-1228878.cif,Y0.8Ca0.2Sr1.5Ba0.5Cu2.8Cr0.2O7,28.0,new,2,1,C:Cu-ox-3.43
Ca1.65Na0.35Cu1Cl2O2-MP-mp-23143.cif,Ca1.65Na0.35Cu1Cl2O2,28.0,new,2,1,C:Cu-ox-0.35
Y1Ba2Cu2.8Fe0.2O6.76-MP-mp-1228903.cif,Y1Ba2Cu2.8Fe0.2O6.76,27.8,new,2,1,C:Cu-ox-3.40
Ca1.6Na0.4Cu1Cl2O2-MP-mp-23143.cif,Ca1.6Na0.4Cu1Cl2O2,27.8,new,2,1,C:Cu-ox-0.40
Tl1Sr2Ca1Cu2O6.85-MP-mp-20824.cif,Tl1Sr2Ca1Cu2O6.85,27.75,new,2,1,C:Cu-ox-3.85
Ca1.81Cl2Cu1Na0.19O2-MP-mp-23143-synth_doped.cif,Ca1.81Cl2Cu1Na0.19O2,27.7,V45,2,1,C:Cu-ox-0.19
Ca1.7Cl2Cu1Na0.3O2-MP-mp-23143-synth_doped.cif,Ca1.7Cl2Cu1Na0.3O2,27.6,V45,2,1,C:Cu-ox-0.30
Ca1.82Cl2Cu1Na0.18O2-MP-mp-23143-synth_doped.cif,Ca1.82Cl2Cu1Na0.18O2,27.055,V45,2,1,C:Cu-ox-0.18
Ca0.35Cu2Ga1Sr2Y0.65O7-MP-mp-1218546-synth_doped.cif,Ca0.35Cu2Ga1Sr2Y0.65O7,27.0,V45,2,1,C:Cu-ox-4.65
Cu1La0.8Sr1.2Tl1O5-MP-mp-1218170-synth_doped.cif,Cu1La0.8Sr1.2Tl1O5,27.0,V45,2,1,C:Cu-ox-5.20
Bi2Sr2Eu1.64Ce0.36Cu2O10.26-MP-mp-1517598.cif,Bi2Sr2Eu1.64Ce0.36Cu2O10.26,27.0,new,2,1,C:Cu-ox-5.08
Y1Sr2Cu2.7Co0.3O6.7-MP-mp-985569.cif,Y1Sr2Cu2.7Co0.3O6.7,27.0,new,2,1,C:Cu-ox-3.48
Mo1Sr2Ho1Cu2O8-MP-mp-1079351.cif,Mo1Sr2Ho1Cu2O8,27.0,new,2,1,C:Cu-ox-6.00
Y1Sr2Nb0.9Cu2.1O7.9-MP-mp-1218633.cif,Y1Sr2Nb0.9Cu2.1O7.9,27.0,new,2,1,C:Cu-ox-5.62
Ca1.8Cl2Cu1Na0.2O2-MP-mp-23143-synth_doped.cif,Ca1.8Cl2Cu1Na0.2O2,26.95,V45,2,1,C:Cu-ox-0.20
Ca1.76Cl2Cu1Na0.24O2-MP-mp-23143-synth_doped.cif,Ca1.76Cl2Cu1Na0.24O2,26.9,V45,2,1,C:Cu-ox-0.24
B0.09C0.91Cu1Sr2O5-MP-mp-1198030-synth_doped.cif,B0.09C0.91Cu1Sr2O5,26.5,V45,2,1,C:Cu-ox-6.00
Ca1.75Cl2Cu1Na0.25O2-MP-mp-23143-synth_doped.cif,Ca1.75Cl2Cu1Na0.25O2,26.5,V45,2,1,C:Cu-ox-0.25
Ba0.175Cu1La1.825O4-MP-mp-1077929-synth_doped.cif,Ba0.175Cu1La1.825O4,26.2,V45,2,1,D:duplicate-Tc-0.0..26.2K(n=2)
Bi1.8Pb0.2Sr2Ca1Cu1.84Fe0.16O8-MP-mp-1218930.cif,Bi1.8Pb0.2Sr2Ca1Cu1.84Fe0.16O8,26.1,new,2,1,C:Cu-ox-5.43
Cu2.05Gd1Ru0.95Sr2O8-MP-mp-1194240-synth_doped.cif,Cu2.05Gd1Ru0.95Sr2O8,26.05,V45,2,1,C:Cu-ox-4.39
Ba0.097Cu1La1.903O4-MP-mp-1077929-synth_doped.cif,Ba0.097Cu1La1.903O4,26.0,V45,2,1,D:duplicate-Tc-12.3..29.0K(n=3)
Ca1.825Cl2Cu1Na0.175O2-MP-mp-23143-synth_doped.cif,Ca1.825Cl2Cu1Na0.175O2,26.0,V45,2,1,C:Cu-ox-0.18
Sr1.5Ba0.5Y1Cu2.8Mo0.2O7.03-MP-mp-1042500.cif,Sr1.5Ba0.5Y1Cu2.8Mo0.2O7.03,26.0,new,2,1,C:Cu-ox-3.59
Y1Ba2Cu2.68Fe0.32O6.999-MP-mp-1228213.cif,Y1Ba2Cu2.68Fe0.32O6.999,26.0,new,2,1,C:Cu-ox-3.73
Tl1.75Ba2Cu1.2O5.98-MP-mp-20942.cif,Tl1.75Ba2Cu1.2O5.98,26.0,new,2,1,C:Cu-ox-6.63
Tl1Sr0.4Ca0.6La1Cu1O5-MP-mp-1218170.cif,Tl1Sr0.4Ca0.6La1Cu1O5,26.0,new,2,1,C:Cu-ox-5.00
Li0.5Hf1N1Cl1-MP-mp-541911.cif,Li0.5Hf1N1Cl1,26.0,new,2,1,G:anion-ratio--0.67(HfNCl)
Y1Sr2Cu2.7W0.3O6.9-MP-mp-985569.cif,Y1Sr2Cu2.7W0.3O6.9,26.0,new,2,1,C:Cu-ox-3.63
Y1Sr2Cu2.7Ti0.3O6.7-MP-mp-985569.cif,Y1Sr2Cu2.7Ti0.3O6.7,26.0,new,2,1,C:Cu-ox-3.48
Eu2.17Ce0.5Sr1.33Cu2.5Fe0.5O9.23-MP-mp-2898735.cif,Eu2.17Ce0.5Sr1.33Cu2.5Fe0.5O9.23,25.7,new,2,1,G:parent-lacks-Cu(SrEu2Fe2O7)
La1Fe0.8Zn0.2As1F0.15O0.85-MP-mp-549589.cif,La1Fe0.8Zn0.2As1F0.15O0.85,25.5,new,2,1,G:parent-lacks-Fe(LaZnAsO)
Ce0.5Cu2Nb1Nd1.5Sr2O10-MP-mp-1218607.cif,Ce0.5Cu2Nb1Nd1.5Sr2O10,25.05,V45,2,1,C:Cu-ox-4.75
B0.08C0.92Cu1Sr2O5-MP-mp-1198030-synth_doped.cif,B0.08C0.92Cu1Sr2O5,25.0,V45,2,1,C:Cu-ox-6.00
Ca1.843Cl2Cu1Na0.157O2-MP-mp-23143-synth_doped.cif,Ca1.843Cl2Cu1Na0.157O2,25.0,V45,2,1,C:Cu-ox-0.16
Cr1Cu4Sr8Tl3O20-MP-mp-559339.cif,Cr1Cu4Sr8Tl3O20,25.0,V45,2,1,C:Cu-ox-6.00
Tl1Ba0.3Sr0.7La1Cu1O5.11-MP-mp-1214673.cif,Tl1Ba0.3Sr0.7La1Cu1O5.11,25.0,new,2,1,C:Cu-ox-5.22
Y1Ba2Cu2.775Zn0.225O6.93-MP-mp-20674.cif,Y1Ba2Cu2.775Zn0.225O6.93,25.0,new,2,1,C:Cu-ox-3.39
Mg0.3Hf1N1Cl1-MP-mp-541911.cif,Mg0.3Hf1N1Cl1,25.0,new,2,1,G:anion-ratio--0.46(HfNCl)
Pb0.5Sr1.8Ba0.2Y0.85Ca0.15Cu2.5O6.98-MP-icsd-63321.cif,Pb0.5Sr1.8Ba0.2Y0.85Ca0.15Cu2.5O6.98,25.0,new,2,1,C:Cu-ox-3.86
Sr1.5Ba0.5Y1Cu2.8Ge0.2O7-MP-icsd-63321.cif,Sr1.5Ba0.5Y1Cu2.8Ge0.2O7,25.0,new,2,1,C:Cu-ox-3.57
Y0.8Pr0.2Ba2Cu2.7Fe0.3O7.1-MP-icsd-63321.cif,Y0.8Pr0.2Ba2Cu2.7Fe0.3O7.1,25.0,new,2,1,C:Cu-ox-3.56
Bi1.4Pb0.6Sr1.4Ca1Nd0.6Cu2O8.22-MP-icsd-63210.cif,Bi1.4Pb0.6Sr1.4Ca1Nd0.6Cu2O8.22,25.0,new,2,1,C:Cu-ox-4.92
Ba0.078Cu1La1.922O4-MP-mp-1077929-synth_doped.cif,Ba0.078Cu1La1.922O4,24.95,V45,2,1,D:duplicate-Tc-0.0..24.9K(n=3)
Bi1Ga1Sr1.8Ca1.2Cu2O8-MP-mp-1218930.cif,Bi1Ga1Sr1.8Ca1.2Cu2O8,24.8,new,2,1,C:Cu-ox-5.00
La1Fe0.4Zn0.6As1F0.15O0.85-MP-mp-549589.cif,La1Fe0.4Zn0.6As1F0.15O0.85,24.6,new,2,1,G:parent-lacks-Fe(LaZnAsO)
Ca1.85Cl2Cu1Na0.15O2-MP-mp-23143-synth_doped.cif,Ca1.85Cl2Cu1Na0.15O2,24.225,V45,2,1,C:Cu-ox-0.15
Ba2Cu1Hg1O4.39-MP-mp-6562-synth_doped.cif,Ba2Cu1Hg1O4.39,24.2,V45,2,1,C:Cu-ox-4.78
Li0.8Fe1.2Se0.47S0.53H1O1-MP-mp-943462.cif,Li0.8Fe1.2Se0.47S0.53H1O1,24.2,new,2,1,G:anion-ratio--2.00(LiFeHSO5)
Ba0.075Cu1La1.925O4-MP-mp-1077929-synth_doped.cif,Ba0.075Cu1La1.925O4,24.0,V45,2,1,D:duplicate-Tc-0.0..24.9K(n=3)
Ba2Cu1Tl1.7O6-MP-mp-6027-synth_doped.cif,Ba2Cu1Tl1.7O6,24.0,V45,2,1,C:Cu-ox-8.00
Bi2Cu1La0.24Sr1.76O6-MP-mp-555827-synth_doped.cif,Bi2Cu1La0.24Sr1.76O6,24.0,V45,2,1,C:Cu-ox-7.76
Ca1.7Cl2Cu1K0.3O2-MP-mp-23143-synth_doped.cif,Ca1.7Cl2Cu1K0.3O2,24.0,V45,2,1,C:Cu-ox-0.30
Ca1.8Cl2Cu1K0.2O2-MP-mp-23143-synth_doped.cif,Ca1.8Cl2Cu1K0.2O2,24.0,V45,2,1,C:Cu-ox-0.20
Ba1.6Sr0.4Yb0.75Ca0.25Cu3O6.19-MP-mp-1099602.cif,Ba1.6Sr0.4Yb0.75Ca0.25Cu3O6.19,24.0,new,2,1,G:anion-ratio--0.47(Ba3Sr(CuO3)4)
Ca1.65Na0.35Cu1Br1Cl1O2-MP-mp-545481.cif,Ca1.65Na0.35Cu1Br1Cl1O2,24.0,new,2,1,C:Cu-ox-0.35
Hg0.5Fe0.5Sr2Y0.7Ca0.3Cu2O6.7-MP-mp-1042547.cif,Hg0.5Fe0.5Sr2Y0.7Ca0.3Cu2O6.7,24.0,new,2,1,C:Cu-ox-4.40
Y1Sr1.4Ba0.6Cu2.5B0.5O7-MP-icsd-63321.cif,Y1Sr1.4Ba0.6Cu2.5B0.5O7,24.0,new,2,1,C:Cu-ox-4.00
La1Fe0.2Zn0.8As1F0.15O0.85-MP-mp-549589.cif,La1Fe0.2Zn0.8As1F0.15O0.85,23.9,new,2,1,G:parent-lacks-Fe(LaZnAsO)
Cu2Gd0.91Nd0.09Ru1Sr2O8-MP-mp-1194240-synth_doped.cif,Cu2Gd0.91Nd0.09Ru1Sr2O8,23.5,V45,2,1,C:Cu-ox-4.50
Ca1.7Na0.3Cu1Br1Cl1O2-MP-mp-545481.cif,Ca1.7Na0.3Cu1Br1Cl1O2,23.5,new,2,1,C:Cu-ox-0.30
Eu1.5Ce0.5Sr2Cu2Nb1O10-MP-mp-1218633.cif,Eu1.5Ce0.5Sr2Cu2Nb1O10,23.5,new,2,1,C:Cu-ox-4.75
Nb0.7Fe1.55Se1.01S0.99-MP-mp-1220747.cif,Nb0.7Fe1.55Se1.01S0.99,23.5,new,2,1,G:anion-ratio--1.61(Nb3Fe(Se4S)2)
Bi2Sr1.6Nd0.4Cu1O6.32-MP-mp-1218715.cif,Bi2Sr1.6Nd0.4Cu1O6.32,23.1,new,2,1,C:Cu-ox-8.24
La0.8Na0.2Fe1As1F0.2O0.8-MP-mp-1210021.cif,La0.8Na0.2Fe1As1F0.2O0.8,23.02,new,2,1,G:anion-ratio--1.33(NaFeAsO4F)
B0.07C0.93Cu1Sr2O5-MP-mp-1198030-synth_doped.cif,B0.07C0.93Cu1Sr2O5,23.0,V45,2,1,C:Cu-ox-6.00
Cu0.2Ru0.8Sr2Y1O6-MP-mp-14430-synth_doped.cif,Cu0.2Ru0.8Sr2Y1O6,23.0,V45,2,1,C:Cu-ox-40.00
Er1Ba2Cu2.7Zn0.12Fe0.18O6.95-MP-mp-622110.cif,Er1Ba2Cu2.7Zn0.12Fe0.18O6.95,23.0,new,2,1,C:Cu-ox-3.58
Ca1.825Na0.175Cu1Br1Cl1O2-MP-mp-545481.cif,Ca1.825Na0.175Cu1Br1Cl1O2,23.0,new,2,1,C:Cu-ox-0.18
Sr1.6K0.4Cu1C1O5-MP-mp-1198030.cif,Sr1.6K0.4Cu1C1O5,23.0,new,2,1,C:Cu-ox-6.40
Tl1Sr2Ca1Cu2O6.52-MP-mp-20824.cif,Tl1Sr2Ca1Cu2O6.52,23.0,new,2,1,C:Cu-ox-3.52
Li1Hf0.7Zr0.3N1Cl1-MP-mp-1222362.cif,Li1Hf0.7Zr0.3N1Cl1,22.6,new,2,1,G:anion-ratio--0.60(LiZr4(NCl)4)
Li1Hf1N1I1-MP-mp-567441.cif,Li1Hf1N1I1,22.2,new,2,1,G:anion-ratio--1.00(HfIN)
Cu2Gd1Ir0.1Ru0.9Sr2O8-MP-mp-1194240-synth_doped.cif,Cu2Gd1Ir0.1Ru0.9Sr2O8,22.0,V45,2,1,C:Cu-ox-4.50
Fe2As2Sr4Sc1.5Ti1.5O8-MP-mp-1218493.cif,Fe2As2Sr4Sc1.5Ti1.5O8,22.0,new,2,1,G:anion-ratio--0.67(Sr6Ti3FeO14)
Y1Ba2Cu2.64Co0.36O7.03-MP-mp-1227472.cif,Y1Ba2Cu2.64Co0.36O7.03,22.0,new,2,1,C:Cu-ox-3.81
Y1Ba2Cu2.79Co0.21O7-MP-mp-20674.cif,Y1Ba2Cu2.79Co0.21O7,22.0,new,2,1,C:Cu-ox-3.58
Y1Ba2Cu2.7Co0.3O6.88-MP-mp-20674.cif,Y1Ba2Cu2.7Co0.3O6.88,22.0,new,2,1,C:Cu-ox-3.61
Tl1Ba0.6Sr0.4La1Cu1O5.16-MP-icsd-41494.cif,Tl1Ba0.6Sr0.4La1Cu1O5.16,22.0,new,2,1,C:Cu-ox-5.32
Ba0.116Cu1La1.884O4-MP-mp-1077929-synth_doped.cif,Ba0.116Cu1La1.884O4,21.8,V45,2,1,D:duplicate-Tc-9.0..21.8K(n=3)
Bi2Sr1.6Pr0.4Cu1O6.313-MP-mp-1218715.cif,Bi2Sr1.6Pr0.4Cu1O6.313,21.8,new,2,1,C:Cu-ox-8.23
B0.06C0.94Cu1Sr2O5-MP-mp-1198030-synth_doped.cif,B0.06C0.94Cu1Sr2O5,21.0,V45,2,1,C:Cu-ox-6.00
Cu2Gd0.82Nd0.18Ru1Sr2O8-MP-mp-1194240-synth_doped.cif,Cu2Gd0.82Nd0.18Ru1Sr2O8,21.0,V45,2,1,C:Cu-ox-4.50
Er1Ba2Cu2.64Zn0.18Fe0.18O6.95-MP-mp-622110.cif,Er1Ba2Cu2.64Zn0.18Fe0.18O6.95,21.0,new,2,1,C:Cu-ox-3.61
Sr1.4K0.6Cu1C1O5-MP-mp-1198030.cif,Sr1.4K0.6Cu1C1O5,21.0,new,2,1,C:Cu-ox-6.60
Tl1Sr2Ca1Cu2O6.76-MP-mp-20824.cif,Tl1Sr2Ca1Cu2O6.76,21.0,new,2,1,C:Cu-ox-3.76
Eu1.5Ce0.5Sr2Cu2Nb1O9.955-MP-mp-1218633.cif,Eu1.5Ce0.5Sr2Cu2Nb1O9.955,21.0,new,2,1,C:Cu-ox-4.71
Li1Hf0.5Zr0.5N1Cl1-MP-mp-1222362.cif,Li1Hf0.5Zr0.5N1Cl1,21.0,new,2,1,G:anion-ratio--0.60(LiZr4(NCl)4)
Mo1Sr2Y1Cu2O8-MP-mp-1079351.cif,Mo1Sr2Y1Cu2O8,21.0,new,2,1,C:Cu-ox-6.00
Y1Sr2Cu2.65Ti0.35O6.8-MP-mp-1046088.cif,Y1Sr2Cu2.65Ti0.35O6.8,21.0,new,2,1,C:Cu-ox-3.62
Y1Sr2Cu2.65Ga0.35O6.7-MP-mp-556575.cif,Y1Sr2Cu2.65Ga0.35O6.7,21.0,new,2,1,C:Cu-ox-3.55
Y1Sr2Cu2.675Ti0.325O6.6-MP-mp-1046088.cif,Y1Sr2Cu2.675Ti0.325O6.6,21.0,new,2,1,C:Cu-ox-3.44
Ce0.09Cu1La1.91O4-MP-mp-1077929-synth_doped.cif,Ce0.09Cu1La1.91O4,20.35,V45,2,1,D:duplicate-Tc-20.4..30.3K(n=2)
Sr0.33Hf1N1Cl1-MP-mp-541911.cif,Sr0.33Hf1N1Cl1,20.3,new,2,1,G:anion-ratio--0.50(HfNCl)
Ba0.33Hf1N1Cl1-MP-mp-541911.cif,Ba0.33Hf1N1Cl1,20.2,new,2,1,G:anion-ratio--0.50(HfNCl)
Ca1.867Cl2Cu1Na0.133O2-MP-mp-23143-synth_doped.cif,Ca1.867Cl2Cu1Na0.133O2,20.0,V45,2,1,C:Cu-ox-0.13
Y1Ba2Cu2.82Al0.18O7-MP-mp-20674.cif,Y1Ba2Cu2.82Al0.18O7,20.0,new,2,1,C:Cu-ox-3.55
Tl1Ba0.6Sr0.4La1Cu1O5-MP-mp-1218170.cif,Tl1Ba0.6Sr0.4La1Cu1O5,20.0,new,2,1,C:Cu-ox-5.00
Bi2Sr2Y1.64Ce0.36Cu2O10.22-MP-mp-1520951.cif,Bi2Sr2Y1.64Ce0.36Cu2O10.22,20.0,new,2,1,C:Cu-ox-7.50
Bi2Sr1.34La0.66Cu1O6-MP-mp-1173233.cif,Bi2Sr1.34La0.66Cu1O6,20.0,new,2,1,C:Cu-ox-7.34
Sr1.5K0.5Cu1C1O5-MP-mp-1198030.cif,Sr1.5K0.5Cu1C1O5,20.0,new,2,1,C:Cu-ox-6.50
Sr1.3K0.7Cu1C1O5-MP-mp-1198030.cif,Sr1.3K0.7Cu1C1O5,20.0,new,2,1,C:Cu-ox-6.70
Y0.9Ca0.1Sr2Cu2.5Fe0.5O6.9-MP-mp-1218669.cif,Y0.9Ca0.1Sr2Cu2.5Fe0.5O6.9,20.0,new,2,1,C:Cu-ox-3.84
Li0.37Hf1N1Cl1-MP-mp-541911.cif,Li0.37Hf1N1Cl1,20.0,new,2,1,G:anion-ratio--0.54(HfNCl)
Sr1Ba1Y1Cu2.8Al0.2O7.15-MP-icsd-63321.cif,Sr1Ba1Y1Cu2.8Al0.2O7.15,20.0,new,2,1,C:Cu-ox-3.68
Sr0.7Ba1.3Y1Cu2.8Al0.2O7.11-MP-icsd-63321.cif,Sr0.7Ba1.3Y1Cu2.8Al0.2O7.11,20.0,new,2,1,C:Cu-ox-3.65
Sr1Fe1.4Ru0.6As2-MP-mp-4404.cif,Sr1Fe1.4Ru0.6As2,19.8,new,2,1,G:parent-lacks-Fe(Sr(AsRu)2)
Ca1.84Cl2Cu1Na0.16O2-MP-mp-23143-synth_doped.cif,Ca1.84Cl2Cu1Na0.16O2,19.7,V45,2,1,C:Cu-ox-0.16
Cu1La1.762Sr0.238O4-MP-mp-1077929-synth_doped.cif,Cu1La1.762Sr0.238O4,19.5,V45,2,1,D:duplicate-Tc-13.0..19.5K(n=2)
Cu1.9Gd1Li0.1Ru1Sr2O8-MP-mp-1194240-synth_doped.cif,Cu1.9Gd1Li0.1Ru1Sr2O8,19.0,V45,2,1,C:Cu-ox-4.68
Ca1.8Na0.2Cu1Br1Cl1O2-MP-mp-545481.cif,Ca1.8Na0.2Cu1Br1Cl1O2,19.0,new,2,1,C:Cu-ox-0.20
Ca1.75Na0.25Cu1Br1Cl1O2-MP-mp-545481.cif,Ca1.75Na0.25Cu1Br1Cl1O2,19.0,new,2,1,C:Cu-ox-0.25
Ca1.85Na0.15Cu1Br1Cl1O2-MP-mp-545481.cif,Ca1.85Na0.15Cu1Br1Cl1O2,19.0,new,2,1,C:Cu-ox-0.15
Y0.88Ca0.12Sr2Cu2.5Fe0.5O6.89-MP-mp-1218669.cif,Y0.88Ca0.12Sr2Cu2.5Fe0.5O6.89,19.0,new,2,1,C:Cu-ox-3.82
Na0.8Hf1N1Cl1-MP-mp-1220797.cif,Na0.8Hf1N1Cl1,19.0,new,2,1,G:anion-ratio--0.67(NaHf8(NCl)8)
Li0.8Fe1.2Se0.34S0.66H1O1-MP-mp-943462.cif,Li0.8Fe1.2Se0.34S0.66H1O1,18.4,new,2,1,G:anion-ratio--2.00(LiFeHSO5)
Li1Hf0.2Zr0.8N1Cl1-MP-mp-1222362.cif,Li1Hf0.2Zr0.8N1Cl1,18.2,new,2,1,G:anion-ratio--0.60(LiZr4(NCl)4)
Br2Ca1.75Cu1Na0.25O2-MP-mp-545481-synth_doped.cif,Br2Ca1.75Cu1Na0.25O2,18.0,V45,2,1,C:Cu-ox-0.25
Ca1.9Cl2Cu1K0.1O2-MP-mp-23143-synth_doped.cif,Ca1.9Cl2Cu1K0.1O2,18.0,V45,2,1,C:Cu-ox-0.10
Y0.9Ca0.1Ba2Cu2.55Co0.45O7.02-MP-mp-1227472.cif,Y0.9Ca0.1Ba2Cu2.55Co0.45O7.02,18.0,new,2,1,C:Cu-ox-3.86
Bi2Sr1.8La0.2Cu1O6.3-MP-mp-1218715.cif,Bi2Sr1.8La0.2Cu1O6.3,18.0,new,2,1,C:Cu-ox-8.40
Ca1.65Na0.35Cu1Br2O2-MP-mp-545481.cif,Ca1.65Na0.35Cu1Br2O2,18.0,new,2,1,C:Cu-ox-0.35
Nb0.76Fe1.61Se0.96S1.04-MP-mp-1220747.cif,Nb0.76Fe1.61Se0.96S1.04,18.0,new,2,1,G:anion-ratio--1.66(Nb3Fe(Se4S)2)
Bi2Sr2Ca0.5Y0.5Cu2O8.36-MP-icsd-173899.cif,Bi2Sr2Ca0.5Y0.5Cu2O8.36,18.0,new,2,1,C:Cu-ox-5.86
Nb1C0.28N0.78-MP-mp-1245761.cif,Nb1C0.28N0.78,17.9,new,2,1,G:anion-ratio--0.59(Nb2(CN2)3)
C0.25N0.75Nb0.85Ti0.15-MP-mp-1216707.cif,C0.25N0.75Nb0.85Ti0.15,17.8,new,2,1,G:anion-ratio-+0.60(TiNbC2)
Nb1C0.3N0.64-MP-mp-1245761.cif,Nb1C0.3N0.64,17.8,new,2,1,G:anion-ratio--0.71(Nb2(CN2)3)
Cu0.08Ru0.92Sr2Y1O6-MP-mp-14430-synth_doped.cif,Cu0.08Ru0.92Sr2Y1O6,17.6,V45,2,1,C:Cu-ox-100.00
Nb1C0.2N0.74-MP-mp-1245761.cif,Nb1C0.2N0.74,17.5,new,2,1,G:anion-ratio--0.58(Nb2(CN2)3)
Y1Sr2Cu2.7Ti0.3O7.144-MP-mp-1046189.cif,Y1Sr2Cu2.7Ti0.3O7.144,17.5,new,2,1,C:Cu-ox-3.81
Nb0.89Al0.11N0.85O0.17-MP-mp-27927.cif,Nb0.89Al0.11N0.85O0.17,17.3,new,2,1,G:anion-ratio--0.98(NbAlO4)
Nb1C0.3N0.62-MP-mp-1245761.cif,Nb1C0.3N0.62,17.3,new,2,1,G:anion-ratio--0.72(Nb2(CN2)3)
Nb80Ga19.7Fe0.03-MP-mp-75.cif,Nb80Ga19.7Fe0.03,17.3,new,2,2,"A:huge-coefficient(max 80, 100 atoms); A:trace-dopant(Fe 0.0003)"
Cu1La1.93Sr0.07O4-MP-mp-1077929-synth_doped.cif,Cu1La1.93Sr0.07O4,17.2,V45,2,1,D:duplicate-Tc-12.0..17.2K(n=2)
Sr1Fe1.2Ru0.8As2-MP-mp-4404.cif,Sr1Fe1.2Ru0.8As2,17.2,new,2,1,G:parent-lacks-Fe(Sr(AsRu)2)
Nb1C0.2N0.7-MP-mp-1245761.cif,Nb1C0.2N0.7,17.2,new,2,1,G:anion-ratio--0.62(Nb2(CN2)3)
Y1Ba2Cu2.79Zn0.21O6.97-MP-mp-20674.cif,Y1Ba2Cu2.79Zn0.21O6.97,17.1,new,2,1,C:Cu-ox-3.41
Bi2Ca0.8Ce0.2Cu2Sr2O8-MP-mp-1218930-synth_doped.cif,Bi2Ca0.8Ce0.2Cu2Sr2O8,17.0,V45,2,1,C:Cu-ox-4.80
Cu1La2O4.0625-MP-mp-1077929-synth_doped.cif,Cu1La2O4.0625,17.0,V45,2,1,D:duplicate-Tc-0.0..38.0K(n=3)
Bi2Sr1.6Sm0.4Cu1O6.3-MP-mp-1218715.cif,Bi2Sr1.6Sm0.4Cu1O6.3,17.0,new,2,1,C:Cu-ox-8.20
Sr2Y0.7Ca0.3Cu2.35Pb0.65O6.89-MP-mp-1208525.cif,Sr2Y0.7Ca0.3Cu2.35Pb0.65O6.89,17.0,new,2,1,C:Cu-ox-3.91
Y1Sr2Cu2.65Ga0.35O6.6-MP-mp-556575.cif,Y1Sr2Cu2.65Ga0.35O6.6,17.0,new,2,1,C:Cu-ox-3.47
Y1Ba2Cu2.7Co0.3O6.93-MP-mp-20674.cif,Y1Ba2Cu2.7Co0.3O6.93,16.9,new,2,1,C:Cu-ox-3.65
Sr1Fe1.3Ru0.7As2-MP-mp-4404.cif,Sr1Fe1.3Ru0.7As2,16.8,new,2,1,G:parent-lacks-Fe(Sr(AsRu)2)
Nb0.87Si0.09N0.13O0.13-MP-mp-7596.cif,Nb0.87Si0.09N0.13O0.13,16.8,new,2,1,G:anion-ratio--1.73(NbNO)
Nb0.89Al0.11N0.84O0.16-MP-mp-27927.cif,Nb0.89Al0.11N0.84O0.16,16.7,new,2,1,G:anion-ratio--1.00(NbAlO4)
Pd0.55Cu0.45H0.7-MP-mp-1184548.cif,Pd0.55Cu0.45H0.7,16.6,new,2,1,G:anion-ratio--0.30(HPd)
Br2Ca1.7Cu1Na0.3O2-MP-mp-545481-synth_doped.cif,Br2Ca1.7Cu1Na0.3O2,16.5,V45,2,1,C:Cu-ox-0.30
Li0.5Ti1N1Cl1-MP-mp-1078503.cif,Li0.5Ti1N1Cl1,16.5,new,2,1,G:anion-ratio-+0.33(LiTiNCl)
Cu2Gd1Ru1Sr2O8-MP-mp-1194240.cif,Cu2Gd1Ru1Sr2O8,16.45,V45,2,1,C:Cu-ox-4.50
Eu2.17Ce0.5Sr1.33Cu2.5Al0.5O9.02-MP-mp-983228.cif,Eu2.17Ce0.5Sr1.33Cu2.5Al0.5O9.02,16.4,new,2,1,G:parent-lacks-Cu(SrEu2Al2O7)
C0.28N0.76Nb1-MP-mp-1245761.cif,C0.28N0.76Nb1,16.4,new,2,1,G:anion-ratio--0.61(Nb2(CN2)3)
Nb1C0.3N0.57-MP-mp-1245761.cif,Nb1C0.3N0.57,16.4,new,2,1,G:anion-ratio--0.76(Nb2(CN2)3)
Bi1Pb1Sr1.5La0.5Cu1O6-MP-mp-686833.cif,Bi1Pb1Sr1.5La0.5Cu1O6,16.3,new,2,1,C:Cu-ox-7.50
Nb1C0.2N0.64-MP-mp-1245761.cif,Nb1C0.2N0.64,16.3,new,2,1,G:anion-ratio--0.67(Nb2(CN2)3)
Na0.5Ti1N1Cl1-MP-mp-1220939.cif,Na0.5Ti1N1Cl1,16.3,new,2,1,G:anion-ratio--0.33(NaTi5(NCl)5)
Nb80Ga19.4Fe0.06-MP-mp-75.cif,Nb80Ga19.4Fe0.06,16.2,new,2,2,"A:huge-coefficient(max 80, 99 atoms); A:trace-dopant(Fe 0.0006)"
N12.8Nb1-MP-mp-1079585.cif,N12.8Nb1,16.1,new,2,1,G:anion-ratio-+12.30(Nb2N)
Ba2Cu1Tl2O6.08-MP-mp-6027-synth_doped.cif,Ba2Cu1Tl2O6.08,16.0,V45,2,1,C:Cu-ox-8.16
Bi2Cu1Sr2O6.13-MP-mp-555827-synth_doped.cif,Bi2Cu1Sr2O6.13,16.0,V45,2,1,C:Cu-ox-8.26
C1Cu1K0.3Sr1.7O5-MP-mp-1147662-synth_doped.cif,C1Cu1K0.3Sr1.7O5,16.0,V45,2,1,C:Cu-ox-6.30
Bi2Sr2Sm1.64Ce0.36Cu2O10.24-MP-mp-1520951.cif,Bi2Sr2Sm1.64Ce0.36Cu2O10.24,16.0,new,2,1,C:Cu-ox-5.06
Sr1.2Ba0.8Y1Cu2.8Al0.2O7.19-MP-icsd-63321.cif,Sr1.2Ba0.8Y1Cu2.8Al0.2O7.19,16.0,new,2,1,C:Cu-ox-3.71
Y1Sr1.55Ba0.45Cu2.5B0.5O7-MP-icsd-63321.cif,Y1Sr1.55Ba0.45Cu2.5B0.5O7,16.0,new,2,1,C:Cu-ox-4.00
Tl1Ba0.4Ca0.6La1Cu1O5-MP-icsd-202628.cif,Tl1Ba0.4Ca0.6La1Cu1O5,16.0,new,2,1,C:Cu-ox-5.00
Tb0.56Ca0.44Fe1As1O1-MP-mp-1325009.cif,Tb0.56Ca0.44Fe1As1O1,15.6,new,2,1,G:anion-ratio--1.33(CaFeAsO5)
Bi1.5Pb0.5Sr1.7La0.3Cu1O5.993-MP-mp-686833.cif,Bi1.5Pb0.5Sr1.7La0.3Cu1O5.993,15.6,new,2,1,C:Cu-ox-7.69
Pr0.65Sr0.35Fe1As0.95P0.05O1-MP-mp-1203060.cif,Pr0.65Sr0.35Fe1As0.95P0.05O1,15.4,new,2,1,G:anion-ratio--1.67(Sr2Fe(PO4)3)
Ag0.16D0.47Pd0.84-MP-mp-1184548.cif,Ag0.16D0.47Pd0.84,15.3,new,2,1,G:anion-ratio--0.53(HPd)
Na0.23Ti1N1Br1-MP-mp-27849.cif,Na0.23Ti1N1Br1,15.2,new,2,1,G:anion-ratio--0.37(TiBrN)
K0.22Zr1N1Cl1-MP-mp-27585.cif,K0.22Zr1N1Cl1,15.2,new,2,1,G:anion-ratio--0.36(K2Zr7Cl18)
Ca1.89Cl2Cu1Na0.11O2-MP-mp-23143-synth_doped.cif,Ca1.89Cl2Cu1Na0.11O2,15.14,V45,2,1,C:Cu-ox-0.11
Ca1.9Cl2Cu1O2-MP-mp-23143-synth_doped.cif,Ca1.9Cl2Cu1O2,15.0,V45,2,1,C:Cu-ox-0.20
Fe2As2Ca5Al1.5Ti1.5O9-MP-mp-1227734.cif,Fe2As2Ca5Al1.5Ti1.5O9,15.0,new,2,1,G:anion-ratio--0.58(Ca3Ti(FeO4)2)
B3Mo6S8Sn1-MP-mp-5336.cif,B3Mo6S8Sn1,15.0,new,2,1,G:anion-ratio--0.34(Sn(Mo3S4)2)
Ca1.875Na0.125Cu1Br1Cl1O2-MP-mp-545481.cif,Ca1.875Na0.125Cu1Br1Cl1O2,15.0,new,2,1,C:Cu-ox-0.12
Li0.65Zr1N1Cl1-MP-mp-1222362.cif,Li0.65Zr1N1Cl1,15.0,new,2,1,G:anion-ratio--0.39(LiZr4(NCl)4)
Na0.59Zr1N1Cl1-MP-mp-531184.cif,Na0.59Zr1N1Cl1,15.0,new,2,1,G:anion-ratio--1.41(Zr6NCl15)
Li0.55Zr1N1Cl1-MP-mp-1222362.cif,Li0.55Zr1N1Cl1,15.0,new,2,1,G:anion-ratio--0.31(LiZr4(NCl)4)
Na0.5Zr1N1Cl1-MP-mp-531184.cif,Na0.5Zr1N1Cl1,15.0,new,2,1,G:anion-ratio--1.33(Zr6NCl15)
Mg0.16Zr1N1Cl1-MP-mp-542791.cif,Mg0.16Zr1N1Cl1,15.0,new,2,1,G:anion-ratio--0.28(ZrNCl)
Y1Sr0.5Ba1.5Cu2.5B0.5O7-MP-icsd-63321.cif,Y1Sr0.5Ba1.5Cu2.5B0.5O7,15.0,new,2,1,C:Cu-ox-4.00
Dy1Ba1Sr1Cu3O6.6-MP-mp-1099602.cif,Dy1Ba1Sr1Cu3O6.6,14.85,new,2,1,G:anion-ratio--0.40(Ba3Sr(CuO3)4)
Na3.5N0.5C60-MP-mp-541989.cif,Na3.5N0.5C60,14.7,new,2,1,G:anion-ratio--0.66(Na2CN2)
Na3N1C60-MP-mp-541989.cif,Na3N1C60,14.7,new,2,1,G:anion-ratio--0.65(Na2CN2)
Pb1Mo5.1S4-MP-mp-555066.cif,Pb1Mo5.1S4,14.51,new,2,1,G:anion-ratio--0.49(Mo6PbS8)
Ba0.103Cu1La1.897O4-MP-mp-1077929-synth_doped.cif,Ba0.103Cu1La1.897O4,14.5,V45,2,1,D:duplicate-Tc-14.5..33.1K(n=3)
Na0.66Zr1N1Cl1-MP-mp-531184.cif,Na0.66Zr1N1Cl1,14.5,new,2,1,G:anion-ratio--1.46(Zr6NCl15)
Cu0.09Li1Ti1.91O4-MP-mp-5670-synth_doped.cif,Cu0.09Li1Ti1.91O4,14.4,V45,2,1,C:Cu-ox-77.78
Li1Zr1N1Cl0.75Br0.25-MP-mp-1222362.cif,Li1Zr1N1Cl0.75Br0.25,14.4,new,2,1,G:anion-ratio--0.60(LiZr4(NCl)4)
Li1Zr1N1Cl1-MP-mp-1222362.cif,Li1Zr1N1Cl1,14.4,new,2,1,G:anion-ratio--0.60(LiZr4(NCl)4)
Li1Zr1N1Cl0.525Br0.475-MP-mp-1222362.cif,Li1Zr1N1Cl0.525Br0.475,14.3,new,2,1,G:anion-ratio--0.60(LiZr4(NCl)4)
Na0.75Zr1N1Cl1-MP-mp-531184.cif,Na0.75Zr1N1Cl1,14.3,new,2,1,G:anion-ratio--1.52(Zr6NCl15)
Al0.5Mo5S6Sn1-MP-mp-554868.cif,Al0.5Mo5S6Sn1,14.2,new,2,1,G:anion-ratio--0.68(Al(MoS2)4)
Bi2Sr1.3Nd0.7Cu1O6.417-MP-mp-1218715.cif,Bi2Sr1.3Nd0.7Cu1O6.417,14.2,new,2,1,C:Cu-ox-8.13
Li1Zr1N1I1-MP-mp-23052.cif,Li1Zr1N1I1,14.2,new,2,1,G:anion-ratio--1.00(ZrIN)
Li1Zr1N1Cl0.255Br0.745-MP-mp-1222362.cif,Li1Zr1N1Cl0.255Br0.745,14.1,new,2,1,G:anion-ratio--0.60(LiZr4(NCl)4)
Li1Zr1N1Br1-MP-mp-541912.cif,Li1Zr1N1Br1,14.1,new,2,1,G:anion-ratio--1.00(ZrBrN)
Bi2Cu1Sr2O6.14-MP-mp-555827-synth_doped.cif,Bi2Cu1Sr2O6.14,14.0,V45,2,1,C:Cu-ox-8.28
Al1Sr2Ca1.4Y0.6Cu3O9.1-MP-mp-643741.cif,Al1Sr2Ca1.4Y0.6Cu3O9.1,14.0,new,2,1,C:Cu-ox-3.80
Nd1Ba2Cu3O6.6-MP-mp-1173386.cif,Nd1Ba2Cu3O6.6,14.0,new,2,1,G:anion-ratio--0.40(NdCuO3)
Bi2Sr2Nd1.64Ce0.36Cu2O10.23-MP-mp-1520951.cif,Bi2Sr2Nd1.64Ce0.36Cu2O10.23,14.0,new,2,1,C:Cu-ox-5.05
Tl1Ba0.6Ca0.4La1Cu1O5-MP-icsd-202628.cif,Tl1Ba0.6Ca0.4La1Cu1O5,14.0,new,2,1,C:Cu-ox-5.00
Ce0.064Cu1La1.936O4-MP-mp-1077929-synth_doped.cif,Ce0.064Cu1La1.936O4,13.8,V45,2,1,D:duplicate-Tc-0.0..13.8K(n=2)
Ba0.249Cu1La1.751O4-MP-mp-1077929-synth_doped.cif,Ba0.249Cu1La1.751O4,13.7,V45,2,1,D:duplicate-Tc-0.0..13.7K(n=2)
Li0.95Zr1N1Cl1-MP-mp-1222362.cif,Li0.95Zr1N1Cl1,13.4,new,2,1,G:anion-ratio--0.57(LiZr4(NCl)4)
Ga0.5Mo5S6Sn1-MP-mp-14280.cif,Ga0.5Mo5S6Sn1,13.3,new,2,1,G:anion-ratio--0.33(Ga2Sn2S5)
C1Cu1K0.25Sr1.75O5-MP-mp-1147662-synth_doped.cif,C1Cu1K0.25Sr1.75O5,13.0,V45,2,1,C:Cu-ox-6.25
Cu1La1.763Sr0.237O4-MP-mp-1077929-synth_doped.cif,Cu1La1.763Sr0.237O4,13.0,V45,2,1,D:duplicate-Tc-13.0..19.5K(n=2)
Ba1.6Sr0.4Yb0.8Ca0.2Cu3O6.04-MP-mp-1099602.cif,Ba1.6Sr0.4Yb0.8Ca0.2Cu3O6.04,13.0,new,2,1,G:anion-ratio--0.49(Ba3Sr(CuO3)4)
Dy1Ba2Cu2.8Zn0.2O6.95-MP-mp-622105.cif,Dy1Ba2Cu2.8Zn0.2O6.95,13.0,new,2,1,C:Cu-ox-3.39
K0.08Zr1N1Cl1-MP-mp-1211782.cif,K0.08Zr1N1Cl1,13.0,new,2,1,G:anion-ratio--0.43(KZr6NCl15)
Y1Sr2Cu2.7Co0.3O6.5-MP-mp-985569.cif,Y1Sr2Cu2.7Co0.3O6.5,13.0,new,2,1,C:Cu-ox-3.33
Tl1Ba0.2Ca0.8La1Cu1O5-MP-icsd-202628.cif,Tl1Ba0.2Ca0.8La1Cu1O5,13.0,new,2,1,C:Cu-ox-5.00
Cu2Gd1Rh0.2Ru0.8Sr2O8-MP-mp-1194240-synth_doped.cif,Cu2Gd1Rh0.2Ru0.8Sr2O8,12.9,V45,2,1,C:Cu-ox-4.50
Nb1N1.08O0.27-MP-mp-7596.cif,Nb1N1.08O0.27,12.8,new,2,1,G:anion-ratio--0.65(NbNO)
Zr0.12N1Cl1-MP-mp-542791.cif,Zr0.12N1Cl1,12.7,new,2,1,G:anion-ratio-+14.67(ZrNCl)
Pb1Mo6S7.9Se0.1-MP-mp-1221485.cif,Pb1Mo6S7.9Se0.1,12.7,new,2,1,G:anion-ratio--0.86(Mo2SeS3)
B0.05C0.95Cu1Sr2O5-MP-mp-1198030-synth_doped.cif,B0.05C0.95Cu1Sr2O5,12.5,V45,2,1,C:Cu-ox-6.00
Fe2As2Ca4Al1.34Ti0.66O6-MP-mp-1200872.cif,Fe2As2Ca4Al1.34Ti0.66O6,12.5,new,2,1,G:anion-ratio--0.90(CaTi2FeO6)
Bi2Sr1.6Eu0.4Cu1O6.301-MP-mp-1517598.cif,Bi2Sr1.6Eu0.4Cu1O6.301,12.5,new,2,1,C:Cu-ox-8.20
La1.84Sr0.16Cu0.985Ni0.015O4-MP-mp-1077929.cif,La1.84Sr0.16Cu0.985Ni0.015O4,12.5,new,2,2,A:trace-dopant(Ni 0.0021); E:literature-IQR-12.5K(n=2)
Mo5Pb1S7-MP-mp-1025039.cif,Mo5Pb1S7,12.5,new,2,1,G:anion-ratio--0.83(PbS2)
Ba0.099Cu1La1.901O4-MP-mp-1077929-synth_doped.cif,Ba0.099Cu1La1.901O4,12.3,V45,2,1,D:duplicate-Tc-12.3..29.0K(n=3)
La1Fe0.973Zn0.027As1F0.28O0.68-MP-mp-549589.cif,La1Fe0.973Zn0.027As1F0.28O0.68,12.2,new,2,1,G:parent-lacks-Fe(LaZnAsO)
Li1Ti1O4-MP-mp-5670.cif,Li1Ti1O4,12.15,new,2,1,G:anion-ratio-+0.67(LiTi2O4)
C0.148N0.638Ta1-MP-mp-1246375.cif,C0.148N0.638Ta1,12.01,new,2,1,G:anion-ratio--0.64(Ta2(CN2)3)
Cu1La1.931Sr0.069O4-MP-mp-1077929-synth_doped.cif,Cu1La1.931Sr0.069O4,12.0,V45,2,1,D:duplicate-Tc-12.0..17.2K(n=2)
Bi2Sr1.9La0.1Cu1O6.2-MP-mp-1218715.cif,Bi2Sr1.9La0.1Cu1O6.2,12.0,new,2,1,C:Cu-ox-8.30
Sr0.7Ba1.3Y1Cu2.8Al0.2O7.03-MP-icsd-63321.cif,Sr0.7Ba1.3Y1Cu2.8Al0.2O7.03,12.0,new,2,1,C:Cu-ox-3.59
Cu0.05Ru0.95Sr2Y1O6-MP-mp-14430-synth_doped.cif,Cu0.05Ru0.95Sr2Y1O6,11.9,V45,2,1,C:Cu-ox-160.00
Nb1N1.25O0.25-MP-mp-7596.cif,Nb1N1.25O0.25,11.9,new,2,1,G:anion-ratio--0.50(NbNO)
C0.017N0.632Ta1-MP-mp-1246375.cif,C0.017N0.632Ta1,11.84,new,2,1,G:anion-ratio--0.58(Ta2(CN2)3)
Li0.6Zr1N1Cl1-MP-mp-1222362.cif,Li0.6Zr1N1Cl1,11.7,new,2,1,G:anion-ratio--0.35(LiZr4(NCl)4)
Pb1Mo6S6O2-MP-mp-1204592.cif,Pb1Mo6S6O2,11.7,new,2,1,G:anion-ratio--11.86(PbS3O10)
Cu2Gd1Nb0.1Ru0.9Sr2O8-MP-mp-1194240-synth_doped.cif,Cu2Gd1Nb0.1Ru0.9Sr2O8,11.65,V45,2,1,C:Cu-ox-4.50
K0.26Zr1N1Cl1-MP-mp-27585.cif,K0.26Zr1N1Cl1,11.5,new,2,1,G:anion-ratio--0.41(K2Zr7Cl18)
Y1Ba2Cu2.6Co0.4O7.03-MP-mp-1227472.cif,Y1Ba2Cu2.6Co0.4O7.03,11.3,new,2,1,C:Cu-ox-3.87
Nb1N1.34O0.27-MP-mp-7596.cif,Nb1N1.34O0.27,11.3,new,2,1,G:anion-ratio--0.39(NbNO)
Br2Ca1.8Cu1Na0.2O2-MP-mp-545481-synth_doped.cif,Br2Ca1.8Cu1Na0.2O2,11.0,V45,2,1,C:Cu-ox-0.20
Fe2As2Ba4Sc3O7.5-MP-mp-1192651.cif,Fe2As2Ba4Sc3O7.5,11.0,new,2,1,G:anion-ratio--0.82(BaFeO3)
Rb0.6Bi1.4O3-MP-mp-29521.cif,Rb0.6Bi1.4O3,11.0,new,2,1,G:anion-ratio-+0.50(RbBiO2)
Na1.38Zr1N1Cl1-MP-mp-531184.cif,Na1.38Zr1N1Cl1,11.0,new,2,1,G:anion-ratio--1.83(Zr6NCl15)
Li1.3Zr1N1Cl1-MP-mp-1222362.cif,Li1.3Zr1N1Cl1,11.0,new,2,1,G:anion-ratio--0.73(LiZr4(NCl)4)
Li0.8Fe1.2Se0.23S0.77H1O1-MP-mp-943462.cif,Li0.8Fe1.2Se0.23S0.77H1O1,11.0,new,2,1,G:anion-ratio--2.00(LiFeHSO5)
Mo6.35Pb0.9S8Sn0.12-MP-mp-1188095.cif,Mo6.35Pb0.9S8Sn0.12,11.0,new,2,1,G:anion-ratio--0.41(SnPbS3)
C0.571N0.271Ta1-MP-mp-1246375.cif,C0.571N0.271Ta1,10.92,new,2,1,G:anion-ratio--1.03(Ta2(CN2)3)
C0.198N0.747Ta1-MP-mp-1246375.cif,C0.198N0.747Ta1,10.74,new,2,1,G:anion-ratio--0.58(Ta2(CN2)3)
Br2Ca1.825Cu1Na0.175O2-MP-mp-545481-synth_doped.cif,Br2Ca1.825Cu1Na0.175O2,10.5,V45,2,1,C:Cu-ox-0.18
Fe1Se0.82Cl0.18-MP-mp-28189.cif,Fe1Se0.82Cl0.18,10.5,new,2,1,G:anion-ratio--7.00(FeSeCl7)
Ir0.4Nb0.55O0.05-MP-mp-1097041.cif,Ir0.4Nb0.55O0.05,10.5,new,2,1,G:anion-ratio--2.95(IrO3)
Sr1Fe1.5Ru0.5As2-MP-mp-4404.cif,Sr1Fe1.5Ru0.5As2,10.25,new,2,1,G:parent-lacks-Fe(Sr(AsRu)2)
Fe1Se0.8S0.2-MP-mp-1225204.cif,Fe1Se0.8S0.2,10.015,new,2,1,G:anion-ratio--1.00(Fe3(Se2S)2)
Bi2Cu1Sr2O6.09-MP-mp-555827-synth_doped.cif,Bi2Cu1Sr2O6.09,10.0,V45,2,1,C:Cu-ox-8.18
Br2Ca1.85Cu1Na0.15O2-MP-mp-545481-synth_doped.cif,Br2Ca1.85Cu1Na0.15O2,10.0,V45,2,1,C:Cu-ox-0.15
Dy1Ba2Cu2.7Fe0.3O6.96-MP-mp-622105.cif,Dy1Ba2Cu2.7Fe0.3O6.96,10.0,new,2,1,C:Cu-ox-3.67
Tl2Ba2Cu1O5.989-MP-mp-6027.cif,Tl2Ba2Cu1O5.989,10.0,new,2,1,C:Cu-ox-7.98
Li1.4Zr1N1Cl1-MP-mp-1222362.cif,Li1.4Zr1N1Cl1,10.0,new,2,1,G:anion-ratio--0.77(LiZr4(NCl)4)
Ir0.58Rh0.36Se2-MP-mp-1407.cif,Ir0.58Rh0.36Se2,9.6,new,2,1,G:anion-ratio--0.54(Rh3Se8)
Ba0.119Cu1La1.881O4-MP-mp-1077929-synth_doped.cif,Ba0.119Cu1La1.881O4,9.3,V45,2,1,D:duplicate-Tc-9.0..21.8K(n=3)
Ir0.44Rh0.5Se2-MP-mp-1407.cif,Ir0.44Rh0.5Se2,9.24,new,2,1,G:anion-ratio--0.54(Rh3Se8)
D0.018Nb0.982-MP-mp-1206371.cif,D0.018Nb0.982,9.23,new,2,1,G:anion-ratio--0.98(NbH)
Bi1.5Pb0.5Sr1.8La0.2Cu1O5.983-MP-mp-686833.cif,Bi1.5Pb0.5Sr1.8La0.2Cu1O5.983,9.2,new,2,1,C:Cu-ox-7.77
Ir0.455Nb0.455O0.09-MP-mp-1097041.cif,Ir0.455Nb0.455O0.09,9.2,new,2,1,G:anion-ratio--2.90(IrO3)
D0.11Nb1D0.13Nb1-MP-mp-1206371.cif,D0.11Nb1D0.13Nb1,9.12,new,2,1,G:anion-ratio--0.88(NbH)
D0.13Nb1-MP-mp-1206371.cif,D0.13Nb1,9.12,new,2,1,G:anion-ratio--0.87(NbH)
Ca1Fe0.93Co0.07F1-MP-mp-1398496.cif,Ca1Fe0.93Co0.07F1,9.1,new,2,1,G:anion-ratio--2.50(CaCoF6)
Ir0.37Rh0.57Se2-MP-mp-1407.cif,Ir0.37Rh0.57Se2,9.09,new,2,1,G:anion-ratio--0.54(Rh3Se8)
Ba0.118Cu1La1.882O4-MP-mp-1077929-synth_doped.cif,Ba0.118Cu1La1.882O4,9.0,V45,2,1,D:duplicate-Tc-9.0..21.8K(n=3)
Bi2Sr2Ca0.4Y0.6Cu2O8-MP-mp-1218930.cif,Bi2Sr2Ca0.4Y0.6Cu2O8,9.0,new,2,1,C:Cu-ox-5.60
Cu2Mo6S6O2-MP-mp-20525.cif,Cu2Mo6S6O2,9.0,new,2,1,G:anion-ratio--4.00(CuSO4)
La1.85Sr0.15Cu0.9825Co0.0175O4-MP-mp-1077929.cif,La1.85Sr0.15Cu0.9825Co0.0175O4,8.9,new,2,2,A:trace-dopant(Co 0.0025); E:literature-IQR-5.1K(n=3)
K1.1Bi1O3-MP-mp-29524.cif,K1.1Bi1O3,8.8,new,2,1,G:anion-ratio-+0.68(K3BiO3)
Ir0.64Rh0.3Se2-MP-mp-1407.cif,Ir0.64Rh0.3Se2,8.77,new,2,1,G:anion-ratio--0.54(Rh3Se8)
V75Si12.5Ga12.5-MP-mp-1216440.cif,V75Si12.5Ga12.5,8.6,new,2,2,"A:huge-coefficient(max 75, 100 atoms); E:literature-IQR-5.0K(n=3)"
Hf1V2H0.4-MP-mp-976724.cif,Hf1V2H0.4,8.42,new,2,1,G:anion-ratio--1.20(Hf(VH2)2)
Ir0.3Rh0.64Se2-MP-mp-1407.cif,Ir0.3Rh0.64Se2,8.39,new,2,1,G:anion-ratio--0.54(Rh3Se8)
Al0.01Nb0.97O0.02-MP-mp-27927.cif,Al0.01Nb0.97O0.02,8.3,new,2,1,G:anion-ratio--1.98(NbAlO4)
Hf1V2D0.25-MP-mp-976724.cif,Hf1V2D0.25,8.24,new,2,1,G:anion-ratio--1.25(Hf(VH2)2)
La1Fe0.918Zn0.082As1F0.28O0.68-MP-mp-549589.cif,La1Fe0.918Zn0.082As1F0.28O0.68,8.2,new,2,1,G:parent-lacks-Fe(LaZnAsO)
Ga1V3H0.37-MP-mp-24728.cif,Ga1V3H0.37,8.1,new,2,1,G:anion-ratio--1.91(VH2)
Ir0.76Rh0.18Se2-MP-mp-9888.cif,Ir0.76Rh0.18Se2,8.09,new,2,1,G:anion-ratio--0.54(Ir3Se8)
Cu3.2Mo6S8-MP-mp-675745.cif,Cu3.2Mo6S8,8.05,new,2,1,G:anion-ratio--0.27(Cu(Mo3S4)2)
Bi2Cu1Sr2O6.36-MP-mp-555827-synth_doped.cif,Bi2Cu1Sr2O6.36,8.0,V45,2,1,C:Cu-ox-8.72
Fe0.5Ba2Sm1Cu2.5O7.54-MP-mp-704632.cif,Fe0.5Ba2Sm1Cu2.5O7.54,8.0,new,2,1,G:parent-lacks-Cu(Ba2Sm2Fe4O11)
Bi2Sr1.3Sm0.7Cu1O6.405-MP-mp-1218715.cif,Bi2Sr1.3Sm0.7Cu1O6.405,8.0,new,2,1,C:Cu-ox-8.11
Y0.92Ca0.08Sr2Cu2.5Fe0.5O6.92-MP-mp-1218669.cif,Y0.92Ca0.08Sr2Cu2.5Fe0.5O6.92,8.0,new,2,1,C:Cu-ox-3.87
Cu0.75Cr0.25Sr2Y1.3Ce0.7Cu2O8.87-MP-mp-1218600.cif,Cu0.75Cr0.25Sr2Y1.3Ce0.7Cu2O8.87,8.0,new,2,1,C:Cu-ox-3.98
Ir0.82Rh0.12Se2-MP-mp-9888.cif,Ir0.82Rh0.12Se2,7.96,new,2,1,G:anion-ratio--0.54(Ir3Se8)
H0.05Nb0.95-MP-mp-1206371.cif,H0.05Nb0.95,7.83,new,2,1,G:anion-ratio--0.95(NbH)
Ir0.85Rh0.09Se2-MP-mp-685099.cif,Ir0.85Rh0.09Se2,7.61,new,2,1,G:anion-ratio--0.87(IrSe3)
Cs1Sr1Bi0.25Pb0.75O3-MP-mp-20944.cif,Cs1Sr1Bi0.25Pb0.75O3,7.5,new,2,1,G:anion-ratio--0.33(Sr2PbO4)
La1.84Sr0.16Cu0.975Ni0.025O4-MP-mp-1077929.cif,La1.84Sr0.16Cu0.975Ni0.025O4,7.5,new,2,2,A:trace-dopant(Ni 0.0036); E:literature-IQR-7.5K(n=2)
Ir0.19Rh0.75Se2-MP-mp-1407.cif,Ir0.19Rh0.75Se2,7.49,new,2,1,G:anion-ratio--0.54(Rh3Se8)
Bi2Cu1Sr2O6-MP-mp-555827.cif,Bi2Cu1Sr2O6,7.38,V45,2,1,C:Cu-ox-8.00
H0.1Nb0.9-MP-mp-1206371.cif,H0.1Nb0.9,7.38,new,2,1,G:anion-ratio--0.89(NbH)
Fe1Te0.8S0.2-MP-mp-1522.cif,Fe1Te0.8S0.2,7.36625,new,2,1,G:anion-ratio--1.00(FeS2)
H00.33Nb0.67-MP-mp-1206371.cif,H00.33Nb0.67,7.28,new,2,1,G:anion-ratio--0.51(NbH)
Mo3O5-MP-mp-510536.cif,Mo3O5,7.2,new,2,1,G:anion-ratio--0.33(MoO2)
Al0.04Nb0.895O0.06-MP-mp-27927.cif,Al0.04Nb0.895O0.06,7.1,new,2,1,G:anion-ratio--1.94(NbAlO4)
Mo6Se5Br3-MP-mp-1634.cif,Mo6Se5Br3,7.1,new,2,1,G:anion-ratio--0.67(MoSe2)
Bi2Cu1Sr2O6.175-MP-mp-555827-synth_doped.cif,Bi2Cu1Sr2O6.175,7.0,V45,2,1,C:Cu-ox-8.35
Nb0.6Al0.08N0.79O0.21-MP-mp-27927.cif,Nb0.6Al0.08N0.79O0.21,7.0,new,2,1,G:anion-ratio--0.53(NbAlO4)
Ba0.4K0.6O3-MP-mp-973447.cif,Ba0.4K0.6O3,7.0,new,2,1,G:anion-ratio-+1.50(KBaO3)
Nb2Se2-MP-mp-561.cif,Nb2Se2,6.9,new,2,1,G:anion-ratio--0.33(Nb3Se4)
Ga0.25Fe0.75Se0.85-MP-mp-1078053.cif,Ga0.25Fe0.75Se0.85,6.8,new,2,1,G:anion-ratio--0.48(Ga2FeSe4)
Au0.125Sb0.75Te0.125-MP-mp-1201.cif,Au0.125Sb0.75Te0.125,6.7,new,2,1,G:anion-ratio--1.36(Sb2Te3)
Mo6Se6Br2-MP-mp-1634.cif,Mo6Se6Br2,6.7,new,2,1,G:anion-ratio--0.67(MoSe2)
Mo6Se7.5Te0.5-MP-mp-1217371.cif,Mo6Se7.5Te0.5,6.69,new,2,1,G:anion-ratio--0.67(Te3Mo2Se)
Mo6Se7.7Te0.3-MP-mp-1217371.cif,Mo6Se7.7Te0.3,6.66,new,2,1,G:anion-ratio--0.67(Te3Mo2Se)
Hf1V2D0.5-MP-mp-976724.cif,Hf1V2D0.5,6.63,new,2,1,G:anion-ratio--1.17(Hf(VH2)2)
Au0.2Sb0.6Te0.2-MP-mp-1201.cif,Au0.2Sb0.6Te0.2,6.6,new,2,1,G:anion-ratio--1.25(Sb2Te3)
Cs0.3Mo1S2-MP-mp-561682.cif,Cs0.3Mo1S2,6.55,new,2,1,G:anion-ratio-+0.79(Cs(MoS)3)
Mo6Se7Cl1-MP-mp-568726.cif,Mo6Se7Cl1,6.52,new,2,1,G:anion-ratio--12.67(Mo(SeCl6)2)
Mo6Se6.5Cl1.5-MP-mp-568726.cif,Mo6Se6.5Cl1.5,6.49,new,2,1,G:anion-ratio--12.67(Mo(SeCl6)2)
Ir0.91Se2-MP-mp-9888.cif,Ir0.91Se2,6.45,new,2,1,G:anion-ratio--0.47(Ir3Se8)
Mo6Se6Cl2-MP-mp-568726.cif,Mo6Se6Cl2,6.39,new,2,1,G:anion-ratio--12.67(Mo(SeCl6)2)
Mo6Se7.5Cl0.5-MP-mp-568726.cif,Mo6Se7.5Cl0.5,6.33,new,2,1,G:anion-ratio--12.67(Mo(SeCl6)2)
Rb1Os1O6-MP-mp-5050.cif,Rb1Os1O6,6.3,new,2,1,G:anion-ratio-+1.00(Rb(OsO3)2)
Zr1P1.25Se0.75-MP-mp-2076.cif,Zr1P1.25Se0.75,6.3,new,2,1,G:anion-ratio--1.67(ZrSe2)
Mo1Rb0.3S2-MP-mp-8117.cif,Mo1Rb0.3S2,6.25,new,2,1,G:anion-ratio-+0.79(Rb(MoS)3)
Ir0.94Se2-MP-mp-9888.cif,Ir0.94Se2,6.24,new,2,1,G:anion-ratio--0.54(Ir3Se8)
Zr1P1.35Se0.65-MP-mp-2076.cif,Zr1P1.35Se0.65,6.24,new,2,1,G:anion-ratio--1.72(ZrSe2)
Mo6Se6.5Te1.5-MP-mp-1217371.cif,Mo6Se6.5Te1.5,6.23,new,2,1,G:anion-ratio--0.67(Te3Mo2Se)
K0.28Mo1S2-MP-mp-8116.cif,K0.28Mo1S2,6.2,new,2,1,G:anion-ratio-+0.81(K(MoS)3)
Mo5.25Nb0.75Se8-MP-mp-1220663.cif,Mo5.25Nb0.75Se8,6.2,new,2,1,G:anion-ratio--0.67(Nb3MoSe8)
Au0.1Sb0.8Te0.1-MP-mp-1201.cif,Au0.1Sb0.8Te0.1,6.0,new,2,1,G:anion-ratio--1.39(Sb2Te3)
Fe1Se0.7S0.3-MP-mp-1225204.cif,Fe1Se0.7S0.3,5.94,new,2,1,G:anion-ratio--1.00(Fe3(Se2S)2)
Ge1V3H0.033-MP-mp-1181222.cif,Ge1V3H0.033,5.83,new,2,1,G:anion-ratio--3.99(GeH4)
Mo6Se7.7S0.3-MP-mp-1221485.cif,Mo6Se7.7S0.3,5.83,new,2,1,G:anion-ratio--0.67(Mo2SeS3)
K0.4Mo1S2-MP-mp-8116.cif,K0.4Mo1S2,5.8,new,2,1,G:anion-ratio-+0.68(K(MoS)3)
Zr1P1.5Se0.5-MP-mp-2076.cif,Zr1P1.5Se0.5,5.76,new,2,1,G:anion-ratio--1.80(ZrSe2)
Ti1Re1O1-MP-mp-1016092.cif,Ti1Re1O1,5.74,new,2,1,G:anion-ratio--3.00(Re2O7)
Re1Ti1O5-MP-mp-1016092.cif,Re1Ti1O5,5.71,new,2,1,G:anion-ratio--1.00(Re2O7)
B0.69Mg0.31-MP-mp-763-synth_doped.cif,B0.69Mg0.31,5.7,V45,2,1,D:duplicate-Tc-5.7..38.2K(n=2)
Mo6Se5Cl3-MP-mp-568726.cif,Mo6Se5Cl3,5.7,new,2,1,G:anion-ratio--12.67(Mo(SeCl6)2)
Nb0.84S0.16-MP-mp-10033.cif,Nb0.84S0.16,5.6,new,2,1,G:anion-ratio--1.81(NbS2)
La1Ni1Bi1O1-MP-mp-753102.cif,La1Ni1Bi1O1,5.5,new,2,1,G:anion-ratio--1.17(La2Bi4O9)
Pd0.5Bi2Te3-MP-mp-29011.cif,Pd0.5Bi2Te3,5.5,new,2,1,G:anion-ratio-+0.70(BiTePd)
Cu3Mo6S8-MP-mp-675745.cif,Cu3Mo6S8,5.5,new,2,1,G:anion-ratio--0.25(Cu(Mo3S4)2)
H0.3Li1Nb1O2-MP-mp-23856.cif,H0.3Li1Nb1O2,5.5,new,2,1,G:anion-ratio--0.85(LiHO)
H0.5Li1Nb1O2-MP-mp-23856.cif,H0.5Li1Nb1O2,5.5,new,2,1,G:anion-ratio--0.75(LiHO)
Ir0.287O0.14Ti0.578-MP-mp-1071163.cif,Ir0.287O0.14Ti0.578,5.5,new,2,1,G:anion-ratio--0.84(TiO)
Ir0.287O0.14Ti0.573-MP-mp-1071163.cif,Ir0.287O0.14Ti0.573,5.5,new,2,1,G:anion-ratio--0.84(TiO)
H0.51Mo0.1Nb0.765Pd0.135-MP-mp-1184548.cif,H0.51Mo0.1Nb0.765Pd0.135,5.46,new,2,1,G:anion-ratio--0.49(HPd)
Mo6Se7.5S0.5-MP-mp-1221485.cif,Mo6Se7.5S0.5,5.45,new,2,1,G:anion-ratio--0.67(Mo2SeS3)
S1.005Sc1-MP-mp-401.cif,S1.005Sc1,5.37,new,2,1,G:anion-ratio--0.50(Sc2S3)
Zr1P1.1Se0.9-MP-mp-2076.cif,Zr1P1.1Se0.9,5.34,new,2,1,G:anion-ratio--1.57(ZrSe2)
La1.14Nb2Se5.14-MP-mp-2207.cif,La1.14Nb2Se5.14,5.3,new,2,1,G:anion-ratio--0.36(NbSe2)
Bi3.9Co0.1S3O4-MP-mp-1195213.cif,Bi3.9Co0.1S3O4,5.215,new,2,1,G:anion-ratio--5.75(Bi2(SO4)3)
Bi2Sr2Ca0.5Pr0.5Cu2O8.329-MP-mp-1218884.cif,Bi2Sr2Ca0.5Pr0.5Cu2O8.329,5.1,new,2,1,C:Cu-ox-5.08
Bi3S3O3-MP-mp-1195213.cif,Bi3S3O3,5.1,new,2,1,G:anion-ratio--5.50(Bi2(SO4)3)
Mo6Se7.3S0.7-MP-mp-1221485.cif,Mo6Se7.3S0.7,5.03,new,2,1,G:anion-ratio--0.67(Mo2SeS3)
Fe1Se0.8Br0.2-MP-mp-607953.cif,Fe1Se0.8Br0.2,5.0,new,2,1,G:anion-ratio--7.00(FeSeBr7)
Tl1Sr1.5Ce0.5Ca1Cu2O7-MP-mp-20824.cif,Tl1Sr1.5Ce0.5Ca1Cu2O7,5.0,new,2,1,C:Cu-ox-3.50
Zr1P1.4S0.6-MP-mp-1186.cif,Zr1P1.4S0.6,4.99,new,2,1,G:anion-ratio--1.75(ZrS2)
H0.28Mo0.15Nb0.68Pd0.17-MP-mp-1184548.cif,H0.28Mo0.15Nb0.68Pd0.17,4.92,new,2,1,G:anion-ratio--0.72(HPd)
Zr1P1.25S0.75-MP-mp-1186.cif,Zr1P1.25S0.75,4.85,new,2,1,G:anion-ratio--1.67(ZrS2)
Bi4S3O4-MP-mp-1195213.cif,Bi4S3O4,4.846,new,2,1,G:anion-ratio--5.75(Bi2(SO4)3)
Pb0.35Sn0.35In0.3Te1-MP-mp-1224649.cif,Pb0.35Sn0.35In0.3Te1,4.8,new,2,1,G:anion-ratio--0.43(In6Te10Pb)
Nd1.85Ce0.15Cu0.995Co0.005O4-MP-mp-4158.cif,Nd1.85Ce0.15Cu0.995Co0.005O4,4.725,new,2,2,A:trace-dopant(Co 0.0007); E:literature-IQR-6.5K(n=4)
Na0.33Ta1S2-MP-mp-10014.cif,Na0.33Ta1S2,4.7,new,2,1,G:anion-ratio--0.50(TaS2)
Au0.075Sb0.85Te0.075-MP-mp-1201.cif,Au0.075Sb0.85Te0.075,4.5,new,2,1,G:anion-ratio--1.42(Sb2Te3)
N0.34Re1-MP-mp-1019052.cif,N0.34Re1,4.5,new,2,1,G:anion-ratio--0.66(ReN)
Ir0.85Rh0.1Te2-MP-mp-1217357.cif,Ir0.85Rh0.1Te2,4.49,new,2,1,G:anion-ratio--0.56(Te8Ir3)
Mo6Se7S1-MP-mp-1221485.cif,Mo6Se7S1,4.48,new,2,1,G:anion-ratio--0.67(Mo2SeS3)
Mo6Se6Te2-MP-mp-1217371.cif,Mo6Se6Te2,4.44,new,2,1,G:anion-ratio--0.67(Te3Mo2Se)
Cu1.3K0.2Co1.5S4-MP-mp-1223456.cif,Cu1.3K0.2Co1.5S4,4.4,new,2,1,G:anion-ratio-+0.67(KCoCuS2)
Nb1Se0.25Te0.75-MP-mp-11675.cif,Nb1Se0.25Te0.75,4.4,new,2,1,G:anion-ratio--1.00(NbTe2)
Bi3.925Co0.075S3O4-MP-mp-1195213.cif,Bi3.925Co0.075S3O4,4.3775,new,2,1,G:anion-ratio--5.75(Bi2(SO4)3)
Zr1P1.6S0.4-MP-mp-1186.cif,Zr1P1.6S0.4,4.36,new,2,1,G:anion-ratio--1.85(ZrS2)
Ir0.75Rh0.2Te2-MP-mp-1217357.cif,Ir0.75Rh0.2Te2,4.33,new,2,1,G:anion-ratio--0.56(Te8Ir3)
Bi3S3O2-MP-mp-1195213.cif,Bi3S3O2,4.3,new,2,1,G:anion-ratio--5.83(Bi2(SO4)3)
H0.64Nb0.85Pd0.15-MP-mp-1184548.cif,H0.64Nb0.85Pd0.15,4.3,new,2,1,G:anion-ratio--0.36(HPd)
Nd1.72Ta3.28S2-MP-mp-10014.cif,Nd1.72Ta3.28S2,4.3,new,2,1,G:anion-ratio--1.60(TaS2)
Hf1V2D0.75-MP-mp-976724.cif,Hf1V2D0.75,4.29,new,2,1,G:anion-ratio--1.08(Hf(VH2)2)
Nb2Pd1S4.5Se0.5-MP-mp-1080466.cif,Nb2Pd1S4.5Se0.5,4.27,new,2,1,G:anion-ratio--0.33(Nb2PdS6)
Bi3.875Co0.125S3O4-MP-mp-1195213.cif,Bi3.875Co0.125S3O4,4.255,new,2,1,G:anion-ratio--5.75(Bi2(SO4)3)
Mo6Se5I3-MP-mp-1198690.cif,Mo6Se5I3,4.2,new,2,1,G:anion-ratio--0.67(MoI2)
Pb0.32Sn0.48In0.2Te1-MP-mp-1224649.cif,Pb0.32Sn0.48In0.2Te1,4.175000000000001,new,2,1,G:anion-ratio--0.43(In6Te10Pb)
Sn0.3997Pb0.4003In0.2Te1-MP-mp-1224649.cif,Sn0.3997Pb0.4003In0.2Te1,4.175000000000001,new,2,1,G:anion-ratio--0.43(In6Te10Pb)
Pb0.43Sn0.43In0.16Te1-MP-mp-1224649.cif,Pb0.43Sn0.43In0.16Te1,4.17,new,2,1,G:anion-ratio--0.45(In6Te10Pb)
Hf1V2H1-MP-mp-976724.cif,Hf1V2H1,4.140000000000001,new,2,1,G:anion-ratio--1.00(Hf(VH2)2)
Zr1P0.6Se1.4-MP-mp-2076.cif,Zr1P0.6Se1.4,4.11,new,2,1,G:anion-ratio--1.12(ZrSe2)
Rh16Ir1S15-MP-mp-1101826.cif,Rh16Ir1S15,4.08,new,2,1,G:anion-ratio--1.78(Ir3S8)
H0.74Nb0.8Pd0.2-MP-mp-1184548.cif,H0.74Nb0.8Pd0.2,4.07,new,2,1,G:anion-ratio--0.26(HPd)
Ir0.68Rh0.27Te2-MP-mp-1217357.cif,Ir0.68Rh0.27Te2,4.02,new,2,1,G:anion-ratio--0.56(Te8Ir3)
Sn0.504Pb0.336In0.16Te1-MP-mp-1224649.cif,Sn0.504Pb0.336In0.16Te1,4.01,new,2,1,G:anion-ratio--0.43(In6Te10Pb)
Bi12S11O18-MP-mp-1195213.cif,Bi12S11O18,4.0,new,2,1,G:anion-ratio--5.08(Bi2(SO4)3)
Sn0.4197Pb0.4203In0.16Te1-MP-mp-1224649.cif,Sn0.4197Pb0.4203In0.16Te1,3.9925,new,2,1,G:anion-ratio--0.43(In6Te10Pb)
La98Lu1.7Tb0.3-MP-mp-26.cif,La98Lu1.7Tb0.3,3.959,new,2,2,"A:huge-coefficient(max 98, 100 atoms); A:trace-dopant(Tb 0.0030)"
Cu0.7Ti1Se2-MP-mp-2000.cif,Cu0.7Ti1Se2,3.9,new,2,1,G:anion-ratio--0.82(CuSe2)
Pb0.252Sn0.588In0.16Te1-MP-mp-1224649.cif,Pb0.252Sn0.588In0.16Te1,3.9,new,2,1,G:anion-ratio--0.43(In6Te10Pb)
H0.63Nb0.87Pd0.17-MP-mp-1184548.cif,H0.63Nb0.87Pd0.17,3.89,new,2,1,G:anion-ratio--0.39(HPd)
Sn0.56Pb0.24In0.2Te1-MP-mp-1224649.cif,Sn0.56Pb0.24In0.2Te1,3.87,new,2,1,G:anion-ratio--0.43(In6Te10Pb)
Ir0.58Rh0.37Te2-MP-mp-1217357.cif,Ir0.58Rh0.37Te2,3.76,new,2,1,G:anion-ratio--0.56(Te8Ir3)
Bi4S2.91Se0.09O4-MP-mp-1193554.cif,Bi4S2.91Se0.09O4,3.7,new,2,1,G:anion-ratio--4.75(Bi2Se3O10)
Sn99.2In0.4Sb0.4-MP-mp-1207221.cif,Sn99.2In0.4Sb0.4,3.669,new,2,2,"A:huge-coefficient(max 99, 100 atoms); A:trace-dopant(In 0.0040)"
Pb1Mo6S4Se5-MP-mp-1221485.cif,Pb1Mo6S4Se5,3.64,new,2,1,G:anion-ratio--0.71(Mo2SeS3)
H0.04Ta0.96-MP-mp-24082.cif,H0.04Ta0.96,3.62,new,2,1,G:anion-ratio--0.46(Ta2H)
K0.3Re1O3-MP-mp-4757.cif,K0.3Re1O3,3.6,new,2,1,G:anion-ratio-+0.31(KReO4)
Sn0.6001Pb0.1999In0.2Te1-MP-mp-1224649.cif,Sn0.6001Pb0.1999In0.2Te1,3.59,new,2,1,G:anion-ratio--0.43(In6Te10Pb)
H0.69Nb0.8Pd0.2-MP-mp-1184548.cif,H0.69Nb0.8Pd0.2,3.56,new,2,1,G:anion-ratio--0.31(HPd)
La1Fe0.905Zn0.095As1F0.28O0.68-MP-mp-549589.cif,La1Fe0.905Zn0.095As1F0.28O0.68,3.5,new,2,1,G:parent-lacks-Fe(LaZnAsO)
Bi4S2.85Se0.15O4-MP-mp-1193554.cif,Bi4S2.85Se0.15O4,3.5,new,2,1,G:anion-ratio--4.75(Bi2Se3O10)
Rh15Ir2S15-MP-mp-1101826.cif,Rh15Ir2S15,3.5,new,2,1,G:anion-ratio--1.78(Ir3S8)
Na0.3Sb1Ta2S5-MP-mp-10014.cif,Na0.3Sb1Ta2S5,3.5,new,2,1,G:anion-ratio--0.48(TaS2)
H0.47Nb0.72Pd0.18W0.1-MP-mp-1184548.cif,H0.47Nb0.72Pd0.18W0.1,3.48,new,2,1,G:anion-ratio--0.53(HPd)
H0.6Nb0.8Pd0.2-MP-mp-1184548.cif,H0.6Nb0.8Pd0.2,3.46,new,2,1,G:anion-ratio--0.40(HPd)
H0.51Nb0.8Pd0.2-MP-mp-1184548.cif,H0.51Nb0.8Pd0.2,3.4,new,2,1,G:anion-ratio--0.49(HPd)
Mo3S1Se3-MP-mp-1221485.cif,Mo3S1Se3,3.4,new,2,1,G:anion-ratio--0.67(Mo2SeS3)
H0.61Nb0.76Pd0.24-MP-mp-1184548.cif,H0.61Nb0.76Pd0.24,3.38,new,2,1,G:anion-ratio--0.39(HPd)
Ti0.576Rh0.287O0.14-MP-mp-1071163.cif,Ti0.576Rh0.287O0.14,3.37,new,2,1,G:anion-ratio--0.84(TiO)
O0.14Rh0.287Ti0.573-MP-mp-1071163.cif,O0.14Rh0.287Ti0.573,3.37,new,2,1,G:anion-ratio--0.84(TiO)
Sn0.32Pb0.48In0.2Te1-MP-mp-1224649.cif,Sn0.32Pb0.48In0.2Te1,3.35,new,2,1,G:anion-ratio--0.43(In6Te10Pb)
Pb0.16Sn0.64In0.2Te1-MP-mp-1224649.cif,Pb0.16Sn0.64In0.2Te1,3.31,new,2,1,G:anion-ratio--0.43(In6Te10Pb)
Cs1Os1O6-MP-mp-559998.cif,Cs1Os1O6,3.3,new,2,1,G:anion-ratio-+1.00(Cs(OsO3)2)
H0.08Ta0.92-MP-mp-24082.cif,H0.08Ta0.92,3.26,new,2,1,G:anion-ratio--0.41(Ta2H)
Ir0.53Rh0.42Te2-MP-mp-1217357.cif,Ir0.53Rh0.42Te2,3.2,new,2,1,G:anion-ratio--0.56(Te8Ir3)
Nb2Pd1S4.25Se0.75-MP-mp-1080466.cif,Nb2Pd1S4.25Se0.75,3.18,new,2,1,G:anion-ratio--0.33(Nb2PdS6)
H0.59Nb0.72Pd0.28-MP-mp-1184548.cif,H0.59Nb0.72Pd0.28,3.12,new,2,1,G:anion-ratio--0.41(HPd)
Zn1Mo5S6-MP-mp-1434.cif,Zn1Mo5S6,3.1100000000000003,new,2,1,G:anion-ratio--1.00(MoS2)
Sn0.6723Pb0.1677In0.16Te1-MP-mp-1224649.cif,Sn0.6723Pb0.1677In0.16Te1,3.11,new,2,1,G:anion-ratio--0.43(In6Te10Pb)
Nb1Se3Sn1-MP-mp-2207.cif,Nb1Se3Sn1,3.055,new,2,1,G:anion-ratio--0.50(NbSe2)
H0.46Nb0.69Pd0.31-MP-mp-1184548.cif,H0.46Nb0.69Pd0.31,3.05,new,2,1,G:anion-ratio--0.54(HPd)
Bi2Cu1Sr2O6.18-MP-mp-555827-synth_doped.cif,Bi2Cu1Sr2O6.18,3.0,V45,2,1,C:Cu-ox-8.36
Eu1Nd2S5-MP-mp-13568.cif,Eu1Nd2S5,3.0,new,2,1,G:anion-ratio--0.33(NdS2)
Ir0.5Pt0.5Te2-MP-mp-1217357.cif,Ir0.5Pt0.5Te2,3.0,new,2,1,G:anion-ratio--0.67(Te8Ir3)
Sb1.16S5.16Ta2-MP-mp-10014.cif,Sb1.16S5.16Ta2,3.0,new,2,1,G:anion-ratio--0.37(TaS2)
Ir0.43Rh0.52Te2-MP-mp-1217357.cif,Ir0.43Rh0.52Te2,2.82,new,2,1,G:anion-ratio--0.56(Te8Ir3)
H0.12Ta0.88-MP-mp-24082.cif,H0.12Ta0.88,2.81,new,2,1,G:anion-ratio--0.36(Ta2H)
Zn1Mo6S8-MP-mp-1434.cif,Zn1Mo6S8,2.8,new,2,1,G:anion-ratio--0.86(MoS2)
Nb2Pd1S4Se1-MP-mp-1080466.cif,Nb2Pd1S4Se1,2.76,new,2,1,G:anion-ratio--0.33(Nb2PdS6)
Ni2As2Sr4Sc2O6-MP-mp-17557.cif,Ni2As2Sr4Sc2O6,2.75,new,2,1,G:anion-ratio--0.60(Sr3ScNiO6)
Bi1.08Ta2S5.08-MP-mp-554389.cif,Bi1.08Ta2S5.08,2.7,new,2,1,G:anion-ratio-+0.45(Ta3(BiS3)2)
La2.58Pr0.42S4-MP-mp-1508.cif,La2.58Pr0.42S4,2.69,new,2,1,G:anion-ratio--0.67(LaS2)
Bi1.09Ta2S5.09-MP-mp-554389.cif,Bi1.09Ta2S5.09,2.65,new,2,1,G:anion-ratio-+0.45(Ta3(BiS3)2)
Pd1Te1.02-MP-mp-782.cif,Pd1Te1.02,2.56,new,2,1,G:anion-ratio--0.98(Te2Pd)
Sn0.3361Pb0.5039In0.16Te1-MP-mp-1224649.cif,Sn0.3361Pb0.5039In0.16Te1,2.49,new,2,1,G:anion-ratio--0.43(In6Te10Pb)
Bi6S5O8-MP-mp-1195213.cif,Bi6S5O8,2.4,new,2,1,G:anion-ratio--5.33(Bi2(SO4)3)
Mo6Te5I3-MP-mp-505260.cif,Mo6Te5I3,2.4,new,2,1,G:anion-ratio--5.33(Te10Mo3I10)
O0.03V0.97-MP-mp-21579.cif,O0.03V0.97,2.4,new,2,1,G:anion-ratio--1.47(V2O3)
Bi1.1Nb1Se3.1-MP-mp-2207.cif,Bi1.1Nb1Se3.1,2.36,new,2,1,G:anion-ratio--0.52(NbSe2)
Ir0.265O0.035Ti0.65-MP-mp-1071163.cif,Ir0.265O0.035Ti0.65,2.3,new,2,1,G:anion-ratio--0.96(TiO)
Pd5Se2-MP-mp-21165.cif,Pd5Se2,2.3,new,2,1,G:anion-ratio--0.60(PdSe)
Pd1Te1.04-MP-mp-782.cif,Pd1Te1.04,2.28,new,2,1,G:anion-ratio--0.96(Te2Pd)
Nb2Pd1S3.75Se1.25-MP-mp-1080466.cif,Nb2Pd1S3.75Se1.25,2.23,new,2,1,G:anion-ratio--0.33(Nb2PdS6)
Hf1V2H1.6-MP-mp-976724.cif,Hf1V2H1.6,2.2,new,2,1,G:anion-ratio--0.80(Hf(VH2)2)
Pd1.25Te2-MP-mp-782.cif,Pd1.25Te2,2.2,new,2,1,G:anion-ratio--0.40(Te2Pd)
Pd1Te1.06-MP-mp-782.cif,Pd1Te1.06,2.11,new,2,1,G:anion-ratio--0.94(Te2Pd)
Ir0.7Rh0.3Te2-MP-mp-1217357.cif,Ir0.7Rh0.3Te2,2.09,new,2,1,G:anion-ratio--0.67(Te8Ir3)
In0.11O3W1-MP-mp-2383161.cif,In0.11O3W1,2.025,new,2,1,G:anion-ratio--0.30(WO3)
C6Ir4O2-MP-mp-1097041.cif,C6Ir4O2,2.0,new,2,1,G:anion-ratio--2.80(IrO3)
Sn0.95In0.038Te1-MP-mp-1197742.cif,Sn0.95In0.038Te1,1.9,new,2,1,G:anion-ratio--1.49(In2Te5)
Sn0.915In0.073Te1-MP-mp-1197742.cif,Sn0.915In0.073Te1,1.9,new,2,1,G:anion-ratio--1.49(In2Te5)
Sn0.35Te0.65-MP-mp-1883.cif,Sn0.35Te0.65,1.9,new,2,1,G:anion-ratio-+0.86(SnTe)
Pd1Te1.08-MP-mp-782.cif,Pd1Te1.08,1.88,new,2,1,G:anion-ratio--0.92(Te2Pd)
Nb2Pd1S3.5Se1.5-MP-mp-1080466.cif,Nb2Pd1S3.5Se1.5,1.87,new,2,1,G:anion-ratio--0.33(Nb2PdS6)
Sn0.961In0.027Te1-MP-mp-1197742.cif,Sn0.961In0.027Te1,1.85,new,2,1,G:anion-ratio--1.49(In2Te5)
Sn0.87Ag0.1Te1-MP-mp-28246.cif,Sn0.87Ag0.1Te1,1.83,new,2,1,G:anion-ratio--1.97(AgTe3)
Bi1.09Ta2Se5.09-MP-mp-1019276.cif,Bi1.09Ta2Se5.09,1.8,new,2,1,G:anion-ratio--0.35(TaSe2)
Bi1.09Ta1Se3.09-MP-mp-1019276.cif,Bi1.09Ta1Se3.09,1.8,new,2,1,G:anion-ratio--0.52(TaSe2)
Sn0.927In0.061Te1-MP-mp-1197742.cif,Sn0.927In0.061Te1,1.8,new,2,1,G:anion-ratio--1.49(In2Te5)
Sn0.923In0.065Te1-MP-mp-1197742.cif,Sn0.923In0.065Te1,1.8,new,2,1,G:anion-ratio--1.49(In2Te5)
Cu1Ir1.6Pt0.4Se4-MP-mp-1115.cif,Cu1Ir1.6Pt0.4Se4,1.76,new,2,1,G:anion-ratio--0.67(PtSe2)
Sn0.904In0.084Te1-MP-mp-1197742.cif,Sn0.904In0.084Te1,1.76,new,2,1,G:anion-ratio--1.49(In2Te5)
In0.1Sn0.9Te1.01-MP-mp-1197742.cif,In0.1Sn0.9Te1.01,1.75,new,2,1,G:anion-ratio--1.49(In2Te5)
Sn0.9Ag0.07Te1-MP-mp-28246.cif,Sn0.9Ag0.07Te1,1.73,new,2,1,G:anion-ratio--1.97(AgTe3)
Au0.24Te0.76-MP-mp-1662.cif,Au0.24Te0.76,1.72,new,2,1,G:anion-ratio-+1.17(Te2Au)
Au0.16Te0.84-MP-mp-1662.cif,Au0.16Te0.84,1.71,new,2,1,G:anion-ratio-+3.25(Te2Au)
Au0.14Te0.86-MP-mp-1662.cif,Au0.14Te0.86,1.7,new,2,1,G:anion-ratio-+4.14(Te2Au)
K0.5Nb1S2-MP-mp-7938.cif,K0.5Nb1S2,1.7,new,2,1,G:anion-ratio-+0.33(KNbS2)
H0.54Nb0.65Pd0.35-MP-mp-1184548.cif,H0.54Nb0.65Pd0.35,1.67,new,2,1,G:anion-ratio--0.46(HPd)
Sn0.92Ag0.05Te1-MP-mp-28246.cif,Sn0.92Ag0.05Te1,1.66,new,2,1,G:anion-ratio--1.97(AgTe3)
Pb0.9Pt0.1Te2-MP-mp-1217437.cif,Pb0.9Pt0.1Te2,1.65,new,2,1,G:anion-ratio-+1.50(TePtPb)
Au0.15Te0.85-MP-mp-1662.cif,Au0.15Te0.85,1.64,new,2,1,G:anion-ratio-+3.67(Te2Au)
Cu1Ir1.4Pt0.6Se4-MP-mp-1115.cif,Cu1Ir1.4Pt0.6Se4,1.64,new,2,1,G:anion-ratio--0.67(PtSe2)
H0.34Nb0.72Pd0.28-MP-mp-1184548.cif,H0.34Nb0.72Pd0.28,1.64,new,2,1,G:anion-ratio--0.66(HPd)
Pd2.2S1-MP-mp-13682.cif,Pd2.2S1,1.63,new,2,1,G:anion-ratio--1.55(PdS2)
Pb0.3325Sn0.6175In0.05Te1-MP-mp-1224649.cif,Pb0.3325Sn0.6175In0.05Te1,1.605,new,2,1,G:anion-ratio--0.43(In6Te10Pb)
Au0.18Te0.82-MP-mp-1662.cif,Au0.18Te0.82,1.56,new,2,1,G:anion-ratio-+2.56(Te2Au)
Au0.22Te0.78-MP-mp-1662.cif,Au0.22Te0.78,1.54,new,2,1,G:anion-ratio-+1.55(Te2Au)
H0.12Nb0.8Pd0.2-MP-mp-1184548.cif,H0.12Nb0.8Pd0.2,1.52,new,2,1,G:anion-ratio--0.88(HPd)
Bi4Sr4Ca0.5Tm1.5Cu4O16.91-MP-mp-1218884.cif,Bi4Sr4Ca0.5Tm1.5Cu4O16.91,1.5,new,2,1,C:Cu-ox-6.21
La2.4Pr0.6Se4-MP-mp-14613.cif,La2.4Pr0.6Se4,1.49,new,2,1,G:anion-ratio--0.57(Pr10Se19)
Au0.2Te0.8-MP-mp-1662.cif,Au0.2Te0.8,1.48,new,2,1,G:anion-ratio-+2.00(Te2Au)
Ag7F2H1O8-MP-mp-996958.cif,Ag7F2H1O8,1.47,new,2,1,G:anion-ratio--1.43(AgHO2)
In0.08Sn0.92Te1.01-MP-mp-1197742.cif,In0.08Sn0.92Te1.01,1.45,new,2,1,G:anion-ratio--1.49(In2Te5)
In0.05Sn0.95Te1.01-MP-mp-1197742.cif,In0.05Sn0.95Te1.01,1.43,new,2,1,G:anion-ratio--1.49(In2Te5)
In0.06Sn0.94Te1.01-MP-mp-1197742.cif,In0.06Sn0.94Te1.01,1.36,new,2,1,G:anion-ratio--1.49(In2Te5)
La1.14Nb1Se3.14-MP-mp-2207.cif,La1.14Nb1Se3.14,1.32,new,2,1,G:anion-ratio--0.53(NbSe2)
In0.045Sn0.955Te1.01-MP-mp-1197742.cif,In0.045Sn0.955Te1.01,1.2,new,2,1,G:anion-ratio--1.49(In2Te5)
Nb2Pd1S3Se2-MP-mp-1080466.cif,Nb2Pd1S3Se2,1.17,new,2,1,G:anion-ratio--0.33(Nb2PdS6)
In0.04Sn0.96Te1.01-MP-mp-1197742.cif,In0.04Sn0.96Te1.01,1.14,new,2,1,G:anion-ratio--1.49(In2Te5)
Ag2Pb3S1-MP-mp-1025039.cif,Ag2Pb3S1,1.13,new,2,1,G:anion-ratio--1.80(PbS2)
Ag2Pd3S1-MP-mp-13682.cif,Ag2Pd3S1,1.13,new,2,1,G:anion-ratio--1.80(PdS2)
In0.03Sn0.97Te1.01-MP-mp-1197742.cif,In0.03Sn0.97Te1.01,1.07,new,2,1,G:anion-ratio--1.49(In2Te5)
Cu1Ir1.8Pt0.2Se4-MP-mp-1115.cif,Cu1Ir1.8Pt0.2Se4,1.06,new,2,1,G:anion-ratio--0.67(PtSe2)
In2Sb1Te2-MP-mp-1223951.cif,In2Sb1Te2,1.06,new,2,1,G:anion-ratio--0.33(In3SbTe4)
La1Fe0.951Zn0.049As1F0.28O0.68-MP-mp-549589.cif,La1Fe0.951Zn0.049As1F0.28O0.68,1.0,new,2,1,G:parent-lacks-Fe(LaZnAsO)
Bi3Te1-MP-mp-34202.cif,Bi3Te1,0.875,new,2,1,G:anion-ratio--1.17(Bi2Te3)
Th99.92U0.08-MP-mp-37.cif,Th99.92U0.08,0.7775000000000001,new,2,2,"A:huge-coefficient(max 100, 100 atoms); A:trace-dopant(U 0.0008)"
Ag0.2In0.8Te1-MP-mp-1224268.cif,Ag0.2In0.8Te1,0.77,new,2,1,G:anion-ratio--0.33(In5AgTe8)
Bi1.08Ta1S3.08-MP-mp-10014.cif,Bi1.08Ta1S3.08,0.76,new,2,1,G:anion-ratio--0.52(TaS2)
La2.25Pr0.75Se4-MP-mp-14613.cif,La2.25Pr0.75Se4,0.76,new,2,1,G:anion-ratio--0.57(Pr10Se19)
Pd6Se1-MP-mp-21165.cif,Pd6Se1,0.66,new,2,1,G:anion-ratio--0.83(PdSe)
Pd6.7Se1-MP-mp-21165.cif,Pd6.7Se1,0.66,new,2,1,G:anion-ratio--0.85(PdSe)
Fe0.008Mo99.992-MP-mp-129.cif,Fe0.008Mo99.992,0.5775,new,2,2,"A:huge-coefficient(max 100, 100 atoms); A:trace-dopant(Fe 0.0001)"
Co0.038Mo99.962-MP-mp-129.cif,Co0.038Mo99.962,0.4499999999999999,new,2,2,"A:huge-coefficient(max 100, 100 atoms); A:trace-dopant(Co 0.0004)"
W1F0.41O2.59-MP-mp-752955.cif,W1F0.41O2.59,0.42,new,2,1,G:anion-ratio--2.00(WOF4)
Bi1.1Nb1S3.1-MP-mp-10033.cif,Bi1.1Nb1S3.1,0.415,new,2,1,G:anion-ratio--0.52(NbS2)
W1F0.44O2.56-MP-mp-752955.cif,W1F0.44O2.56,0.41,new,2,1,G:anion-ratio--2.00(WOF4)
Cd99.995Mn0.005-MP-mp-94.cif,Cd99.995Mn0.005,0.39,new,2,2,"A:huge-coefficient(max 100, 100 atoms); A:trace-dopant(Mn 0.0001)"
W1F0.45O2.55-MP-mp-752955.cif,W1F0.45O2.55,0.38,new,2,1,G:anion-ratio--2.00(WOF4)
Ag7F1O8-MP-mp-997101.cif,Ag7F1O8,0.3,new,2,1,G:anion-ratio--1.71(AgO2F)
Ag7B4F4O8-MP-mp-997101.cif,Ag7B4F4O8,0.15,new,2,1,G:anion-ratio--1.91(AgO2F)
Ag7F4O8B1-MP-mp-997101.cif,Ag7F4O8B1,0.15,new,2,1,G:anion-ratio--1.50(AgO2F)
Ag2I1-MP-mp-580941.cif,Ag2I1,0.066,new,2,1,G:anion-ratio--0.50(AgI)
Al0.3Ba2Cu2La2Ti1.7O10.86-MP-mp-1227852-synth_doped.cif,Al0.3Ba2Cu2La2Ti1.7O10.86,0.0,V45,2,1,C:Cu-ox-5.86
B1Ba1Cu1Gd1O5-MP-mp-1214529.cif,B1Ba1Cu1Gd1O5,0.0,V45,2,1,C:Cu-ox-5.00
B1Ba1Cu1La1O5-MP-mp-14970.cif,B1Ba1Cu1La1O5,0.0,V45,2,1,C:Cu-ox-5.00
B1Ba1Cu1Nd1O5-MP-mp-10350.cif,B1Ba1Cu1Nd1O5,0.0,V45,2,1,C:Cu-ox-5.00
B1Ba1Cu1Sm1O5-MP-mp-1214336.cif,B1Ba1Cu1Sm1O5,0.0,V45,2,1,C:Cu-ox-5.00
B1Ba1Cu1Tb1O5-MP-mp-1214316.cif,B1Ba1Cu1Tb1O5,0.0,V45,2,1,C:Cu-ox-8.00
Ba0.074Cu1La1.926O4-MP-mp-1077929-synth_doped.cif,Ba0.074Cu1La1.926O4,0.0,V45,2,1,D:duplicate-Tc-0.0..24.9K(n=3)
Ba0.174Cu1La1.826O4-MP-mp-1077929-synth_doped.cif,Ba0.174Cu1La1.826O4,0.0,V45,2,1,D:duplicate-Tc-0.0..26.2K(n=2)
Ba0.25Cu1La1.75O4-MP-mp-1077929-synth_doped.cif,Ba0.25Cu1La1.75O4,0.0,V45,2,1,D:duplicate-Tc-0.0..13.7K(n=2)
Ba1.7Cu2La2.3Ti2O11.15-MP-mp-1227852-synth_doped.cif,Ba1.7Cu2La2.3Ti2O11.15,0.0,V45,2,1,C:Cu-ox-6.00
Ba1.85Cu2La2Ti2O10.7-MP-mp-1227852-synth_doped.cif,Ba1.85Cu2La2Ti2O10.7,0.0,V45,2,1,C:Cu-ox-5.85
Ba1.8Cu1La0.2Tl1O5-MP-mp-20942-synth_doped.cif,Ba1.8Cu1La0.2Tl1O5,0.0,V45,2,1,C:Cu-ox-5.80
Ba1Cu1Y2O5-MP-mp-542733.cif,Ba1Cu1Y2O5,0.0,V45,2,1,C:Cu-ox-8.00
Ba2.02Cu1.01Tl1.97O6.16-MP-mp-6027-synth_doped.cif,Ba2.02Cu1.01Tl1.97O6.16,0.0,V45,2,1,C:Cu-ox-8.20
Ba2Ca0.2Cu2Nd0.8Tl1O7-MP-mp-1228402-synth_doped.cif,Ba2Ca0.2Cu2Nd0.8Tl1O7,0.0,V45,2,1,C:Cu-ox-3.60
Ba2Ca0.2Cu2Tl1Y0.8O7-MP-mp-654374-synth_doped.cif,Ba2Ca0.2Cu2Tl1Y0.8O7,0.0,V45,2,1,C:Cu-ox-4.80
Ba2Ca0.7Ce0.3Cu2Tl2O8-MP-mp-6885-synth_doped.cif,Ba2Ca0.7Ce0.3Cu2Tl2O8,0.0,V45,2,1,C:Cu-ox-4.70
Ba2Cl1Cu2Nb1Pb2O8-MP-mp-1228495.cif,Ba2Cl1Cu2Nb1Pb2O8,0.0,V45,2,1,C:Cu-ox-6.00
Ba2Cl1Cu2Pb2Ta1O8-MP-mp-1228449.cif,Ba2Cl1Cu2Pb2Ta1O8,0.0,V45,2,1,C:Cu-ox-6.00
Ba2Co0.3Cu2La2Ti1.7O10.82-MP-mp-1227852-synth_doped.cif,Ba2Co0.3Cu2La2Ti1.7O10.82,0.0,V45,2,1,C:Cu-ox-5.82
Ba2Co0.9Cu2Eu1O7.29-MP-mp-1214711-synth_doped.cif,Ba2Co0.9Cu2Eu1O7.29,0.0,V45,2,1,C:Cu-ox-3.79
Ba2Co1Cu2Er1O7.07-MP-mp-1214699-synth_doped.cif,Ba2Co1Cu2Er1O7.07,0.0,V45,2,1,C:Cu-ox-5.07
Ba2Co1Cu2Eu1O7.31-MP-mp-1214711-synth_doped.cif,Ba2Co1Cu2Eu1O7.31,0.0,V45,2,1,C:Cu-ox-3.81
Ba2Co1Cu2Gd1O7.16-MP-mp-1214814-synth_doped.cif,Ba2Co1Cu2Gd1O7.16,0.0,V45,2,1,C:Cu-ox-3.66
Ba2Co1Cu2La1O7.01-MP-mp-1214652-synth_doped.cif,Ba2Co1Cu2La1O7.01,0.0,V45,2,1,C:Cu-ox-3.51
Ba2Co1Cu2La1O7.39-MP-mp-1214652-synth_doped.cif,Ba2Co1Cu2La1O7.39,0.0,V45,2,1,C:Cu-ox-3.89
Ba2Co1Cu2Nd1O7.24-MP-mp-1214600-synth_doped.cif,Ba2Co1Cu2Nd1O7.24,0.0,V45,2,1,C:Cu-ox-3.74
Ba2Co1Cu2Pr1O7.02-MP-mp-1214590-synth_doped.cif,Ba2Co1Cu2Pr1O7.02,0.0,V45,2,1,C:Cu-ox-3.52
Ba2Co1Cu2Pr1O7.29-MP-mp-1214590-synth_doped.cif,Ba2Co1Cu2Pr1O7.29,0.0,V45,2,1,C:Cu-ox-3.79
Ba2Co1Cu2Pr1O7.33-MP-mp-1214590-synth_doped.cif,Ba2Co1Cu2Pr1O7.33,0.0,V45,2,1,C:Cu-ox-3.83
Ba2Co1Cu2Sm1O7.12-MP-mp-1214586-synth_doped.cif,Ba2Co1Cu2Sm1O7.12,0.0,V45,2,1,C:Cu-ox-3.62
Ba2Co1Cu2Y1O7.2-MP-mp-1214571-synth_doped.cif,Ba2Co1Cu2Y1O7.2,0.0,V45,2,1,C:Cu-ox-5.20
Ba2Co1Cu2Y1O7.33-MP-mp-1214571-synth_doped.cif,Ba2Co1Cu2Y1O7.33,0.0,V45,2,1,C:Cu-ox-5.33
Ba2Cu1Hg1O4.14-MP-mp-6562-synth_doped.cif,Ba2Cu1Hg1O4.14,0.0,V45,2,1,C:Cu-ox-4.28
Ba2Cu1Hg1O4.32-MP-mp-6562-synth_doped.cif,Ba2Cu1Hg1O4.32,0.0,V45,2,1,C:Cu-ox-4.64
Ba2Cu1Hg1Tl1O6-MP-mp-1228447.cif,Ba2Cu1Hg1Tl1O6,0.0,V45,2,1,C:Cu-ox-8.00
Ba2Cu1Tl2O6.23-MP-mp-6027-synth_doped.cif,Ba2Cu1Tl2O6.23,0.0,V45,2,1,C:Cu-ox-8.46
Ba2Cu2.1Nd2Ti1.9O11-MP-mp-557043-synth_doped.cif,Ba2Cu2.1Nd2Ti1.9O11,0.0,V45,2,1,C:Cu-ox-5.71
Ba2Cu2Eu2Ti2O11-MP-mp-616471.cif,Ba2Cu2Eu2Ti2O11,0.0,V45,2,1,C:Cu-ox-6.00
Ba2Cu2La0.1Nb1Pr0.9O8-MP-mp-1228503-synth_doped.cif,Ba2Cu2La0.1Nb1Pr0.9O8,0.0,V45,2,1,C:Cu-ox-4.50
Ba2Cu2La1Nb1O8-MP-mp-1214654.cif,Ba2Cu2La1Nb1O8,0.0,V45,2,1,C:Cu-ox-4.50
Ba2Cu2La2Sc0.3Ti1.7O10.81-MP-mp-1227852-synth_doped.cif,Ba2Cu2La2Sc0.3Ti1.7O10.81,0.0,V45,2,1,C:Cu-ox-5.81
Ba2Cu2La2Ti1.85Zn0.15O10.86-MP-mp-1227852-synth_doped.cif,Ba2Cu2La2Ti1.85Zn0.15O10.86,0.0,V45,2,1,C:Cu-ox-5.71
Ba2Cu2La2Ti2O11-MP-mp-1214655.cif,Ba2Cu2La2Ti2O11,0.0,V45,2,1,C:Cu-ox-6.00
Ba2Cu2Nb1Pr1O8-MP-mp-1228503.cif,Ba2Cu2Nb1Pr1O8,0.0,V45,2,1,C:Cu-ox-4.50
Ba2Cu2Nd1Tl1O7-MP-mp-1228402.cif,Ba2Cu2Nd1Tl1O7,0.0,V45,2,1,C:Cu-ox-3.50
Ba2Cu2Nd2Ti2O11-MP-mp-557043.cif,Ba2Cu2Nd2Ti2O11,0.0,V45,2,1,C:Cu-ox-6.00
Ba2Cu2Tl1Y1O7-MP-mp-654374.cif,Ba2Cu2Tl1Y1O7,0.0,V45,2,1,C:Cu-ox-5.00
Bi2Ca0.1Cu2Pr0.9Sr2O8-MP-mp-1208752-synth_doped.cif,Bi2Ca0.1Cu2Pr0.9Sr2O8,0.0,V45,2,1,C:Cu-ox-4.55
Bi2Ca0.1Cu2Sr2Y0.9O8-MP-mp-1208863-synth_doped.cif,Bi2Ca0.1Cu2Sr2Y0.9O8,0.0,V45,2,1,C:Cu-ox-5.90
Bi2Ca0.2Cu2Pr0.8Sr2O8-MP-mp-1208752-synth_doped.cif,Bi2Ca0.2Cu2Pr0.8Sr2O8,0.0,V45,2,1,C:Cu-ox-4.60
Bi2Ca0.2Cu2Sr2Y0.8O8-MP-mp-1208863-synth_doped.cif,Bi2Ca0.2Cu2Sr2Y0.8O8,0.0,V45,2,1,C:Cu-ox-5.80
Bi2Ca0.3Cu2Pr0.7Sr2O8-MP-mp-1208752-synth_doped.cif,Bi2Ca0.3Cu2Pr0.7Sr2O8,0.0,V45,2,1,C:Cu-ox-4.65
Bi2Ca0.7Ce0.3Cu2Sr2O8-MP-mp-1218930-synth_doped.cif,Bi2Ca0.7Ce0.3Cu2Sr2O8,0.0,V45,2,1,C:Cu-ox-4.70
Bi2Ca1Cu2I0.95Sr2O8.28-MP-mp-1209124-synth_doped.cif,Bi2Ca1Cu2I0.95Sr2O8.28,0.0,V45,2,1,C:Cu-ox-5.28
Bi2Ca1Cu2Sr2O8.01-MP-mp-1218930-synth_doped.cif,Bi2Ca1Cu2Sr2O8.01,0.0,V45,2,1,C:Cu-ox-5.01
Bi2Ca1Cu2Sr2O8.051-MP-mp-1218930-synth_doped.cif,Bi2Ca1Cu2Sr2O8.051,0.0,V45,2,1,C:Cu-ox-5.05
Bi2Ca1Cu2Sr2O8.077-MP-mp-1218930-synth_doped.cif,Bi2Ca1Cu2Sr2O8.077,0.0,V45,2,1,C:Cu-ox-5.08
Bi2Cu1O4-MP-mp-505042.cif,Bi2Cu1O4,0.0,V45,2,1,C:Cu-ox-8.00
Bi2Cu2Er1Sr2O8-MP-mp-1208931.cif,Bi2Cu2Er1Sr2O8,0.0,V45,2,1,C:Cu-ox-6.00
Bi2Cu2Pr1Sr2O8-MP-mp-1208752.cif,Bi2Cu2Pr1Sr2O8,0.0,V45,2,1,C:Cu-ox-4.50
Bi2Cu2Sr2Y1O8-MP-mp-1208863.cif,Bi2Cu2Sr2Y1O8,0.0,V45,2,1,C:Cu-ox-6.00
Bi2Cu2Sr2Y1O8.51-MP-mp-1208863-synth_doped.cif,Bi2Cu2Sr2Y1O8.51,0.0,V45,2,1,C:Cu-ox-6.51
Bi2Cu2Sr2Y1O8.53-MP-mp-1208863-synth_doped.cif,Bi2Cu2Sr2Y1O8.53,0.0,V45,2,1,C:Cu-ox-6.53
Bi4Cu4Sr4Tm2O17.14-MP-mp-1208757-synth_doped.cif,Bi4Cu4Sr4Tm2O17.14,0.0,V45,2,1,C:Cu-ox-6.57
Br2Ca1.875Cu1Na0.125O2-MP-mp-545481-synth_doped.cif,Br2Ca1.875Cu1Na0.125O2,0.0,V45,2,1,C:Cu-ox-0.12
C1Cu11Sr8Y4O28-MP-mp-1173193.cif,C1Cu11Sr8Y4O28,0.0,V45,2,1,C:Cu-ox-3.64
C1Cu1K0.1Sr1.9O5-MP-mp-1147662-synth_doped.cif,C1Cu1K0.1Sr1.9O5,0.0,V45,2,1,C:Cu-ox-6.10
C1Cu1K0.2Sr1.8O5-MP-mp-1147662-synth_doped.cif,C1Cu1K0.2Sr1.8O5,0.0,V45,2,1,C:Cu-ox-6.20
C1Cu1Na0.15Sr1.85O5-MP-mp-1147662-synth_doped.cif,C1Cu1Na0.15Sr1.85O5,0.0,V45,2,1,C:Cu-ox-6.15
C1Cu1Na0.3Sr1.7O5-MP-mp-1147662-synth_doped.cif,C1Cu1Na0.3Sr1.7O5,0.0,V45,2,1,C:Cu-ox-6.30
C1Cu1Sr2O5-MP-mp-1198030.cif,C1Cu1Sr2O5,0.0,V45,2,1,C:Cu-ox-6.00
C1Cu1Sr2O5.35-MP-mp-1218825-synth_doped.cif,C1Cu1Sr2O5.35,0.0,V45,2,1,C:Cu-ox-6.70
Ca0.17Cu1Dy1.83O4-MP-mp-752673-synth_doped.cif,Ca0.17Cu1Dy1.83O4,0.0,V45,2,1,C:Cu-ox-7.66
Ca0.1Cu2Ga1Sr2Y0.9O7-MP-mp-556575-synth_doped.cif,Ca0.1Cu2Ga1Sr2Y0.9O7,0.0,V45,2,1,C:Cu-ox-4.90
Ca0.2Cu2Sr2Tl1Y0.8O7-MP-mp-1218486-synth_doped.cif,Ca0.2Cu2Sr2Tl1Y0.8O7,0.0,V45,2,1,C:Cu-ox-4.80
Ca0.78Cl1Cu1Sm1Sr0.22O3-MP-mp-620364-synth_doped.cif,Ca0.78Cl1Cu1Sm1Sr0.22O3,0.0,V45,2,1,C:Cu-ox-1.00
Ca0.7Cu2Pb0.5Sr2Tl0.5Y0.3O7-MP-mp-1173221-synth_doped.cif,Ca0.7Cu2Pb0.5Sr2Tl0.5Y0.3O7,0.0,V45,2,1,C:Cu-ox-4.30
Ca1.92Cl2Cu1Na0.08O2-MP-mp-23143-synth_doped.cif,Ca1.92Cl2Cu1Na0.08O2,0.0,V45,2,1,C:Cu-ox-0.08
Ca1.94Cl2Cu1Na0.06O2-MP-mp-23143-synth_doped.cif,Ca1.94Cl2Cu1Na0.06O2,0.0,V45,2,1,C:Cu-ox-0.06
Ca1Cl1Cu1Sm1O3-MP-mp-620364.cif,Ca1Cl1Cu1Sm1O3,0.0,V45,2,1,C:Cu-ox-1.00
Ca2Cl2Cu1O2-MP-mp-23143.cif,Ca2Cl2Cu1O2,0.0,V45,2,1,C:Cu-ox--0.00
Ca4Cl4Cu3Sm2O8-MP-mp-1214003.cif,Ca4Cl4Cu3Sm2O8,0.0,V45,2,1,C:Cu-ox-0.67
Ce0.06Cu1La1.94O4-MP-mp-1077929-synth_doped.cif,Ce0.06Cu1La1.94O4,0.0,V45,2,1,D:duplicate-Tc-0.0..13.8K(n=2)
Ce0.1Cu2Gd0.9Ru1Sr2O8-MP-mp-1194240-synth_doped.cif,Ce0.1Cu2Gd0.9Ru1Sr2O8,0.0,V45,2,1,C:Cu-ox-4.45
Ce0.2Cu2Gd0.8Ru1Sr2O8-MP-mp-1194240-synth_doped.cif,Ce0.2Cu2Gd0.8Ru1Sr2O8,0.0,V45,2,1,C:Cu-ox-4.40
Ce0.5Cu2Ru1Sr2Y1.5O10-MP-mp-1218787.cif,Ce0.5Cu2Ru1Sr2Y1.5O10,0.0,V45,2,1,C:Cu-ox-7.00
Ce0.9Cu2Eu1.1Ru1Sr2O10-MP-mp-1218883-synth_doped.cif,Ce0.9Cu2Eu1.1Ru1Sr2O10,0.0,V45,2,1,C:Cu-ox-4.55
Ce1Cu2Eu1Ru1Sr2O10-MP-mp-1218883.cif,Ce1Cu2Eu1Ru1Sr2O10,0.0,V45,2,1,C:Cu-ox-4.50
Cl1Cu2Pb2Ru1Sr2O8-MP-mp-1218869.cif,Cl1Cu2Pb2Ru1Sr2O8,0.0,V45,2,1,C:Cu-ox-6.00
Cl1Cu3Pb3Sr3O8-MP-mp-1218799.cif,Cl1Cu3Pb3Sr3O8,0.0,V45,2,1,C:Cu-ox-3.33
Co0.7Cu0.3La1.15Sr0.85O4-MP-mp-1274783-synth_doped.cif,Co0.7Cu0.3La1.15Sr0.85O4,0.0,V45,2,1,C:Cu-ox-9.50
Co0.8Cu0.2La1.05Sr0.95O4-MP-mp-1274783-synth_doped.cif,Co0.8Cu0.2La1.05Sr0.95O4,0.0,V45,2,1,C:Cu-ox-14.75
Co0.9Cu0.1La0.95Sr1.05O4-MP-mp-1274783-synth_doped.cif,Co0.9Cu0.1La0.95Sr1.05O4,0.0,V45,2,1,C:Cu-ox-30.50
Cu0.2Fe0.8La1.05Sr0.95O4-MP-mp-1218154-synth_doped.cif,Cu0.2Fe0.8La1.05Sr0.95O4,0.0,V45,2,1,C:Cu-ox-14.75
Cu1Dy0.75La1.25O4-MP-mp-1223395.cif,Cu1Dy0.75La1.25O4,0.0,V45,2,1,C:Cu-ox-4.25
Cu1Dy2O4-MP-mp-752673.cif,Cu1Dy2O4,0.0,V45,2,1,C:Cu-ox-8.00
Cu1Er2O4-MP-mp-753901.cif,Cu1Er2O4,0.0,V45,2,1,C:Cu-ox-8.00
Cu1Ho2O4-MP-mp-754263.cif,Cu1Ho2O4,0.0,V45,2,1,C:Cu-ox-8.00
Cu1La2O4.003-MP-mp-1077929-synth_doped.cif,Cu1La2O4.003,0.0,V45,2,1,D:duplicate-Tc-0.0..32.0K(n=2)
Cu1La2O4.011-MP-mp-1077929-synth_doped.cif,Cu1La2O4.011,0.0,V45,2,1,D:duplicate-Tc-0.0..34.7K(n=4)
Cu1La2O4.015-MP-mp-1077929-synth_doped.cif,Cu1La2O4.015,0.0,V45,2,1,D:duplicate-Tc-0.0..34.7K(n=4)
Cu1La2O4.02-MP-mp-1077929-synth_doped.cif,Cu1La2O4.02,0.0,V45,2,1,D:duplicate-Tc-0.0..42.0K(n=2)
Cu1La2O4.052-MP-mp-1077929-synth_doped.cif,Cu1La2O4.052,0.0,V45,2,1,D:duplicate-Tc-0.0..29.1K(n=2)
Cu1La2O4.056-MP-mp-1077929-synth_doped.cif,Cu1La2O4.056,0.0,V45,2,1,D:duplicate-Tc-0.0..38.0K(n=3)
Cu1La2O4.1-MP-mp-1077929-synth_doped.cif,Cu1La2O4.1,0.0,V45,2,1,D:duplicate-Tc-0.0..45.2K(n=4)
Cu1Nd2O3.5-MP-mp-556595.cif,Cu1Nd2O3.5,0.0,V45,2,1,C:Cu-ox-1.00
Cu1Sr1O2.97-MP-mp-21129-synth_doped.cif,Cu1Sr1O2.97,0.0,V45,2,1,C:Cu-ox-3.94
Cu1Sr1O2.99-MP-mp-21129-synth_doped.cif,Cu1Sr1O2.99,0.0,V45,2,1,C:Cu-ox-3.98
Cu1Sr2Tl1O5-MP-mp-620290.cif,Cu1Sr2Tl1O5,0.0,V45,2,1,C:Cu-ox-6.00
Cu1Tm2O4-MP-mp-1100986.cif,Cu1Tm2O4,0.0,V45,2,1,C:Cu-ox-8.00
Cu1Y1O2.55-MP-mvc-11697-synth_doped.cif,Cu1Y1O2.55,0.0,V45,2,1,C:Cu-ox-5.10
Cu2Er2O5-MP-mp-21160.cif,Cu2Er2O5,0.0,V45,2,1,C:Cu-ox-5.00
Cu2Eu1Nb1Sr2O8-MP-mp-16786.cif,Cu2Eu1Nb1Sr2O8,0.0,V45,2,1,C:Cu-ox-4.50
Cu2Fe1Sr2Y1O7.32-MP-mvc-771-synth_doped.cif,Cu2Fe1Sr2Y1O7.32,0.0,V45,2,1,C:Cu-ox-5.32
Cu2Fe1Sr2Y1O7.36-MP-mvc-771-synth_doped.cif,Cu2Fe1Sr2Y1O7.36,0.0,V45,2,1,C:Cu-ox-5.36
Cu2Fe1Sr2Y1O7.6-MP-mvc-771-synth_doped.cif,Cu2Fe1Sr2Y1O7.6,0.0,V45,2,1,C:Cu-ox-5.60
Cu2Ga1Sr2Y1O7-MP-mp-556575.cif,Cu2Ga1Sr2Y1O7,0.0,V45,2,1,C:Cu-ox-5.00
Cu2Gd1La0.1Ru1Sr1.9O8-MP-mp-1194240-synth_doped.cif,Cu2Gd1La0.1Ru1Sr1.9O8,0.0,V45,2,1,C:Cu-ox-4.45
Cu2Gd1La0.2Ru1Sr1.8O8-MP-mp-1194240-synth_doped.cif,Cu2Gd1La0.2Ru1Sr1.8O8,0.0,V45,2,1,C:Cu-ox-4.40
Cu2Gd1Nb0.2Ru0.8Sr2O8-MP-mp-1194240-synth_doped.cif,Cu2Gd1Nb0.2Ru0.8Sr2O8,0.0,V45,2,1,C:Cu-ox-4.50
Cu2Gd1Ru0.9Sr2Ti0.1O8-MP-mp-1194240-synth_doped.cif,Cu2Gd1Ru0.9Sr2Ti0.1O8,0.0,V45,2,1,C:Cu-ox-4.50
Cu2Ho1Ru1Sr2O8-MP-mp-1218811.cif,Cu2Ho1Ru1Sr2O8,0.0,V45,2,1,C:Cu-ox-6.00
Cu2Ho2O5-MP-mp-5029.cif,Cu2Ho2O5,0.0,V45,2,1,C:Cu-ox-5.00
Cu2Nb1Sm1Sr2O8-MP-mp-18490.cif,Cu2Nb1Sm1Sr2O8,0.0,V45,2,1,C:Cu-ox-4.50
Cu2O1-MP-mp-361.cif,Cu2O1,0.0,V45,2,1,C:Cu-ox-1.00
Cu2S2Sr2Zn1O2-MP-mp-9453.cif,Cu2S2Sr2Zn1O2,0.0,V45,2,1,C:Cu-ox--1.00
Cu2Sr2Tl1Y1O7-MP-mp-1218486.cif,Cu2Sr2Tl1Y1O7,0.0,V45,2,1,C:Cu-ox-5.00
Cu2Tm2O5-MP-mp-3120.cif,Cu2Tm2O5,0.0,V45,2,1,C:Cu-ox-5.00
Cu2Y2O5-MP-mp-510475.cif,Cu2Y2O5,0.0,V45,2,1,C:Cu-ox-5.00
Cu2Yb2O5-MP-mp-20205.cif,Cu2Yb2O5,0.0,V45,2,1,C:Cu-ox-5.00
Cu3Pb2Sr2Tb0.1Y0.9O8-MP-mp-1198573-synth_doped.cif,Cu3Pb2Sr2Tb0.1Y0.9O8,0.0,V45,2,1,C:Cu-ox-4.00
Ag1S1-MP-mp-2766207.cif,Ag1S1,0.0,new,2,1,G:anion-ratio-+0.50(Ag2S)
Sr1.5Ba0.5Y1Cu2.8Al0.2O6.8-MP-mp-643741.cif,Sr1.5Ba0.5Y1Cu2.8Al0.2O6.8,0.0,new,2,1,C:Cu-ox-3.43
Sr0.7Ba1.3Y1Cu2.8Al0.2O6.81-MP-mp-643741.cif,Sr0.7Ba1.3Y1Cu2.8Al0.2O6.81,0.0,new,2,1,C:Cu-ox-3.44
Eu2Ba2Cu2Ti1.7Al0.3O10.89-MP-mp-616471.cif,Eu2Ba2Cu2Ti1.7Al0.3O10.89,0.0,new,2,1,C:Cu-ox-5.89
Nd2Ba2Cu2Ti1.7Al0.3O10.85-MP-mp-557043.cif,Nd2Ba2Cu2Ti1.7Al0.3O10.85,0.0,new,2,1,C:Cu-ox-5.85
Eu2.17Ce0.5Sr1.33Cu2.75Al0.25O8.88-MP-mp-983228.cif,Eu2.17Ce0.5Sr1.33Cu2.75Al0.25O8.88,0.0,new,2,1,G:parent-lacks-Cu(SrEu2Al2O7)
Y1Sr2Cu2.6Al0.4O6.5-MP-mp-643741.cif,Y1Sr2Cu2.6Al0.4O6.5,0.0,new,2,1,C:Cu-ox-3.46
Eu2.17Ce0.5Sr1.33Cu2.25Al0.75O9.04-MP-mp-1218323.cif,Eu2.17Ce0.5Sr1.33Cu2.25Al0.75O9.04,0.0,new,2,1,G:parent-lacks-Cu(SrCeAlO4)
Y1Sr2Cu2.4Al0.6O6.4-MP-mp-643741.cif,Y1Sr2Cu2.4Al0.6O6.4,0.0,new,2,1,C:Cu-ox-3.67
Al1Sr2Ca1.5Y0.5Cu3O9.1-MP-mp-643741.cif,Al1Sr2Ca1.5Y0.5Cu3O9.1,0.0,new,2,1,C:Cu-ox-3.73
Al1Sr2Ca1.6Y0.4Cu3O9.1-MP-mp-643741.cif,Al1Sr2Ca1.6Y0.4Cu3O9.1,0.0,new,2,1,C:Cu-ox-3.67
Al1Sr2Ca1.7Y0.3Cu3O9.1-MP-mp-643741.cif,Al1Sr2Ca1.7Y0.3Cu3O9.1,0.0,new,2,1,C:Cu-ox-3.60
Al1Sr2Ca1.8Y0.2Cu3O9.1-MP-mp-643741.cif,Al1Sr2Ca1.8Y0.2Cu3O9.1,0.0,new,2,1,C:Cu-ox-3.53
Al1Sr2Ca1.9Y0.1Cu3O9.1-MP-mp-643741.cif,Al1Sr2Ca1.9Y0.1Cu3O9.1,0.0,new,2,1,C:Cu-ox-3.47
Y1Sr2Cu2.2Al0.8O6.3-MP-mp-643741.cif,Y1Sr2Cu2.2Al0.8O6.3,0.0,new,2,1,C:Cu-ox-3.91
As0.33Sr2Y1Cu2.67O6.88-MP-mp-985569.cif,As0.33Sr2Y1Cu2.67O6.88,0.0,new,2,1,C:Cu-ox-3.66
C60As2F12-MP-mp-1214907.cif,C60As2F12,0.0,new,2,1,G:anion-ratio--0.70(AsC18F17)
Fe2As2Sr4Sc1.2Ti1.8O8-MP-mp-1218493.cif,Fe2As2Sr4Sc1.2Ti1.8O8,0.0,new,2,1,G:anion-ratio--0.67(Sr6Ti3FeO14)
Ni2As2Sr4V2O6-MP-mp-1218545.cif,Ni2As2Sr4V2O6,0.0,new,2,1,G:anion-ratio--1.20(Sr2VAs2O9)
Fe2As2Ba3Sc2O5-MP-mp-1192651.cif,Fe2As2Ba3Sc2O5,0.0,new,2,1,G:anion-ratio--0.94(BaFeO3)
Pr0.65Sr0.35Fe1As0.9P0.1O1-MP-mp-1203060.cif,Pr0.65Sr0.35Fe1As0.9P0.1O1,0.0,new,2,1,G:anion-ratio--1.67(Sr2Fe(PO4)3)
La1Fe0.887Zn0.113As1F0.28O0.68-MP-mp-549589.cif,La1Fe0.887Zn0.113As1F0.28O0.68,0.0,new,2,1,G:parent-lacks-Fe(LaZnAsO)
Pr0.6Ca0.4Fe1As1O1-MP-mp-1325009.cif,Pr0.6Ca0.4Fe1As1O1,0.0,new,2,1,G:anion-ratio--1.33(CaFeAsO5)
La1Fe0.998Mn0.002As1F0.11O0.89-MP-mp-1281007.cif,La1Fe0.998Mn0.002As1F0.11O0.89,0.0,new,2,2,A:trace-dopant(Mn 0.0005); E:literature-IQR-5.0K(n=3)
Sm1Fe0.6Zn0.4As1F0.2O0.8-MP-mp-1047105.cif,Sm1Fe0.6Zn0.4As1F0.2O0.8,0.0,new,2,1,G:anion-ratio--1.33(ZnFeAsO5)
Sm1Fe0.8Zn0.2As1F0.2O0.8-MP-mp-1047105.cif,Sm1Fe0.8Zn0.2As1F0.2O0.8,0.0,new,2,1,G:anion-ratio--1.33(ZnFeAsO5)
Sr1Fe1Ru1As2-MP-mp-4404.cif,Sr1Fe1Ru1As2,0.0,new,2,1,G:parent-lacks-Fe(Sr(AsRu)2)
Sr1Fe1.6Ru0.4As2-MP-mp-4404.cif,Sr1Fe1.6Ru0.4As2,0.0,new,2,1,G:parent-lacks-Fe(Sr(AsRu)2)
Au0.05Sb0.9Te0.05-MP-mp-1201.cif,Au0.05Sb0.9Te0.05,0.0,new,2,1,G:anion-ratio--1.45(Sb2Te3)
Y1Sr2Cu2.9B0.1O7-MP-mp-985569.cif,Y1Sr2Cu2.9B0.1O7,0.0,new,2,1,C:Cu-ox-3.45
Y1Sr2Cu2.7B0.3O7-MP-mp-985569.cif,Y1Sr2Cu2.7B0.3O7,0.0,new,2,1,C:Cu-ox-3.70
Y0.85Ca0.15Ba2Cu2.5B0.5O7-MP-mp-1228878.cif,Y0.85Ca0.15Ba2Cu2.5B0.5O7,0.0,new,2,1,C:Cu-ox-3.88
Y0.85Ca0.15Sr2Cu2.5B0.5O7-MP-mp-985569.cif,Y0.85Ca0.15Sr2Cu2.5B0.5O7,0.0,new,2,1,C:Cu-ox-3.88
Y1Sr2Cu2.5B0.5O7-MP-mp-985569.cif,Y1Sr2Cu2.5B0.5O7,0.0,new,2,1,C:Cu-ox-4.00
Y1Sr2Cu2.3B0.7O7-MP-mp-985569.cif,Y1Sr2Cu2.3B0.7O7,0.0,new,2,1,C:Cu-ox-4.35
Y1Sr2Cu2.1B0.9O7-MP-mp-985569.cif,Y1Sr2Cu2.1B0.9O7,0.0,new,2,1,C:Cu-ox-4.76
Nb1B0.25O2-MP-mp-8615.cif,Nb1B0.25O2,0.0,new,2,1,G:anion-ratio--0.40(NbBO4)
Pr1Ba1Cu1B1O5-MP-mp-614964.cif,Pr1Ba1Cu1B1O5,0.0,new,2,1,C:Cu-ox-5.00
Nb1B0.4O2-MP-mp-8615.cif,Nb1B0.4O2,0.0,new,2,1,G:anion-ratio--0.57(NbBO4)
Nb1B0.6O2-MP-mp-8615.cif,Nb1B0.6O2,0.0,new,2,1,G:anion-ratio--0.75(NbBO4)
Nb1B2O2-MP-mp-8615.cif,Nb1B2O2,0.0,new,2,1,G:anion-ratio--1.33(NbBO4)
Sr1.5Ba0.5Y1Cu2.8Cr0.2O7-MP-mp-1042475.cif,Sr1.5Ba0.5Y1Cu2.8Cr0.2O7,0.0,new,2,1,C:Cu-ox-3.57
Pb1Cu3Ba1Sr1Y1O8-MP-mp-1227433.cif,Pb1Cu3Ba1Sr1Y1O8,0.0,new,2,1,C:Cu-ox-4.00
Eu2Ba1.7K0.1Cu2Ti2O10.74-MP-mp-1225669.cif,Eu2Ba1.7K0.1Cu2Ti2O10.74,0.0,new,2,1,C:Cu-ox-5.99
Nd2Ba2Ca1Ti1.92Cu2.08O12-MP-mp-1214747.cif,Nd2Ba2Ca1Ti1.92Cu2.08O12,0.0,new,2,1,C:Cu-ox-5.77
Eu2Ba2Cu2Ti1.7Co0.3O10.88-MP-mp-616471.cif,Eu2Ba2Cu2Ti1.7Co0.3O10.88,0.0,new,2,1,C:Cu-ox-5.88
Nd2Ba2Cu2Ti1.7Co0.3O10.85-MP-mp-557043.cif,Nd2Ba2Cu2Ti1.7Co0.3O10.85,0.0,new,2,1,C:Cu-ox-5.85
Eu2Ba2Cu2Ti1.85Zn0.15O10.89-MP-mp-616471.cif,Eu2Ba2Cu2Ti1.85Zn0.15O10.89,0.0,new,2,1,C:Cu-ox-5.74
Eu2Ba2Cu2.15Ti1.85O10.85-MP-mp-616471.cif,Eu2Ba2Cu2.15Ti1.85O10.85,0.0,new,2,1,C:Cu-ox-5.44
La2Ba2Cu2.15Ti1.85O10.85-MP-mp-1214655.cif,La2Ba2Cu2.15Ti1.85O10.85,0.0,new,2,1,C:Cu-ox-5.44
Pb3Ba2Sr1Cu3Cl1O8-MP-mp-1218799.cif,Pb3Ba2Sr1Cu3Cl1O8,0.0,new,2,1,C:Cu-ox-3.33
Tl1Ba1La1Cu1O5-MP-mp-1214673.cif,Tl1Ba1La1Cu1O5,0.0,new,2,1,C:Cu-ox-5.00
Ba1.6Sr0.4Yb1Cu3O6.42-MP-mp-1099602.cif,Ba1.6Sr0.4Yb1Cu3O6.42,0.0,new,2,1,G:anion-ratio--0.43(Ba3Sr(CuO3)4)
Ba1.6Sr0.4Yb0.85Ca0.15Cu3O6.17-MP-mp-1099602.cif,Ba1.6Sr0.4Yb0.85Ca0.15Cu3O6.17,0.0,new,2,1,G:anion-ratio--0.47(Ba3Sr(CuO3)4)
Ba1.6Sr0.4Yb1Cu3O6.15-MP-mp-1099602.cif,Ba1.6Sr0.4Yb1Cu3O6.15,0.0,new,2,1,G:anion-ratio--0.47(Ba3Sr(CuO3)4)
Tl2Ba2Ca0.6Ce0.4Cu2O8-MP-mp-6885.cif,Tl2Ba2Ca0.6Ce0.4Cu2O8,0.0,new,2,1,C:Cu-ox-4.60
Y1Ba2Cu3.6Fe0.4O8-MP-mp-6790.cif,Y1Ba2Cu3.6Fe0.4O8,0.0,new,2,1,C:Cu-ox-3.33
La0.4Pr0.6Ba2Cu2Nb1O8-MP-mp-1228503.cif,La0.4Pr0.6Ba2Cu2Nb1O8,0.0,new,2,1,C:Cu-ox-4.50
La0.5Pr0.5Ba2Cu2Nb1O8-MP-mp-1228503.cif,La0.5Pr0.5Ba2Cu2Nb1O8,0.0,new,2,1,C:Cu-ox-4.50
Nb1Ba2Pr1Cu2O7.96-MP-mp-1228503.cif,Nb1Ba2Pr1Cu2O7.96,0.0,new,2,1,C:Cu-ox-4.46
Fe0.5Ba2Nd1Cu2.5O7.54-MP-mp-704634.cif,Fe0.5Ba2Nd1Cu2.5O7.54,0.0,new,2,1,G:parent-lacks-Cu(Ba2Nd2Fe4O11)
Y1Ba2Cu2.55Co0.45O7.26-MP-mp-1227472.cif,Y1Ba2Cu2.55Co0.45O7.26,0.0,new,2,1,C:Cu-ox-4.13
La1Ba2Cu2.5Co0.5O7.21-MP-mp-1223344.cif,La1Ba2Cu2.5Co0.5O7.21,0.0,new,2,1,G:anion-ratio--0.30(La3Co2CuO9)
Y1Ba2Cu2.1Co0.9O7.21-MP-mp-1228789.cif,Y1Ba2Cu2.1Co0.9O7.21,0.0,new,2,1,C:Cu-ox-4.96
Y1Ba2Cu2.2Fe0.8O7.25-MP-mp-505589.cif,Y1Ba2Cu2.2Fe0.8O7.25,0.0,new,2,1,C:Cu-ox-4.77
Y1Ba2Cu2.5Fe0.5O7.23-MP-mp-505589.cif,Y1Ba2Cu2.5Fe0.5O7.23,0.0,new,2,1,C:Cu-ox-4.18
Y1Ba2Cu2.5Fe0.5O7.241-MP-mp-505589.cif,Y1Ba2Cu2.5Fe0.5O7.241,0.0,new,2,1,C:Cu-ox-4.19
Y1Ba2Cu2.445Co0.555O7.12-MP-mp-1227472.cif,Y1Ba2Cu2.445Co0.555O7.12,0.0,new,2,1,C:Cu-ox-4.19
Y1Ba2Cu2.3Co0.7O7.13-MP-mp-1227472.cif,Y1Ba2Cu2.3Co0.7O7.13,0.0,new,2,1,C:Cu-ox-4.46
Y1Ba2Cu2.2Co0.8O7.18-MP-mp-1228789.cif,Y1Ba2Cu2.2Co0.8O7.18,0.0,new,2,1,C:Cu-ox-4.71
Y1Ba2Cu2.5Fe0.5O7.2-MP-mp-505589.cif,Y1Ba2Cu2.5Fe0.5O7.2,0.0,new,2,1,C:Cu-ox-4.16
Y1Ba2Cu2.52Co0.48O7.051-MP-mp-1227472.cif,Y1Ba2Cu2.52Co0.48O7.051,0.0,new,2,1,C:Cu-ox-4.01
Y1Ba2Cu2.5Co0.5O7.05-MP-mp-1227472.cif,Y1Ba2Cu2.5Co0.5O7.05,0.0,new,2,1,C:Cu-ox-4.04
Pr1Ba2Cu2.4Co0.6O7.08-MP-mp-1228571.cif,Pr1Ba2Cu2.4Co0.6O7.08,0.0,new,2,1,G:parent-lacks-Cu(Ba2Pr2Co4O11)
Y1Ba2Cu2.4Co0.6O7.08-MP-mp-1227472.cif,Y1Ba2Cu2.4Co0.6O7.08,0.0,new,2,1,C:Cu-ox-4.23
Y1Ba2Cu2.4Co0.6O7.07-MP-mp-1227472.cif,Y1Ba2Cu2.4Co0.6O7.07,0.0,new,2,1,C:Cu-ox-4.23
Y1Ba2Cu2.28Co0.72O7.1-MP-mp-1227472.cif,Y1Ba2Cu2.28Co0.72O7.1,0.0,new,2,1,C:Cu-ox-4.47
Y1Ba2Cu2.2Co0.8O7.07-MP-mp-1228789.cif,Y1Ba2Cu2.2Co0.8O7.07,0.0,new,2,1,C:Cu-ox-4.61
Y1Ba2Cu2.52Fe0.48O7.08-MP-mp-505589.cif,Y1Ba2Cu2.52Fe0.48O7.08,0.0,new,2,1,C:Cu-ox-4.03
Dy1Ba2Cu2.6Fe0.4O7.09-MP-mp-1207068.cif,Dy1Ba2Cu2.6Fe0.4O7.09,0.0,new,2,1,C:Cu-ox-3.92
Y0.6Pr0.4Ba2Cu2.7Fe0.3O7.1-MP-mp-1206136.cif,Y0.6Pr0.4Ba2Cu2.7Fe0.3O7.1,0.0,new,2,1,C:Cu-ox-3.33
Tl1Ba2Ca0.2Gd0.8Cu2O7-MP-mp-632802.cif,Tl1Ba2Ca0.2Gd0.8Cu2O7,0.0,new,2,1,C:Cu-ox-3.60
Tl1Ba2Ca0.5Y0.5Cu2O7-MP-mp-654374.cif,Tl1Ba2Ca0.5Y0.5Cu2O7,0.0,new,2,1,C:Cu-ox-4.50
Tl1Ba2Ca0.6Gd0.4Cu2O7-MP-mp-632802.cif,Tl1Ba2Ca0.6Gd0.4Cu2O7,0.0,new,2,1,C:Cu-ox-3.80
Tl1Ba2Ca0.6Nd0.4Cu2O7-MP-mp-1228402.cif,Tl1Ba2Ca0.6Nd0.4Cu2O7,0.0,new,2,1,C:Cu-ox-3.80
Y1Ba2Cu2.6Co0.4O6.95-MP-mp-1227472.cif,Y1Ba2Cu2.6Co0.4O6.95,0.0,new,2,1,C:Cu-ox-3.81
Pr1Ba2Cu2.6Co0.4O7.02-MP-mp-1228571.cif,Pr1Ba2Cu2.6Co0.4O7.02,0.0,new,2,1,G:parent-lacks-Cu(Ba2Pr2Co4O11)
Y1Ba2Cu2.58Co0.42O7.019-MP-mp-1227472.cif,Y1Ba2Cu2.58Co0.42O7.019,0.0,new,2,1,C:Cu-ox-3.89
Y1Ba2Cu2.55Co0.45O7-MP-mp-1227472.cif,Y1Ba2Cu2.55Co0.45O7,0.0,new,2,1,C:Cu-ox-3.92
Y1Ba2Cu2.5Co0.5O6.99-MP-mp-1227472.cif,Y1Ba2Cu2.5Co0.5O6.99,0.0,new,2,1,C:Cu-ox-3.99
Y1Ba2Cu2.35Co0.65O6.99-MP-mp-1227472.cif,Y1Ba2Cu2.35Co0.65O6.99,0.0,new,2,1,C:Cu-ox-4.25
Tl1Ba2Gd1Cu2O7-MP-mp-6027.cif,Tl1Ba2Gd1Cu2O7,0.0,new,2,1,C:Cu-ox-3.50
Tl1Ba2Nd1Cu2O6.96-MP-mp-1228402.cif,Tl1Ba2Nd1Cu2O6.96,0.0,new,2,1,C:Cu-ox-3.46
Tl1Ba2Pr1Cu2O7-MP-mp-6027.cif,Tl1Ba2Pr1Cu2O7,0.0,new,2,1,C:Cu-ox-3.50
Dy1Ba2Cu2.6Zn0.4O6.95-MP-mp-622105.cif,Dy1Ba2Cu2.6Zn0.4O6.95,0.0,new,2,1,C:Cu-ox-3.50
Dy1Ba2Cu2.7Zn0.3O6.99-MP-mp-622105.cif,Dy1Ba2Cu2.7Zn0.3O6.99,0.0,new,2,1,C:Cu-ox-3.47
Y1Ba2Cu2.7Fe0.3O6.96-MP-mp-20674.cif,Y1Ba2Cu2.7Fe0.3O6.96,0.0,new,2,1,C:Cu-ox-3.67
Y1Ba2Cu2.7Ni0.3O7-MP-mp-20674.cif,Y1Ba2Cu2.7Ni0.3O7,0.0,new,2,1,C:Cu-ox-3.48
Y1Ba2Cu2.7Zn0.3O6.97-MP-mp-20674.cif,Y1Ba2Cu2.7Zn0.3O6.97,0.0,new,2,1,C:Cu-ox-3.46
Y1Ba2Cu2.73Zn0.27O7-MP-mp-20674.cif,Y1Ba2Cu2.73Zn0.27O7,0.0,new,2,1,C:Cu-ox-3.47
Tb1Ba2Cu3O7-MP-mp-772788.cif,Tb1Ba2Cu3O7,0.0,new,2,1,C:Cu-ox-3.33
Y1Ba2Cu2.6Fe0.4O7.024-MP-mp-505589.cif,Y1Ba2Cu2.6Fe0.4O7.024,0.0,new,2,1,C:Cu-ox-3.86
Y1Ba2Cu2.61Co0.39O6.91-MP-mp-1227472.cif,Y1Ba2Cu2.61Co0.39O6.91,0.0,new,2,1,C:Cu-ox-3.76
Y1Ba2Cu2.2Co0.8O6.91-MP-mp-1214571.cif,Y1Ba2Cu2.2Co0.8O6.91,0.0,new,2,1,C:Cu-ox-4.46
Y1Ba2Cu2.4V0.6O6.9-MP-mp-1042482.cif,Y1Ba2Cu2.4V0.6O6.9,0.0,new,2,1,C:Cu-ox-4.08
Er1Ba2Cu2.52Zn0.3Fe0.18O6.91-MP-mp-622110.cif,Er1Ba2Cu2.52Zn0.3Fe0.18O6.91,0.0,new,2,1,C:Cu-ox-3.66
Er1Ba2Cu2.58Zn0.24Fe0.18O6.94-MP-mp-622110.cif,Er1Ba2Cu2.58Zn0.24Fe0.18O6.94,0.0,new,2,1,C:Cu-ox-3.64
Er1Ba2Cu2.61Zn0.3Fe0.09O6.9-MP-mp-622110.cif,Er1Ba2Cu2.61Zn0.3Fe0.09O6.9,0.0,new,2,1,C:Cu-ox-3.52
Dy1Ba2Cu2.7Zn0.3O6.9-MP-mp-622105.cif,Dy1Ba2Cu2.7Zn0.3O6.9,0.0,new,2,1,C:Cu-ox-3.41
Y1Ba2Cu2.7Zn0.3O6.89-MP-mp-20674.cif,Y1Ba2Cu2.7Zn0.3O6.89,0.0,new,2,1,C:Cu-ox-3.40
Y1Ba2Cu2.79Zn0.21O6.9-MP-mp-20674.cif,Y1Ba2Cu2.79Zn0.21O6.9,0.0,new,2,1,C:Cu-ox-3.36
Y1Ba2Cu2.826Zn0.174O6.89-MP-mp-20674.cif,Y1Ba2Cu2.826Zn0.174O6.89,0.0,new,2,1,C:Cu-ox-3.34
Y1Ba2Cu2.883Zn0.117O6.9-MP-mp-20674.cif,Y1Ba2Cu2.883Zn0.117O6.9,0.0,new,2,1,C:Cu-ox-3.32
Y1Ba2Cu2.841Zn0.159O6.89-MP-mp-20674.cif,Y1Ba2Cu2.841Zn0.159O6.89,0.0,new,2,1,C:Cu-ox-3.33
Er1Ba2Cu2.55Zn0.45O6.8-MP-mp-1214708.cif,Er1Ba2Cu2.55Zn0.45O6.8,0.0,new,2,1,C:Cu-ox-3.41
Y1Ba2Cu2.7Zn0.3O6.85-MP-mp-20674.cif,Y1Ba2Cu2.7Zn0.3O6.85,0.0,new,2,1,C:Cu-ox-3.37
Nd1Ba1.5La0.5O6.64-MP-mp-1182576.cif,Nd1Ba1.5La0.5O6.64,0.0,new,2,1,G:anion-ratio--7.79(BaO10)
Dy1Ba2Cu2.85Ga0.15O6.74-MP-mp-622105.cif,Dy1Ba2Cu2.85Ga0.15O6.74,0.0,new,2,1,C:Cu-ox-3.33
Y1Ba2Cu2.8Fe0.2O6.7-MP-mp-1228425.cif,Y1Ba2Cu2.8Fe0.2O6.7,0.0,new,2,1,C:Cu-ox-3.36
Er1Ba2Cu2Co1O6.64-MP-mp-1214699.cif,Er1Ba2Cu2Co1O6.64,0.0,new,2,1,C:Cu-ox-4.64
Y1Ba2Cu2.655Co0.345O7.29-MP-mp-1227472.cif,Y1Ba2Cu2.655Co0.345O7.29,0.0,new,2,1,C:Cu-ox-3.98
Y1Ba2Cu2.43Co0.57O7.34-MP-mp-1227472.cif,Y1Ba2Cu2.43Co0.57O7.34,0.0,new,2,1,C:Cu-ox-4.40
Y1Ba2Cu2.2Co0.8O7.3-MP-mp-1227472.cif,Y1Ba2Cu2.2Co0.8O7.3,0.0,new,2,1,C:Cu-ox-4.82
Ba3Pb2BiO7-MP-mp-1228457.cif,Ba3Pb2BiO7,0.0,new,2,1,G:anion-ratio--0.33(Ba3BiPb2O9)
Ba1Pb1O1-MP-mp-22230.cif,Ba1Pb1O1,0.0,new,2,1,G:anion-ratio--1.00(BaPbO3)
La0.75Pr0.25Ba22Nb1O8-MP-mp-17412.cif,La0.75Pr0.25Ba22Nb1O8,0.0,new,2,1,G:anion-ratio--1.00(BaPr2O4)
Bi0.33Cu2.67Sr2Y1O6.88-MP-mp-1046226.cif,Bi0.33Cu2.67Sr2Y1O6.88,0.0,new,2,1,C:Cu-ox-3.66
Bi0.5La0.5Y1Sr1Cu2O6.04-MP-mp-1218269.cif,Bi0.5La0.5Y1Sr1Cu2O6.04,0.0,new,2,1,C:Cu-ox-4.29
Bi1.6Pb0.25V0.15Sr2Ca2Cu3O9.91-MP-mp-1209015.cif,Bi1.6Pb0.25V0.15Sr2Ca2Cu3O9.91,0.0,new,2,1,C:Cu-ox-3.94
Bi1.6Pb0.3V0.1Sr2Ca2Cu3O9.92-MP-mp-1209015.cif,Bi1.6Pb0.3V0.1Sr2Ca2Cu3O9.92,0.0,new,2,1,C:Cu-ox-3.95
Bi2Sr2Pr1.64Ce0.36Cu2O10.27-MP-mp-1520951.cif,Bi2Sr2Pr1.64Ce0.36Cu2O10.27,0.0,new,2,1,C:Cu-ox-5.09
Na0.4Bi1Ta2S5-MP-mp-10014.cif,Na0.4Bi1Ta2S5,0.0,new,2,1,G:anion-ratio--0.53(TaS2)
Bi2Sr2Tb1.64Ce0.36Cu2O10.26-MP-mp-1520951.cif,Bi2Sr2Tb1.64Ce0.36Cu2O10.26,0.0,new,2,1,C:Cu-ox-7.54
Bi2Sr2Ca0.4Y0.6Cu2I1O8-MP-mp-1209124.cif,Bi2Sr2Ca0.4Y0.6Cu2I1O8,0.0,new,2,1,C:Cu-ox-5.60
Bi2Sr2Ca1Cu2I0.47O8.28-MP-mp-1209124.cif,Bi2Sr2Ca1Cu2I0.47O8.28,0.0,new,2,1,C:Cu-ox-5.28
Bi4Sr3Ca1Tm2Cu4O17.18-MP-mp-1218884.cif,Bi4Sr3Ca1Tm2Cu4O17.18,0.0,new,2,1,C:Cu-ox-6.59
Bi2Sr2Ca0.1Pr0.9Cu2O8.53-MP-mp-1218884.cif,Bi2Sr2Ca0.1Pr0.9Cu2O8.53,0.0,new,2,1,C:Cu-ox-5.08
Bi2Sr2Ca0.2Pr0.8Cu2O8.458-MP-mp-1218884.cif,Bi2Sr2Ca0.2Pr0.8Cu2O8.458,0.0,new,2,1,C:Cu-ox-5.06
Bi2Sr2Ca1Cu2I0.23O8.28-MP-mp-1209124.cif,Bi2Sr2Ca1Cu2I0.23O8.28,0.0,new,2,1,C:Cu-ox-5.28
Bi2Sr2Ca0.2Gd0.8Cu2O8-MP-mp-1218930.cif,Bi2Sr2Ca0.2Gd0.8Cu2O8,0.0,new,2,1,C:Cu-ox-4.60
Bi2Sr2Ca0.4Gd0.6Cu2O8-MP-mp-1218930.cif,Bi2Sr2Ca0.4Gd0.6Cu2O8,0.0,new,2,1,C:Cu-ox-4.70
Bi2Sr2Ca0.4Pr0.6Cu2O8-MP-mp-1218930.cif,Bi2Sr2Ca0.4Pr0.6Cu2O8,0.0,new,2,1,C:Cu-ox-4.70
Bi2Sr2Ca0.3Gd0.7Cu2O8-MP-mp-1218930.cif,Bi2Sr2Ca0.3Gd0.7Cu2O8,0.0,new,2,1,C:Cu-ox-4.65
Bi2Sr2Ca0.5Er0.5Cu2O8-MP-mp-1218930.cif,Bi2Sr2Ca0.5Er0.5Cu2O8,0.0,new,2,1,C:Cu-ox-5.50
Bi2Sr2Ca0.5Gd0.5Cu2O8-MP-mp-1218930.cif,Bi2Sr2Ca0.5Gd0.5Cu2O8,0.0,new,2,1,C:Cu-ox-4.75
Bi2Sr2Ca0.5Pr0.5Cu2O8-MP-mp-1218930.cif,Bi2Sr2Ca0.5Pr0.5Cu2O8,0.0,new,2,1,C:Cu-ox-4.75
Bi2Sr2Ca1Cu2O7.93-MP-mp-1218930.cif,Bi2Sr2Ca1Cu2O7.93,0.0,new,2,1,C:Cu-ox-4.93
Bi2Sr2Ca1Cu2O7.965-MP-mp-1218930.cif,Bi2Sr2Ca1Cu2O7.965,0.0,new,2,1,C:Cu-ox-4.96
Bi2Sr2Ca1Cu2O7.975-MP-mp-1218930.cif,Bi2Sr2Ca1Cu2O7.975,0.0,new,2,1,C:Cu-ox-4.97
Bi1.5Pb0.5Sr2Cu1O5.959-MP-mp-555827.cif,Bi1.5Pb0.5Sr2Cu1O5.959,0.0,new,2,1,C:Cu-ox-7.92
Bi2Sr2Ca0.3Pr0.7Cu2O8.411-MP-mp-1218884.cif,Bi2Sr2Ca0.3Pr0.7Cu2O8.411,0.0,new,2,1,C:Cu-ox-5.06
Bi2Sr2Ca0.4Pr0.6Cu2O8.373-MP-mp-1218884.cif,Bi2Sr2Ca0.4Pr0.6Cu2O8.373,0.0,new,2,1,C:Cu-ox-5.07
Bi4Sr3Ca1.5Tm1.5Cu4O16.88-MP-mp-1218884.cif,Bi4Sr3Ca1.5Tm1.5Cu4O16.88,0.0,new,2,1,C:Cu-ox-6.19
Bi2Sr1.3Eu0.7Cu1O6.408-MP-mp-1517598.cif,Bi2Sr1.3Eu0.7Cu1O6.408,0.0,new,2,1,C:Cu-ox-8.12
Bi2Sr1.3Gd0.7Cu1O6.402-MP-mp-1218715.cif,Bi2Sr1.3Gd0.7Cu1O6.402,0.0,new,2,1,C:Cu-ox-8.10
Bi2Sr1.3Tb0.7Cu1O6.399-MP-mp-1218715.cif,Bi2Sr1.3Tb0.7Cu1O6.399,0.0,new,2,1,C:Cu-ox-10.20
Bi2Sr1.3Pr0.7Cu1O6.412-MP-mp-1218715.cif,Bi2Sr1.3Pr0.7Cu1O6.412,0.0,new,2,1,C:Cu-ox-8.12
Bi2Sr1.6Gd0.4Cu1O6.328-MP-mp-1218715.cif,Bi2Sr1.6Gd0.4Cu1O6.328,0.0,new,2,1,C:Cu-ox-8.26
Bi2Sr1.6Tb0.4Cu1O6.331-MP-mp-1218715.cif,Bi2Sr1.6Tb0.4Cu1O6.331,0.0,new,2,1,C:Cu-ox-9.46
Bi1.09Ta1S3.09-MP-mp-10014.cif,Bi1.09Ta1S3.09,0.0,new,2,1,G:anion-ratio--0.52(TaS2)
Ca1.9Na0.1Cu1Br1Cl1O2-MP-mp-545481.cif,Ca1.9Na0.1Cu1Br1Cl1O2,0.0,new,2,1,C:Cu-ox-0.10
Mo6Te5Br3-MP-mp-29190.cif,Mo6Te5Br3,0.0,new,2,1,G:anion-ratio--3.67(Te4MoBr)
Sr1Na1Cu1C1O5-MP-mp-1198030.cif,Sr1Na1Cu1C1O5,0.0,new,2,1,C:Cu-ox-7.00
C60P2F12-MP-mp-1210382.cif,C60P2F12,0.0,new,2,1,G:anion-ratio--0.70(PC18F17)
Y0.92Ca0.08Sr2Cu2.5Fe0.5O6.74-MP-mp-1218669.cif,Y0.92Ca0.08Sr2Cu2.5Fe0.5O6.74,0.0,new,2,1,C:Cu-ox-3.73
Tl1Sr1.9Ca0.1Yb1Cu2O7-MP-mp-20824.cif,Tl1Sr1.9Ca0.1Yb1Cu2O7,0.0,new,2,1,C:Cu-ox-5.00
Hg0.5Fe0.5Sr2Y0.9Ca0.1Cu2O6.75-MP-mp-1042547.cif,Hg0.5Fe0.5Sr2Y0.9Ca0.1Cu2O6.75,0.0,new,2,1,C:Cu-ox-4.65
Y0.9Ca0.1Sr2Cu2.5Fe0.5O6.75-MP-mp-1218669.cif,Y0.9Ca0.1Sr2Cu2.5Fe0.5O6.75,0.0,new,2,1,C:Cu-ox-3.72
Y0.88Ca0.12Sr2Cu2.5Fe0.5O6.67-MP-mp-1218669.cif,Y0.88Ca0.12Sr2Cu2.5Fe0.5O6.67,0.0,new,2,1,C:Cu-ox-3.64
Tl1Sr2Ca0.2Gd0.8Cu2O7-MP-mp-20824.cif,Tl1Sr2Ca0.2Gd0.8Cu2O7,0.0,new,2,1,C:Cu-ox-3.60
Y0.65Ca0.35Sr2Cu2Ga1O6.94-MP-mp-1218712.cif,Y0.65Ca0.35Sr2Cu2Ga1O6.94,0.0,new,2,1,C:Cu-ox-4.59
Pb2Sr2Cm0.5Ca0.5Cu3O8-MP-mp-1218738.cif,Pb2Sr2Cm0.5Ca0.5Cu3O8,0.0,new,2,1,C:Cu-ox-3.67
Pb0.5Sr2Y0.6Ca0.4Cu2.5O6.99-MP-mp-1208525.cif,Pb0.5Sr2Y0.6Ca0.4Cu2.5O6.99,0.0,new,2,1,C:Cu-ox-3.67
Pb0.5Cd0.5Sr2Ca0.5Y0.5Cu2O7-MP-mp-1208525.cif,Pb0.5Cd0.5Sr2Ca0.5Y0.5Cu2O7,0.0,new,2,1,C:Cu-ox-4.50
Tl1.2Sr2Ca0.8Cu2O6.934-MP-mp-20824.cif,Tl1.2Sr2Ca0.8Cu2O6.934,0.0,new,2,1,C:Cu-ox-4.13
Tl1Sr1Ca1Yb1Cu2O6.8-MP-mp-20824.cif,Tl1Sr1Ca1Yb1Cu2O6.8,0.0,new,2,1,C:Cu-ox-4.80
Tl1Sr2Ca1Cu2O6.78-MP-mp-20824.cif,Tl1Sr2Ca1Cu2O6.78,0.0,new,2,1,C:Cu-ox-3.78
Ca0.79Sr0.21Gd1Cu1Cl1O3-MP-mp-23102.cif,Ca0.79Sr0.21Gd1Cu1Cl1O3,0.0,new,2,1,C:Cu-ox-1.00
Ca0.8Sr0.2Eu1Cu1Cl1O3-MP-mp-23102.cif,Ca0.8Sr0.2Eu1Cu1Cl1O3,0.0,new,2,1,C:Cu-ox-1.00
Ca1Er1Cu1Cl1O3-MP-mp-23143.cif,Ca1Er1Cu1Cl1O3,0.0,new,2,1,C:Cu-ox-4.00
Ca1Eu1Cu1Cl1O3-MP-mp-23143.cif,Ca1Eu1Cu1Cl1O3,0.0,new,2,1,C:Cu-ox-1.00
Ca1Gd1Cu1Cl1O3-MP-mp-23143.cif,Ca1Gd1Cu1Cl1O3,0.0,new,2,1,C:Cu-ox-1.00
Ca1Y1Cu1Cl1O3-MP-mp-23143.cif,Ca1Y1Cu1Cl1O3,0.0,new,2,1,C:Cu-ox-4.00
Ca1Cu1Cl2O2-MP-mp-23143.cif,Ca1Cu1Cl2O2,0.0,new,2,1,G:anion-ratio-+0.67(Ca2Cu(ClO)2)
Ca4Gd2Cu3Cl4O8-MP-mp-23143.cif,Ca4Gd2Cu3Cl4O8,0.0,new,2,1,C:Cu-ox-0.67
Ca1.9Na0.1Ca1Cu2Cl2O4-MP-mp-23095.cif,Ca1.9Na0.1Ca1Cu2Cl2O4,0.0,new,2,1,C:Cu-ox-1.05
Ca1Fe0.95Co0.05F1-MP-mp-1398496.cif,Ca1Fe0.95Co0.05F1,0.0,new,2,1,G:anion-ratio--2.50(CaCoF6)
Nd1.295Y0.555Ce0.15Cu1O4-MP-mp-4158.cif,Nd1.295Y0.555Ce0.15Cu1O4,0.0,new,2,1,C:Cu-ox-3.52
Pr1.295Y0.555Ce0.15Cu1O4-MP-mp-4181.cif,Pr1.295Y0.555Ce0.15Cu1O4,0.0,new,2,1,C:Cu-ox-3.52
Eu2.17Ce0.5Sr1.33Cu2.75Fe0.25O9.11-MP-mp-2898735.cif,Eu2.17Ce0.5Sr1.33Cu2.75Fe0.25O9.11,0.0,new,2,1,G:parent-lacks-Cu(SrEu2Fe2O7)
Cu0.75Fe0.25Sr2Y1.3Ce0.7Cu2O8.49-MP-mp-1218645.cif,Cu0.75Fe0.25Sr2Y1.3Ce0.7Cu2O8.49,0.0,new,2,1,C:Cu-ox-3.70
Y1.34Ce0.66Sr2Cu1Fe1O8-MP-mp-1218662.cif,Y1.34Ce0.66Sr2Cu1Fe1O8,0.0,new,2,1,C:Cu-ox-9.36
Sr1Nd1Cu1Cl1O3-MP-mp-23102.cif,Sr1Nd1Cu1Cl1O3,0.0,new,2,1,C:Cu-ox-1.00
Mo6Te6Cl2-MP-mp-2767093.cif,Mo6Te6Cl2,0.0,new,2,1,G:anion-ratio--17.67(Te3MoCl16)
Cm1.85Th0.15Cu1O4-MP-mp-1187487.cif,Cm1.85Th0.15Cu1O4,0.0,new,2,1,C:Cu-ox-8.00
Cm2Cu1O4-MP-mp-760432.cif,Cm2Cu1O4,0.0,new,2,1,C:Cu-ox-8.00
Y1Sr2Cu2.6Co0.4O6.8-MP-mp-542434.cif,Y1Sr2Cu2.6Co0.4O6.8,0.0,new,2,1,C:Cu-ox-3.69
Y1Sr2Cu2.6Co0.4O6.5-MP-mp-542434.cif,Y1Sr2Cu2.6Co0.4O6.5,0.0,new,2,1,C:Cu-ox-3.46
La1.55Sr0.45Cu0.7Co0.3O4-MP-mp-1218244.cif,La1.55Sr0.45Cu0.7Co0.3O4,0.0,new,2,1,C:Cu-ox-3.50
Co2Mo6S6O2-MP-mp-19379.cif,Co2Mo6S6O2,0.0,new,2,1,G:anion-ratio--4.00(CoSO4)
Fe0.8Co0.2Se1-MP-mp-1025235.cif,Fe0.8Co0.2Se1,0.0,new,2,1,G:anion-ratio--0.33(Fe(CoSe2)2)
Y1Sr2Cu2.8Cr0.2O7-MP-mp-985569.cif,Y1Sr2Cu2.8Cr0.2O7,0.0,new,2,1,C:Cu-ox-3.57
Y1Sr2Cu2.75Cr0.25O7.1-MP-mp-1218600.cif,Y1Sr2Cu2.75Cr0.25O7.1,0.0,new,2,1,C:Cu-ox-3.71
Y1Sr2Cu2.7Cr0.3O7.1-MP-mp-1218600.cif,Y1Sr2Cu2.7Cr0.3O7.1,0.0,new,2,1,C:Cu-ox-3.78
La1.4Sr1.6Mn1.9Cu0.1O7-MP-mp-698710.cif,La1.4Sr1.6Mn1.9Cu0.1O7,0.0,new,2,1,C:Cu-ox-66.00
La1.4Sr1.6Mn1.6Cu0.4O7-MP-mp-698797.cif,La1.4Sr1.6Mn1.6Cu0.4O7,0.0,new,2,1,C:Cu-ox-16.50
La0.5Sr1.5Cu0.25Fe0.75O3.8-MP-mp-1218202.cif,La0.5Sr1.5Cu0.25Fe0.75O3.8,0.0,new,2,1,C:Cu-ox-12.40
La1.25Sr0.75Cu0.4Fe0.6O4-MP-mp-1218202.cif,La1.25Sr0.75Cu0.4Fe0.6O4,0.0,new,2,1,C:Cu-ox-6.88
La1.35Sr0.65Cu0.5Fe0.5O4-MP-mp-1218202.cif,La1.35Sr0.65Cu0.5Fe0.5O4,0.0,new,2,1,C:Cu-ox-5.30
La1Sr1Cu0.5Fe0.5O3.9-MP-mp-1218202.cif,La1Sr1Cu0.5Fe0.5O3.9,0.0,new,2,1,C:Cu-ox-5.60
La1Sr1Cu0.5Mn0.5O3.99-MP-mp-1173270.cif,La1Sr1Cu0.5Mn0.5O3.99,0.0,new,2,1,C:Cu-ox-5.96
La1.45Sr0.55Cu0.6Fe0.4O4-MP-mp-1218202.cif,La1.45Sr0.55Cu0.6Fe0.4O4,0.0,new,2,1,C:Cu-ox-4.25
La1.45Sr0.55Cu0.6Ga0.4O4-MP-mp-1218202.cif,La1.45Sr0.55Cu0.6Ga0.4O4,0.0,new,2,1,C:Cu-ox-4.25
La1.21Sr0.79Cu0.68Mn0.32O4-MP-mp-1173270.cif,La1.21Sr0.79Cu0.68Mn0.32O4,0.0,new,2,1,C:Cu-ox-4.10
La0.85Sr1.15Ga1Cu1O4.98-MP-mp-1173173.cif,La0.85Sr1.15Ga1Cu1O4.98,0.0,new,2,1,C:Cu-ox-5.11
Tl1Sr1.6La0.4Cu1O5-MP-mp-1218170.cif,Tl1Sr1.6La0.4Cu1O5,0.0,new,2,1,C:Cu-ox-5.60
Tl1Sr1.4La0.6Cu1O5-MP-mp-1218170.cif,Tl1Sr1.4La0.6Cu1O5,0.0,new,2,1,C:Cu-ox-5.40
Sr2Cu1F2.6O2-MP-mp-1147566.cif,Sr2Cu1F2.6O2,0.0,new,2,1,C:Cu-ox--0.00
Ru1Sr1.9La0.1Eu1Cu2O8-MP-mp-1173178.cif,Ru1Sr1.9La0.1Eu1Cu2O8,0.0,new,2,1,C:Cu-ox-4.45
Ru0.6Nb0.4Sr2Eu1Cu2O8-MP-mp-16786.cif,Ru0.6Nb0.4Sr2Eu1Cu2O8,0.0,new,2,1,C:Cu-ox-4.50
Ru1Sr2Gd0.65Nd0.35Cu2O8-MP-mp-1194240.cif,Ru1Sr2Gd0.65Nd0.35Cu2O8,0.0,new,2,1,C:Cu-ox-4.50
Nb1Sr2Gd1Cu2O8-MP-mp-1218633.cif,Nb1Sr2Gd1Cu2O8,0.0,new,2,1,C:Cu-ox-4.50
Cu1Ir1Pt1Se4-MP-mp-1115.cif,Cu1Ir1Pt1Se4,0.0,new,2,1,G:anion-ratio--0.67(PtSe2)
Cu1Ir1.2Pt0.8Se4-MP-mp-1115.cif,Cu1Ir1.2Pt0.8Se4,0.0,new,2,1,G:anion-ratio--0.67(PtSe2)
Cu1Ir2Se4-MP-mp-1361.cif,Cu1Ir2Se4,0.0,new,2,1,G:anion-ratio--0.67(IrSe2)
Nb1Sr2Pr1Cu2O8.01-MP-mp-1218633.cif,Nb1Sr2Pr1Cu2O8.01,0.0,new,2,1,C:Cu-ox-4.51
Tl1Sr2Gd1Cu2O7-MP-mp-620290.cif,Tl1Sr2Gd1Cu2O7,0.0,new,2,1,C:Cu-ox-3.50
Pr2Cu1O3.49-MP-mp-4181.cif,Pr2Cu1O3.49,0.0,new,2,1,C:Cu-ox-0.98
Tl1Sr2Tb1Cu2O7-MP-mp-620290.cif,Tl1Sr2Tb1Cu2O7,0.0,new,2,1,C:Cu-ox-5.00
Tl1Sr2Yb1Cu2O7-MP-mp-620290.cif,Tl1Sr2Yb1Cu2O7,0.0,new,2,1,C:Cu-ox-5.00
Hg0.5Fe0.5Sr2Y1Cu2O6.77-MP-mp-1042547.cif,Hg0.5Fe0.5Sr2Y1Cu2O6.77,0.0,new,2,1,C:Cu-ox-4.77
La2Cu1O3.67-MP-mp-1077929.cif,La2Cu1O3.67,0.0,new,2,1,C:Cu-ox-1.34
Sr2Dy1Cu2F1O5-MP-mp-1232334.cif,Sr2Dy1Cu2F1O5,0.0,new,2,1,G:anion-ratio--0.40(Sr3Cu2(OF)4)
Sr2Er1Cu2F1O5-MP-mp-1232334.cif,Sr2Er1Cu2F1O5,0.0,new,2,1,G:anion-ratio--0.40(Sr3Cu2(OF)4)
Sr2Gd1Cu2F1O5-MP-mp-1232334.cif,Sr2Gd1Cu2F1O5,0.0,new,2,1,G:anion-ratio--0.40(Sr3Cu2(OF)4)
Sr2Y1Cu2F1O5-MP-mp-1232334.cif,Sr2Y1Cu2F1O5,0.0,new,2,1,G:anion-ratio--0.40(Sr3Cu2(OF)4)
Sr2Yb1Cu2F1O5-MP-mp-1232334.cif,Sr2Yb1Cu2F1O5,0.0,new,2,1,G:anion-ratio--0.40(Sr3Cu2(OF)4)
La1.5Sr0.5Cu1.5Fe0.5O3.94-MP-mp-1173271.cif,La1.5Sr0.5Cu1.5Fe0.5O3.94,0.0,new,2,1,G:anion-ratio--0.27(Sr2La6FeCu7O20)
Pb0.5Sr2Y1Cu2.5O6.98-MP-mp-1208525.cif,Pb0.5Sr2Y1Cu2.5O6.98,0.0,new,2,1,C:Cu-ox-3.98
La1.55Sr0.45Cu0.7Fe0.3O4-MP-mp-1218244.cif,La1.55Sr0.45Cu0.7Fe0.3O4,0.0,new,2,1,C:Cu-ox-3.50
La1.55Sr0.45Cu0.7Ga0.3O4-MP-mp-1218244.cif,La1.55Sr0.45Cu0.7Ga0.3O4,0.0,new,2,1,C:Cu-ox-3.50
La1.25Sr0.75Cu0.7Mn0.3O4-MP-mp-1173270.cif,La1.25Sr0.75Cu0.7Mn0.3O4,0.0,new,2,1,C:Cu-ox-3.93
Y1Sr2Cu2.6Ga0.4O6.8-MP-mp-556575.cif,Y1Sr2Cu2.6Ga0.4O6.8,0.0,new,2,1,C:Cu-ox-3.69
Y1Sr2Cu2.6Ga0.4O6.7-MP-mp-556575.cif,Y1Sr2Cu2.6Ga0.4O6.7,0.0,new,2,1,C:Cu-ox-3.62
Y1Sr2Cu2.7Ti0.3O7.098-MP-mp-1046189.cif,Y1Sr2Cu2.7Ti0.3O7.098,0.0,new,2,1,C:Cu-ox-3.78
Y1Sr2Cu2.7Ti0.3O7.123-MP-mp-1046189.cif,Y1Sr2Cu2.7Ti0.3O7.123,0.0,new,2,1,C:Cu-ox-3.79
Y1Sr2Cu2.75V0.25O6.7-MP-mp-985569.cif,Y1Sr2Cu2.75V0.25O6.7,0.0,new,2,1,C:Cu-ox-3.42
Y1Sr2Cu2.8V0.2O6.8-MP-mp-985569.cif,Y1Sr2Cu2.8V0.2O6.8,0.0,new,2,1,C:Cu-ox-3.43
Sr2Cu2Mn1S2O2-MP-mp-551219.cif,Sr2Cu2Mn1S2O2,0.0,new,2,1,C:Cu-ox--0.00
Cu0.287Ti0.573O0.14-MP-mp-22432.cif,Cu0.287Ti0.573O0.14,0.0,new,2,1,C:Cu-ox-0.98
Sr14Cu24O41-MP-mp-13900.cif,Sr14Cu24O41,0.0,new,2,1,G:anion-ratio-+0.41(Sr(CuO)2)
Y2Cu5O5-MP-mp-22618.cif,Y2Cu5O5,0.0,new,2,1,G:anion-ratio--0.62(Y(CuO2)2)
Sr0.5Eu0.4Nb1O3-MP-mp-1516448.cif,Sr0.5Eu0.4Nb1O3,0.0,new,2,1,G:anion-ratio--0.42(SrEuNb4O12)
Sr0.3Eu0.6Nb1O3-MP-mp-1201130.cif,Sr0.3Eu0.6Nb1O3,0.0,new,2,1,G:anion-ratio--0.42(EuNb2O6)
Sr0.1Eu0.8Nb1O3-MP-mp-1201130.cif,Sr0.1Eu0.8Nb1O3,0.0,new,2,1,G:anion-ratio--0.42(EuNb2O6)
Yb1S1Eu1S1-MP-mp-1103738.cif,Yb1S1Eu1S1,0.0,new,2,1,G:anion-ratio--0.33(Eu3S4)
Li0.8Fe1.2Se0.92S0.08H1O1-MP-mp-943462.cif,Li0.8Fe1.2Se0.92S0.08H1O1,0.0,new,2,1,G:anion-ratio--2.00(LiFeHSO5)
Li0.8Fe1.2Se0.1S0.9H1O1-MP-mp-943462.cif,Li0.8Fe1.2Se0.1S0.9H1O1,0.0,new,2,1,G:anion-ratio--2.00(LiFeHSO5)
Li0.8Fe1.2S0.41H1O1-MP-mp-943462.cif,Li0.8Fe1.2S0.41H1O1,0.0,new,2,1,G:anion-ratio--2.29(LiFeHSO5)
Fe0.8Ni0.2Se1-MP-mp-1225243.cif,Fe0.8Ni0.2Se1,0.0,new,2,1,G:anion-ratio--1.00(Fe4NiSe10)
Fe1.14Te0.1-MP-mp-19880.cif,Fe1.14Te0.1,0.0,new,2,1,G:anion-ratio--1.91(FeTe2)
Ge0.22H0.16Nb1-MP-mp-1181222.cif,Ge0.22H0.16Nb1,0.0,new,2,1,G:anion-ratio--3.87(GeH4)
Hf2In1N1-MP-mp-1224388.cif,Hf2In1N1,0.0,new,2,1,G:anion-ratio--0.33(Hf3N2)
In0.3W1O3-MP-mp-2383161.cif,In0.3W1O3,0.0,new,2,1,G:anion-ratio--0.69(WO3)
In2Te1-MP-mp-1197742.cif,In2Te1,0.0,new,2,1,G:anion-ratio--2.00(In2Te5)
Ir0.75Pt0.25Te2-MP-mp-1217357.cif,Ir0.75Pt0.25Te2,0.0,new,2,1,G:anion-ratio--0.67(Te8Ir3)
Ir1S1-MP-mp-1101826.cif,Ir1S1,0.0,new,2,1,G:anion-ratio--1.67(Ir3S8)
La1.14Nb1S3.14-MP-mp-10033.cif,La1.14Nb1S3.14,0.0,new,2,1,G:anion-ratio--0.53(NbS2)
La2.4Te4Y0.6-MP-mp-1078612.cif,La2.4Te4Y0.6,0.0,new,2,1,G:anion-ratio--1.67(LaTe3)
Li0.5Nb1S2-MP-mp-7936.cif,Li0.5Nb1S2,0.0,new,2,1,G:anion-ratio-+0.33(LiNbS2)
Mo2Re4S2-MP-mp-1434.cif,Mo2Re4S2,0.0,new,2,1,G:anion-ratio--1.67(MoS2)
Mo4.66Rh1.33Te8-MP-mp-1217429.cif,Mo4.66Rh1.33Te8,0.0,new,2,1,G:anion-ratio--0.44(Te16Rh9)
Mo5.25Nb0.75Te8-MP-mp-11675.cif,Mo5.25Nb0.75Te8,0.0,new,2,1,G:anion-ratio--0.67(NbTe2)
Ni2Mo6S6O2-MP-mp-18749.cif,Ni2Mo6S6O2,0.0,new,2,1,G:anion-ratio--4.00(NiSO4)
Mo5.25Ta0.75Te8-MP-mp-1967.cif,Mo5.25Ta0.75Te8,0.0,new,2,1,G:anion-ratio--0.67(TaTe2)
Mo6S6O2-MP-mp-565836.cif,Mo6S6O2,0.0,new,2,1,G:anion-ratio--5.67(MoSO6)
N6Tb1-MP-mp-2117.cif,N6Tb1,0.0,new,2,1,G:anion-ratio-+5.00(TbN)
Na0.3Re1O3-MP-mp-5558.cif,Na0.3Re1O3,0.0,new,2,1,G:anion-ratio-+0.31(NaReO4)
Sm1.15Nb1S3.15-MP-mp-10033.cif,Sm1.15Nb1S3.15,0.0,new,2,1,G:anion-ratio--0.53(NbS2)
Nb2Pd1S1Se4-MP-mp-1080466.cif,Nb2Pd1S1Se4,0.0,new,2,1,G:anion-ratio--0.33(Nb2PdS6)
Nb2Pd1S2Se3-MP-mp-1080466.cif,Nb2Pd1S2Se3,0.0,new,2,1,G:anion-ratio--0.33(Nb2PdS6)
Nb3S1.7Se2.3-MP-mp-1220413.cif,Nb3S1.7Se2.3,0.0,new,2,1,G:anion-ratio--0.67(NbSeS)
Nb1Se0.2Te0.8-MP-mp-11675.cif,Nb1Se0.2Te0.8,0.0,new,2,1,G:anion-ratio--1.00(NbTe2)
Sm2Ti2Sb2O3-MP-mp-13196.cif,Sm2Ti2Sb2O3,0.0,new,2,1,G:anion-ratio--1.50(SmSbO4)
S1W2-MP-mp-224.cif,S1W2,0.0,new,2,1,G:anion-ratio--1.50(WS2)
Sn1.16Ta2S5.16-MP-mp-10014.cif,Sn1.16Ta2S5.16,0.0,new,2,1,G:anion-ratio--0.37(TaS2)
S3Sb1-MP-mp-1065860.cif,S3Sb1,0.0,new,2,1,G:anion-ratio-+2.00(SbS)
Te2Th1-MP-mp-1025522.cif,Te2Th1,0.0,new,2,1,G:anion-ratio--1.00(ThTe3)
Y1Sr1.85Ba0.15Cu2.5B0.5O7-MP-icsd-63321.cif,Y1Sr1.85Ba0.15Cu2.5B0.5O7,0.0,new,2,1,C:Cu-ox-4.00
Y1Sr1.7Ba0.3Cu2.5B0.5O7-MP-icsd-63321.cif,Y1Sr1.7Ba0.3Cu2.5B0.5O7,0.0,new,2,1,C:Cu-ox-4.00
Pb0.5Sr1.8Ba0.2Y1Cu2.5O6.98-MP-icsd-63321.cif,Pb0.5Sr1.8Ba0.2Y1Cu2.5O6.98,0.0,new,2,1,C:Cu-ox-3.98
Tl1Ba0.8Ca0.2La1Cu1O5-MP-icsd-202628.cif,Tl1Ba0.8Ca0.2La1Cu1O5,0.0,new,2,1,C:Cu-ox-5.00
Tl1Ba1La1Cu1O5.17-MP-icsd-41494.cif,Tl1Ba1La1Cu1O5.17,0.0,new,2,1,C:Cu-ox-5.34
Y1Ba2Cu2.58Zn0.42O7-MP-icsd-63321.cif,Y1Ba2Cu2.58Zn0.42O7,0.0,new,2,1,C:Cu-ox-3.55
Y1Ba2Cu2.67Zn0.33O7-MP-icsd-63321.cif,Y1Ba2Cu2.67Zn0.33O7,0.0,new,2,1,C:Cu-ox-3.50
Y1Ba2Cu2.6Zn0.4O6.85-MP-icsd-63321.cif,Y1Ba2Cu2.6Zn0.4O6.85,0.0,new,2,1,C:Cu-ox-3.42
Bi2Sr2Ca0.2Y0.8Cu2O8.45-MP-icsd-173899.cif,Bi2Sr2Ca0.2Y0.8Cu2O8.45,0.0,new,2,1,C:Cu-ox-6.25
Bi2Sr2Gd1Cu2O8-MP-icsd-63210.cif,Bi2Sr2Gd1Cu2O8,0.0,new,2,1,C:Cu-ox-4.50
Bi2Sr2Ca0.2Y0.8Cu2O8.38-MP-icsd-173899.cif,Bi2Sr2Ca0.2Y0.8Cu2O8.38,0.0,new,2,1,C:Cu-ox-6.18
Bi2Sr2Ca0.25Y0.75Cu2O8.41-MP-icsd-173899.cif,Bi2Sr2Ca0.25Y0.75Cu2O8.41,0.0,new,2,1,C:Cu-ox-6.16
Pb2Sr2Y0.5Ca0.5Cu3O9.47-MP-icsd-86957.cif,Pb2Sr2Y0.5Ca0.5Cu3O9.47,0.0,new,2,1,C:Cu-ox-4.65
Pb2Sr2Y0.5Ca0.5Cu3O9.4-MP-icsd-86957.cif,Pb2Sr2Y0.5Ca0.5Cu3O9.4,0.0,new,2,1,C:Cu-ox-4.60
Pb2Sr2Y0.5Ca0.5Cu3O9-MP-icsd-86957.cif,Pb2Sr2Y0.5Ca0.5Cu3O9,0.0,new,2,1,C:Cu-ox-4.33
La1.25Dy0.75Cu1F0.5O3.75-MP-icsd-41494.cif,La1.25Dy0.75Cu1F0.5O3.75,0.0,new,2,1,C:Cu-ox-3.75
Pb2Sr2Y1Cu3O8.8-MP-icsd-86957.cif,Pb2Sr2Y1Cu3O8.8,0.0,new,2,1,C:Cu-ox-4.53
Pb2Sr2Y1Cu3O8.5-MP-icsd-86957.cif,Pb2Sr2Y1Cu3O8.5,0.0,new,2,1,C:Cu-ox-4.33
YBaCuFe0.95Mn0.05O5-MP-icsd-63321.cif,YBaCuFe0.95Mn0.05O5,0.0,new,2,1,C:Cu-ox-8.00
YBaCuFeO5-MP-icsd-63321.cif,YBaCuFeO5,0.0,new,2,1,C:Cu-ox-8.00
La0.7Ca0.3Mn0.9Cu0.1O3-MP-icsd-41494.cif,La0.7Ca0.3Mn0.9Cu0.1O3,0.0,new,2,1,C:Cu-ox-33.00
CuB2O4-MP-mp-4870.cif,CuB2O4,0.0,new,2,1,C:Cu-ox-8.00
Ca0.50Co0.50Cu2O3-MP-mp-1043073.cif,Ca0.50Co0.50Cu2O3,0.0,new,2,1,G:anion-ratio--0.50(CaCo4(CuO4)3)
La0.7Sr0.3Mn0.9Cu0.1O3-MP-icsd-41494.cif,La0.7Sr0.3Mn0.9Cu0.1O3,0.0,new,2,1,C:Cu-ox-33.00
CoFeCuO4-MP-mp-2767725.cif,CoFeCuO4,0.0,new,2,1,C:Cu-ox-8.00
Zn0.2Ni0.4Cu0.4Fe2O4-MP-mp-1225235.cif,Zn0.2Ni0.4Cu0.4Fe2O4,0.0,new,2,1,C:Cu-ox-17.00
Mg0.6Cu0.4Fe2O4-MP-mp-1222046.cif,Mg0.6Cu0.4Fe2O4,0.0,new,2,1,C:Cu-ox-20.00
CuFeO2-MP-mp-510281.cif,CuFeO2,0.0,new,2,1,C:Cu-ox-4.00
BaCu2V2O8-MP-mp-557454.cif,BaCu2V2O8,0.0,new,2,1,C:Cu-ox-7.00
Cu2GaBO5-MP-mp-4870.cif,Cu2GaBO5,0.0,new,2,1,C:Cu-ox-5.00
Cu2AlBO5-MP-mp-1228556.cif,Cu2AlBO5,0.0,new,2,1,C:Cu-ox-5.00
Cu2FeBO5-MP-mp-1225359.cif,Cu2FeBO5,0.0,new,2,1,C:Cu-ox-5.00
Cu0.97Ca0.03FeO2-MP-mp-510281.cif,Cu0.97Ca0.03FeO2,0.0,new,2,1,C:Cu-ox-4.06
Cu0.97Sr0.03FeO2-MP-mp-510281.cif,Cu0.97Sr0.03FeO2,0.0,new,2,1,C:Cu-ox-4.06
Cu0.97Ba0.03FeO2-MP-mp-510281.cif,Cu0.97Ba0.03FeO2,0.0,new,2,1,C:Cu-ox-4.06
Cu2Te2O5Br2-MP-mp-542807.cif,Cu2Te2O5Br2,0.0,new,2,1,C:Cu-ox-5.00
Cu2Te2O5Cl2-MP-mp-581276.cif,Cu2Te2O5Cl2,0.0,new,2,1,C:Cu-ox-5.00
CuV2O6-MP-mp-2234110.cif,CuV2O6,0.0,new,2,1,C:Cu-ox-12.00
Cu5Bi2B4O14-MP-mp-559620.cif,Cu5Bi2B4O14,0.0,new,2,1,C:Cu-ox-5.60
Cu0.5Zn0.5Fe2O4-MP-mp-1215656.cif,Cu0.5Zn0.5Fe2O4,0.0,new,2,1,C:Cu-ox-14.00
CaCu3Ti4O12-MP-mp-22592.cif,CaCu3Ti4O12,0.0,new,2,1,C:Cu-ox-7.33
La2CuMnO6-MP-icsd-41494.cif,La2CuMnO6,0.0,new,2,1,C:Cu-ox-6.00
Cu13Fe4V10O44-MP-mp-558156.cif,Cu13Fe4V10O44,0.0,new,2,1,C:Cu-ox-6.77
CuSb2O6-MP-mp-1188790.cif,CuSb2O6,0.0,new,2,1,C:Cu-ox-12.00
CuCr0.95Ti0.05O2-MP-mp-510625.cif,CuCr0.95Ti0.05O2,0.0,new,2,1,C:Cu-ox-4.00
La0.6Bi0.1Sr0.3Mn0.9Cu0.1O3-MP-icsd-41494.cif,La0.6Bi0.1Sr0.3Mn0.9Cu0.1O3,0.0,new,2,1,C:Cu-ox-36.00
La0.8Sr0.2Mn0.9Cu0.1O3-MP-icsd-41494.cif,La0.8Sr0.2Mn0.9Cu0.1O3,0.0,new,2,1,C:Cu-ox-32.00
CuMoO4-MP-mp-619545.cif,CuMoO4,0.0,new,2,1,C:Cu-ox-8.00
La0.67Sr0.23Cu0.10MnO3-MP-icsd-41494.cif,La0.67Sr0.23Cu0.10MnO3,0.0,new,2,1,C:Cu-ox-35.30
La0.67Sr0.18Cu0.15MnO3-MP-icsd-41494.cif,La0.67Sr0.18Cu0.15MnO3,0.0,new,2,1,C:Cu-ox-24.20
La0.67Sr0.20Cu0.10MnO3-MP-icsd-41494.cif,La0.67Sr0.20Cu0.10MnO3,0.0,new,2,1,C:Cu-ox-35.90
La0.67Sr0.15Cu0.15MnO3-MP-icsd-41494.cif,La0.67Sr0.15Cu0.15MnO3,0.0,new,2,1,C:Cu-ox-24.60
La0.7Sr0.3Cu0.15Mn0.85O3-MP-mp-738741.cif,La0.7Sr0.3Cu0.15Mn0.85O3,0.0,new,2,1,C:Cu-ox-22.00
LaSr2Mn1.9Cu0.1O7-MP-icsd-41494.cif,LaSr2Mn1.9Cu0.1O7,0.0,new,2,1,C:Cu-ox-70.00
LaSr2Mn1.85Cu0.15O7-MP-icsd-41494.cif,LaSr2Mn1.85Cu0.15O7,0.0,new,2,1,C:Cu-ox-46.67
LaSr2Mn1.8Cu0.2O7-MP-icsd-41494.cif,LaSr2Mn1.8Cu0.2O7,0.0,new,2,1,C:Cu-ox-35.00
CuFe2O4-MP-mp-770107.cif,CuFe2O4,0.0,new,2,1,C:Cu-ox-8.00
Cu0.75Zn0.25Fe2O4-MP-mp-1215656.cif,Cu0.75Zn0.25Fe2O4,0.0,new,2,1,C:Cu-ox-10.00
CuMnO2-MP-mp-510589.cif,CuMnO2,0.0,new,2,1,C:Cu-ox-4.00
Cu6Ge6O18-MP-mp-561216.cif,Cu6Ge6O18,0.0,new,2,1,C:Cu-ox-6.00
NiFe1.6Sn0.2Cu0.2O4-MP-mp-1225235.cif,NiFe1.6Sn0.2Cu0.2O4,0.0,new,2,1,C:Cu-ox-30.00
NiFe1.4Sn0.3Cu0.3O4-MP-mp-1225235.cif,NiFe1.4Sn0.3Cu0.3O4,0.0,new,2,1,C:Cu-ox-20.00
La0.95Ca0.05Mn0.9Cu0.1O3-MP-icsd-41494.cif,La0.95Ca0.05Mn0.9Cu0.1O3,0.0,new,2,1,C:Cu-ox-30.50
La0.8Ca0.2Mn0.9Cu0.1O3-MP-icsd-41494.cif,La0.8Ca0.2Mn0.9Cu0.1O3,0.0,new,2,1,C:Cu-ox-32.00
La0.6Ca0.4Mn0.9Cu0.1O3-MP-icsd-41494.cif,La0.6Ca0.4Mn0.9Cu0.1O3,0.0,new,2,1,C:Cu-ox-34.00
Bi4Cu3V2O14-MP-mp-557876.cif,Bi4Cu3V2O14,0.0,new,2,1,C:Cu-ox-9.33
Dy2Cu2O5-MP-mp-771141.cif,Dy2Cu2O5,0.0,new,2,1,C:Cu-ox-5.00
Ca3CuRhO6-MP-mp-558434.cif,Ca3CuRhO6,0.0,new,2,1,C:Cu-ox-6.00
Cu2OSeO3-MP-mp-560561.cif,Cu2OSeO3,0.0,new,2,1,C:Cu-ox-4.00
CuFeOPO4-MP-mp-505811.cif,CuFeOPO4,0.0,new,2,1,C:Cu-ox-10.00
Cu2V2O7-MP-mp-542860.cif,Cu2V2O7,0.0,new,2,1,C:Cu-ox-7.00
Cu3B2O6-MP-mp-1226691.cif,Cu3B2O6,0.0,new,2,1,C:Cu-ox-4.00
Cu3Nb2O8-MP-mp-1103953.cif,Cu3Nb2O8,0.0,new,2,1,C:Cu-ox-5.33
CuCr0.9V0.1O2-MP-mp-510625.cif,CuCr0.9V0.1O2,0.0,new,2,1,C:Cu-ox-4.00
CuCr0.8V0.2O2-MP-mp-510625.cif,CuCr0.8V0.2O2,0.0,new,2,1,C:Cu-ox-4.00
CuCr0.7V0.3O2-MP-mp-510625.cif,CuCr0.7V0.3O2,0.0,new,2,1,C:Cu-ox-4.00
CuCr0.6V0.4O2-MP-mp-1216431.cif,CuCr0.6V0.4O2,0.0,new,2,1,C:Cu-ox-4.00
CuCr0.5V0.5O2-MP-mp-1216431.cif,CuCr0.5V0.5O2,0.0,new,2,1,C:Cu-ox-4.00
CuCr0.95Mn0.05O2-MP-mp-510625.cif,CuCr0.95Mn0.05O2,0.0,new,2,1,C:Cu-ox-4.00
CuCr0.9Mn0.1O2-MP-mp-510625.cif,CuCr0.9Mn0.1O2,0.0,new,2,1,C:Cu-ox-4.00
CuCr0.8Mn0.2O2-MP-mp-510625.cif,CuCr0.8Mn0.2O2,0.0,new,2,1,C:Cu-ox-4.00
CuCr0.97Mg0.03O2-MP-mp-510625.cif,CuCr0.97Mg0.03O2,0.0,new,2,1,C:Cu-ox-4.00
CuFe0.97Ga0.03O2-MP-mp-510281.cif,CuFe0.97Ga0.03O2,0.0,new,2,1,C:Cu-ox-4.00
CuFe0.95Ga0.05O2-MP-mp-510281.cif,CuFe0.95Ga0.05O2,0.0,new,2,1,C:Cu-ox-4.00
Lu2Ba2CuPtO8-MP-mp-1214855.cif,Lu2Ba2CuPtO8,0.0,new,2,1,C:Cu-ox-12.00
Er2Ba2CuPtO8-MP-mp-1214824.cif,Er2Ba2CuPtO8,0.0,new,2,1,C:Cu-ox-12.00
Dy2BaCuO5-MP-mp-22550.cif,Dy2BaCuO5,0.0,new,2,1,C:Cu-ox-8.00
Er2BaCuO5-MP-mp-505808.cif,Er2BaCuO5,0.0,new,2,1,C:Cu-ox-8.00
Gd2CuMnO6-MP-mp-1181730.cif,Gd2CuMnO6,0.0,new,2,1,C:Cu-ox-6.00
Tb2CuO4-MP-mp-1187321.cif,Tb2CuO4,0.0,new,2,1,C:Cu-ox-8.00
GdSr2CoCu2O7-MP-mp-560285.cif,GdSr2CoCu2O7,0.0,new,2,1,C:Cu-ox-3.50
KCu5V3O13-MP-mp-563041.cif,KCu5V3O13,0.0,new,2,1,C:Cu-ox-5.00
La0.65Ce0.05Sr0.3Mn0.9Cu0.1O3-MP-icsd-41494.cif,La0.65Ce0.05Sr0.3Mn0.9Cu0.1O3,0.0,new,2,1,C:Cu-ox-32.50
La0.7Ba0.25Nd0.05Mn0.97Cu0.03O3-MP-icsd-41494.cif,La0.7Ba0.25Nd0.05Mn0.97Cu0.03O3,0.0,new,2,1,C:Cu-ox-108.33
La0.7Ba0.25Nd0.05Mn0.95Cu0.05O3-MP-icsd-41494.cif,La0.7Ba0.25Nd0.05Mn0.95Cu0.05O3,0.0,new,2,1,C:Cu-ox-65.00
La0.7Ba0.25Nd0.05Mn0.93Cu0.07O3-MP-icsd-41494.cif,La0.7Ba0.25Nd0.05Mn0.93Cu0.07O3,0.0,new,2,1,C:Cu-ox-46.43
La1.8Sr0.2CuRuO6-MP-mp-1173178.cif,La1.8Sr0.2CuRuO6,0.0,new,2,1,C:Cu-ox-6.20
LaSrCuRuO6-MP-mp-1173178.cif,LaSrCuRuO6,0.0,new,2,1,C:Cu-ox-7.00
LaCu3Fe2TiSbO12-MP-mp-1105546.cif,LaCu3Fe2TiSbO12,0.0,new,2,1,C:Cu-ox-7.00
CaCu3Fe2Sb2O12-MP-mp-1194983.cif,CaCu3Fe2Sb2O12,0.0,new,2,1,C:Cu-ox-7.33
CaCu3Fe2Re2O12-MP-mp-1043124.cif,CaCu3Fe2Re2O12,0.0,new,2,1,C:Cu-ox-7.33
LiCuVO4-MP-mp-505131.cif,LiCuVO4,0.0,new,2,1,C:Cu-ox-7.00
Na3Cu2SbO6-MP-mp-12860.cif,Na3Cu2SbO6,0.0,new,2,1,C:Cu-ox-4.50
PbCuPO4F-MP-mp-21533.cif,PbCuPO4F,0.0,new,2,1,C:Cu-ox-8.00
Pr2CuMnO6-MP-mp-559926.cif,Pr2CuMnO6,0.0,new,2,1,C:Cu-ox-6.00
Sm2CuMnO6-MP-mp-561515.cif,Sm2CuMnO6,0.0,new,2,1,C:Cu-ox-6.00
SrLaCu0.5Ru0.5O4-MP-icsd-41494.cif,SrLaCu0.5Ru0.5O4,0.0,new,2,1,C:Cu-ox-6.00
Sr1.5La0.5Cu0.5Ru0.5O4-MP-icsd-41494.cif,Sr1.5La0.5Cu0.5Ru0.5O4,0.0,new,2,1,C:Cu-ox-7.00
Sr2CuO2Cl2-MP-mp-23102.cif,Sr2CuO2Cl2,0.0,new,2,1,C:Cu-ox--0.00
Sr2CuOsO6-MP-mp-546295.cif,Sr2CuOsO6,0.0,new,2,1,C:Cu-ox-8.00
Sr2MnO2Cu1.5Se2-MP-mp-1218497.cif,Sr2MnO2Cu1.5Se2,0.0,new,2,1,C:Cu-ox--0.00
BaLaCuOsO6-MP-mp-1078741.cif,BaLaCuOsO6,0.0,new,2,1,C:Cu-ox-7.00
SrLaCuOsO6-MP-mp-546295.cif,SrLaCuOsO6,0.0,new,2,1,C:Cu-ox-7.00
Tl4CuTeO6-MP-mp-1191858.cif,Tl4CuTeO6,0.0,new,2,1,C:Cu-ox-12.00
Y2CuTiO6-MP-mp-1216142.cif,Y2CuTiO6,0.0,new,2,1,C:Cu-ox-12.00
Zn0.90Cu0.05Li0.05O-MP-mp-2133.cif,Zn0.90Cu0.05Li0.05O,0.0,new,2,1,G:parent-lacks-Cu(ZnO)
Zn0.87Cu0.08Li0.05O-MP-mp-2133.cif,Zn0.87Cu0.08Li0.05O,0.0,new,2,1,G:parent-lacks-Cu(ZnO)
ZnCuV2O7-MP-mp-1216520.cif,ZnCuV2O7,0.0,new,2,1,C:Cu-ox-12.00
BaCuP2O7-MP-mp-8851.cif,BaCuP2O7,0.0,new,2,1,C:Cu-ox-12.00
CaCuP2O7-MP-mp-14694.cif,CaCuP2O7,0.0,new,2,1,C:Cu-ox-12.00
SrCuP2O7-MP-mp-14931.cif,SrCuP2O7,0.0,new,2,1,C:Cu-ox-12.00
PbCuP2O7-MP-mp-21533.cif,PbCuP2O7,0.0,new,2,1,C:Cu-ox-14.00
Ca4CuMn2O9-MP-mp-510570.cif,Ca4CuMn2O9,0.0,new,2,1,C:Cu-ox-10.00
Sr4CuMn2O9-MP-mp-1218681.cif,Sr4CuMn2O9,0.0,new,2,1,C:Cu-ox-10.00
CaCuMn6O12-MP-mp-510570.cif,CaCuMn6O12,0.0,new,2,1,C:Cu-ox-22.00
CaCu2Mn5O12-MP-mp-510570.cif,CaCu2Mn5O12,0.0,new,2,1,C:Cu-ox-11.00
CaCu3Mn4O12-MP-mp-510570.cif,CaCu3Mn4O12,0.0,new,2,1,C:Cu-ox-7.33
CaCu2.5Mn4.5O12-MP-mp-510570.cif,CaCu2.5Mn4.5O12,0.0,new,2,1,C:Cu-ox-8.80
TbCu3Mn4O12-MP-mp-1208349.cif,TbCu3Mn4O12,0.0,new,2,1,C:Cu-ox-8.00
CeCu3Mn4O12-MP-mp-1106150.cif,CeCu3Mn4O12,0.0,new,2,1,C:Cu-ox-6.67
ThCu3Mn4O12-MP-mp-648519.cif,ThCu3Mn4O12,0.0,new,2,1,C:Cu-ox-8.00
Ti0.80Cu0.20O2-MP-mp-1103016.cif,Ti0.80Cu0.20O2,0.0,new,2,1,C:Cu-ox-20.00
Zn0.97Cu0.03O-MP-mp-2133.cif,Zn0.97Cu0.03O,0.0,new,2,1,G:parent-lacks-Cu(ZnO)
Cu0.5Ni0.5Fe2O4-MP-mp-1225235.cif,Cu0.5Ni0.5Fe2O4,0.0,new,2,1,C:Cu-ox-14.00
Cu0.7Cd0.3Fe2O4-MP-mp-770107.cif,Cu0.7Cd0.3Fe2O4,0.0,new,2,1,C:Cu-ox-11.43
CuMn2O4-MP-mp-1275201.cif,CuMn2O4,0.0,new,2,1,C:Cu-ox-8.00
Cu4Te5O12Cl4-MP-mp-558364.cif,Cu4Te5O12Cl4,0.0,new,2,1,C:Cu-ox-6.00
Cu3.9Fe3.4V6O24-MP-mp-558156.cif,Cu3.9Fe3.4V6O24,0.0,new,2,1,C:Cu-ox-12.31
Cu3Fe4V6O24-MP-mp-558156.cif,Cu3Fe4V6O24,0.0,new,2,1,C:Cu-ox-16.00
Cu3TeO6-MP-mp-21861.cif,Cu3TeO6,0.0,new,2,1,C:Cu-ox-4.00
CuCr0.95Al0.05O2-MP-mp-510625.cif,CuCr0.95Al0.05O2,0.0,new,2,1,C:Cu-ox-4.00
CuCr0.95Co0.05O2-MP-mp-510625.cif,CuCr0.95Co0.05O2,0.0,new,2,1,C:Cu-ox-4.00
CuCr0.95Rh0.05O2-MP-mp-510625.cif,CuCr0.95Rh0.05O2,0.0,new,2,1,C:Cu-ox-4.00
CuCr0.95Sc0.05O2-MP-mp-510625.cif,CuCr0.95Sc0.05O2,0.0,new,2,1,C:Cu-ox-4.00
CuFe0.965Ga0.035O2-MP-mp-510281.cif,CuFe0.965Ga0.035O2,0.0,new,2,1,C:Cu-ox-4.00
CuFe0.92Ga0.08O2-MP-mp-510281.cif,CuFe0.92Ga0.08O2,0.0,new,2,1,C:Cu-ox-4.00
CuFe0.878Ga0.122O2-MP-mp-510281.cif,CuFe0.878Ga0.122O2,0.0,new,2,1,C:Cu-ox-4.00
CuFe0.95Rh0.05O2-MP-mp-510281.cif,CuFe0.95Rh0.05O2,0.0,new,2,1,C:Cu-ox-4.00
CuRh2O4-MP-mp-4409.cif,CuRh2O4,0.0,new,2,1,C:Cu-ox-8.00
GdBaCuFeO5-MP-mp-1206575.cif,GdBaCuFeO5,0.0,new,2,1,C:Cu-ox-5.00
La0.65Ca0.30Pb0.05Mn0.90Cu0.10O3-MP-icsd-41494.cif,La0.65Ca0.30Pb0.05Mn0.90Cu0.10O3,0.0,new,2,1,C:Cu-ox-34.50
La0.67Ca0.33Mn0.85Cu0.15O3-MP-icsd-41494.cif,La0.67Ca0.33Mn0.85Cu0.15O3,0.0,new,2,1,C:Cu-ox-22.20
La0.7Sr0.3Mn0.95Cu0.10O3-MP-icsd-41494.cif,La0.7Sr0.3Mn0.95Cu0.10O3,0.0,new,2,1,C:Cu-ox-33.00
SeCuO3-MP-mp-560049.cif,SeCuO3,0.0,new,2,1,C:Cu-ox-6.00
LaCr0.5Cu0.5O3-MP-icsd-41494.cif,LaCr0.5Cu0.5O3,0.0,new,2,1,C:Cu-ox-6.00
LuCu3Mn4O12-MP-mp-1105980.cif,LuCu3Mn4O12,0.0,new,2,1,C:Cu-ox-8.00
LuFeCuO4-MP-mp-1222330.cif,LuFeCuO4,0.0,new,2,1,C:Cu-ox-8.00
DyBa2Cu3O7-MP-mp-622105.cif,DyBa2Cu3O7,0.0,new,2,1,C:Cu-ox-3.33
Sr2Cu2CoO2S2-MP-mp-7112.cif,Sr2Cu2CoO2S2,0.0,new,2,1,C:Cu-ox--0.00
Zn0.9Cu0.1O-MP-mp-2133.cif,Zn0.9Cu0.1O,0.0,new,2,1,G:parent-lacks-Cu(ZnO)
Ni0.38Zn0.2Cu0.42Fe2O4-MP-mp-1225235.cif,Ni0.38Zn0.2Cu0.42Fe2O4,0.0,new,2,1,C:Cu-ox-16.29
Ni0.35Zn0.2Cu0.45Fe2O4-MP-mp-1225235.cif,Ni0.35Zn0.2Cu0.45Fe2O4,0.0,new,2,1,C:Cu-ox-15.33
Ni0.3Zn0.2Cu0.5Fe2O4-MP-mp-1215656.cif,Ni0.3Zn0.2Cu0.5Fe2O4,0.0,new,2,1,C:Cu-ox-14.00
Ni0.25Zn0.2Cu0.55Fe2O4-MP-mp-1215656.cif,Ni0.25Zn0.2Cu0.55Fe2O4,0.0,new,2,1,C:Cu-ox-12.91
Ni0.2Zn0.2Cu0.6Fe2O4-MP-mp-1215656.cif,Ni0.2Zn0.2Cu0.6Fe2O4,0.0,new,2,1,C:Cu-ox-12.00
Cu0.4Cd0.2Ni0.4Fe2O4-MP-mp-1225235.cif,Cu0.4Cd0.2Ni0.4Fe2O4,0.0,new,2,1,C:Cu-ox-18.00
Cu0.8Zn0.2Fe2O4-MP-mp-1215656.cif,Cu0.8Zn0.2Fe2O4,0.0,new,2,1,C:Cu-ox-9.50
Cu0.97Ho0.03FeO2-MP-mp-510281.cif,Cu0.97Ho0.03FeO2,0.0,new,2,1,C:Cu-ox-4.12
Cu0.95Ho0.05FeO2-MP-mp-510281.cif,Cu0.95Ho0.05FeO2,0.0,new,2,1,C:Cu-ox-4.21
Cu0.92Ho0.08FeO2-MP-mp-510281.cif,Cu0.92Ho0.08FeO2,0.0,new,2,1,C:Cu-ox-4.35
Cu0.9Zn0.1Ga0.3Fe1.7O4-MP-mp-770107.cif,Cu0.9Zn0.1Ga0.3Fe1.7O4,0.0,new,2,1,C:Cu-ox-8.67
Cu0.8Zn0.2Ga0.3Fe1.7O4-MP-mp-770107.cif,Cu0.8Zn0.2Ga0.3Fe1.7O4,0.0,new,2,1,C:Cu-ox-9.50
Cu0.7Zn0.3Ga0.3Fe1.7O4-MP-mp-1215656.cif,Cu0.7Zn0.3Ga0.3Fe1.7O4,0.0,new,2,1,C:Cu-ox-10.57
Cu0.6Zn0.4Ga0.3Fe1.7O4-MP-mp-1215656.cif,Cu0.6Zn0.4Ga0.3Fe1.7O4,0.0,new,2,1,C:Cu-ox-12.00
Cu0.5Zn0.5Ga0.3Fe1.7O4-MP-mp-1215656.cif,Cu0.5Zn0.5Ga0.3Fe1.7O4,0.0,new,2,1,C:Cu-ox-14.00
CuFe0.92Rh0.08O2-MP-mp-510281.cif,CuFe0.92Rh0.08O2,0.0,new,2,1,C:Cu-ox-4.00
CuFe0.85Rh0.15O2-MP-mp-510281.cif,CuFe0.85Rh0.15O2,0.0,new,2,1,C:Cu-ox-4.00
InGaCuO4-MP-mp-1223748.cif,InGaCuO4,0.0,new,2,1,C:Cu-ox-8.00
La0.6Bi0.1Sr0.2Ca0.1Mn0.9Cu0.1O3-MP-mp-698710.cif,La0.6Bi0.1Sr0.2Ca0.1Mn0.9Cu0.1O3,0.0,new,2,1,C:Cu-ox-36.00
La0.77Sr0.23Mn0.9Cu0.1O3-MP-icsd-41494.cif,La0.77Sr0.23Mn0.9Cu0.1O3,0.0,new,2,1,C:Cu-ox-32.30
La0.77Sr0.23Mn0.8Cu0.2O3-MP-icsd-41494.cif,La0.77Sr0.23Mn0.8Cu0.2O3,0.0,new,2,1,C:Cu-ox-16.15
La0.77Sr0.23Mn0.7Cu0.3O3-MP-icsd-41494.cif,La0.77Sr0.23Mn0.7Cu0.3O3,0.0,new,2,1,C:Cu-ox-10.77
La0.77Sr0.23Mn0.6Cu0.4O3-MP-icsd-41494.cif,La0.77Sr0.23Mn0.6Cu0.4O3,0.0,new,2,1,C:Cu-ox-8.07
La0.77Sr0.23Mn0.5Cu0.5O3-MP-icsd-41494.cif,La0.77Sr0.23Mn0.5Cu0.5O3,0.0,new,2,1,C:Cu-ox-6.46
La0.7Sr0.25Na0.05Mn0.9Cu0.1O3-MP-icsd-41494.cif,La0.7Sr0.25Na0.05Mn0.9Cu0.1O3,0.0,new,2,1,C:Cu-ox-33.50
La0.7Sr0.25Na0.05Mn0.85Cu0.15O3-MP-mp-738741.cif,La0.7Sr0.25Na0.05Mn0.85Cu0.15O3,0.0,new,2,1,C:Cu-ox-22.33
La0.7Sr0.25Na0.05Mn0.8Cu0.2O3-MP-mp-738741.cif,La0.7Sr0.25Na0.05Mn0.8Cu0.2O3,0.0,new,2,1,C:Cu-ox-16.75
La1.95Ba0.05CuSnO6-MP-mp-14735.cif,La1.95Ba0.05CuSnO6,0.0,new,2,1,C:Cu-ox-6.05
La1.90Ba0.10CuSnO6-MP-mp-14735.cif,La1.90Ba0.10CuSnO6,0.0,new,2,1,C:Cu-ox-6.10
La1.85Ba0.15CuSnO6-MP-mp-14735.cif,La1.85Ba0.15CuSnO6,0.0,new,2,1,C:Cu-ox-6.15
La1.80Ba0.20CuSnO6-MP-mp-14735.cif,La1.80Ba0.20CuSnO6,0.0,new,2,1,C:Cu-ox-6.20
La2CuTiO6-MP-icsd-41494.cif,La2CuTiO6,0.0,new,2,1,C:Cu-ox-6.00
La3Ni1.75Cu0.25TaO9-MP-icsd-41494.cif,La3Ni1.75Cu0.25TaO9,0.0,new,2,1,C:Cu-ox-22.00
La3Ni1.75Cu0.25NbO9-MP-icsd-41494.cif,La3Ni1.75Cu0.25NbO9,0.0,new,2,1,C:Cu-ox-22.00
La3Ni1.5Cu0.5NbO9-MP-icsd-41494.cif,La3Ni1.5Cu0.5NbO9,0.0,new,2,1,C:Cu-ox-12.00
PrCu0.7Zn0.3O3-MP-mp-1186515.cif,PrCu0.7Zn0.3O3,0.0,new,2,1,C:Cu-ox-3.43
CuGa0.6Al0.6Fe0.8O4-MP-mp-1045728.cif,CuGa0.6Al0.6Fe0.8O4,0.0,new,2,1,C:Cu-ox-8.00
La0.845Sr0.155Mn0.9Cu0.1O3-MP-mp-738741.cif,La0.845Sr0.155Mn0.9Cu0.1O3,0.0,new,2,1,C:Cu-ox-31.55
La0.67Ca0.33Mn0.95Cu0.15O3-MP-icsd-41494.cif,La0.67Ca0.33Mn0.95Cu0.15O3,0.0,new,2,1,C:Cu-ox-22.20
TlSr2LuCu2O7-MP-mp-620290.cif,TlSr2LuCu2O7,0.0,new,2,1,C:Cu-ox-5.00
TlSr2NdCu2O7-MP-icsd-39476.cif,TlSr2NdCu2O7,0.0,new,2,1,C:Cu-ox-3.50
TlBa2DyCu2O7-MP-mp-6027.cif,TlBa2DyCu2O7,0.0,new,2,1,C:Cu-ox-5.00
Zn0.6Cu0.4Fe2O4-MP-mp-1215656.cif,Zn0.6Cu0.4Fe2O4,0.0,new,2,1,C:Cu-ox-17.00
Zn0.4Ni0.2Cu0.4Fe2O4-MP-mp-1215656.cif,Zn0.4Ni0.2Cu0.4Fe2O4,0.0,new,2,1,C:Cu-ox-17.00
BiCu3Mn4O12-MP-mp-1210616.cif,BiCu3Mn4O12,0.0,new,2,1,C:Cu-ox-8.00
NiFeCuO4-MP-mp-1225235.cif,NiFeCuO4,0.0,new,2,1,C:Cu-ox-6.00
Cu0.94Fe0.06CrO2-MP-mp-510625.cif,Cu0.94Fe0.06CrO2,0.0,new,2,1,C:Cu-ox-4.26
Cu3Nd(SeO3)2O2Cl-MP-mp-572807.cif,Cu3Nd(SeO3)2O2Cl,0.0,new,2,1,C:Cu-ox-4.33
Cu3Bi(SeO3)2O2Cl-MP-mp-505104.cif,Cu3Bi(SeO3)2O2Cl,0.0,new,2,1,C:Cu-ox-5.33
Cu3Bi(SeO3)2O2Br-MP-mp-628637.cif,Cu3Bi(SeO3)2O2Br,0.0,new,2,1,C:Cu-ox-5.33
Cu2(OH)3HCO2-MP-mp-1192779.cif,Cu2(OH)3HCO2,0.0,new,2,1,C:Cu-ox-5.00
Cu2(OH)3Br-MP-mp-1193617.cif,Cu2(OH)3Br,0.0,new,2,1,G:anion-ratio--10.50(CuH8(BrO2)2)
Sr2Cu(Re0.69Ca0.31)O6-MP-mp-21652.cif,Sr2Cu(Re0.69Ca0.31)O6,0.0,new,2,1,C:Cu-ox-7.38
Cu(OH)2-MP-mp-505105.cif,Cu(OH)2,0.0,new,2,1,C:Cu-ox-4.00
Cu3Bi(TeO3)2O2Cl-MP-mp-572778.cif,Cu3Bi(TeO3)2O2Cl,0.0,new,2,1,C:Cu-ox-5.33
Cu0.73Ni0.27(HSeO3)2-MP-mp-24164.cif,Cu0.73Ni0.27(HSeO3)2,0.0,new,2,1,C:Cu-ox-15.70
Sr2Cu(PO4)2-MP-mp-10950.cif,Sr2Cu(PO4)2,0.0,new,2,1,C:Cu-ox-12.00
Ba2Cu(PO4)2-MP-mp-9372.cif,Ba2Cu(PO4)2,0.0,new,2,1,C:Cu-ox-12.00
Cu(Cr0.85Fe0.15)O2-MP-mp-510625.cif,Cu(Cr0.85Fe0.15)O2,0.0,new,2,1,C:Cu-ox-4.00
Cu(Cr0.85Mn0.15)O2-MP-mp-510625.cif,Cu(Cr0.85Mn0.15)O2,0.0,new,2,1,C:Cu-ox-4.00
Y2(Cu0.95Mg0.05)2O5-MP-mp-510475.cif,Y2(Cu0.95Mg0.05)2O5,0.0,new,2,1,C:Cu-ox-5.26
Y2(Cu0.85Mg0.15)2O5-MP-mp-1216257.cif,Y2(Cu0.85Mg0.15)2O5,0.0,new,2,1,C:Cu-ox-5.88
YBa2(Cu0.85Fe0.15)3O6.67-MP-icsd-63321.cif,YBa2(Cu0.85Fe0.15)3O6.67,0.0,new,2,1,C:Cu-ox-3.66
YBa2(Cu0.9Fe0.1)3O7.01-MP-icsd-63321.cif,YBa2(Cu0.9Fe0.1)3O7.01,0.0,new,2,1,C:Cu-ox-3.71
YBa2(Cu0.87Fe0.13)3O7.14-MP-icsd-63321.cif,YBa2(Cu0.87Fe0.13)3O7.14,0.0,new,2,1,C:Cu-ox-3.94
BaCu2(PO4)2-MP-mp-654359.cif,BaCu2(PO4)2,0.0,new,2,1,C:Cu-ox-7.00
SrCu2(PO4)2-MP-mp-582585.cif,SrCu2(PO4)2,0.0,new,2,1,C:Cu-ox-7.00
PbCu2(PO4)2-MP-mp-582882.cif,PbCu2(PO4)2,0.0,new,2,1,C:Cu-ox-8.00
Co1.7Cu0.3(OH)AsO4-MP-mp-1226214.cif,Co1.7Cu0.3(OH)AsO4,0.0,new,2,1,C:Cu-ox-33.33
KCuFe(PO4)2-MP-mp-1199970.cif,KCuFe(PO4)2,0.0,new,2,1,C:Cu-ox-15.00
LiCuFe2(VO4)3-MP-mp-766078.cif,LiCuFe2(VO4)3,0.0,new,2,1,C:Cu-ox-23.00
NaCuFe2(VO4)3-MP-mp-1173562.cif,NaCuFe2(VO4)3,0.0,new,2,1,C:Cu-ox-23.00
Cu3(PO4)2-MP-mp-4093.cif,Cu3(PO4)2,0.0,new,2,1,C:Cu-ox-5.33
Cu(Cr0.94Fe0.06)O2-MP-mp-510625.cif,Cu(Cr0.94Fe0.06)O2,0.0,new,2,1,C:Cu-ox-4.00
Cd0.5Cu0.5Cr2O4-MP-mp-1226224.cif,Cd0.5Cu0.5Cr2O4,0.0,new,2,1,C:Cu-ox-16.00
CuPrO2-MP-mp-13694.cif,CuPrO2,0.0,new,2,1,C:Cu-ox-1.00
CuNdO2-MP-mp-4886.cif,CuNdO2,0.0,new,2,1,C:Cu-ox-1.00
Cu4O2.5-MP-mp-1022728.cif,Cu4O2.5,0.0,new,2,1,C:Cu-ox-1.25
Ba(TiO)Cu4(PO4)4-MP-mp-1195143.cif,Ba(TiO)Cu4(PO4)4,0.0,new,2,1,C:Cu-ox-8.00
Sr(TiO)Cu4(PO4)4-MP-mp-1195138.cif,Sr(TiO)Cu4(PO4)4,0.0,new,2,1,C:Cu-ox-8.00
InFeCuO4-MP-mp-759544.cif,InFeCuO4,0.0,new,2,1,C:Cu-ox-8.00
Sr3Sb2CuO9-MP-mp-1517843.cif,Sr3Sb2CuO9,0.0,new,2,1,C:Cu-ox-12.00
CuWO4-MP-mp-22773.cif,CuWO4,0.0,new,2,1,C:Cu-ox-8.00
Zn0.4Co0.45Cu0.15Ce0.1Fe1.9O4-MP-mp-1105352.cif,Zn0.4Co0.45Cu0.15Ce0.1Fe1.9O4,0.0,new,2,1,C:Cu-ox-45.33
Zn0.4Co0.3Cu0.3Ce0.1Fe1.9O4-MP-mp-1105352.cif,Zn0.4Co0.3Cu0.3Ce0.1Fe1.9O4,0.0,new,2,1,C:Cu-ox-22.67
Zn0.4Co0.15Cu0.45Ce0.1Fe1.9O4-MP-mp-1105352.cif,Zn0.4Co0.15Cu0.45Ce0.1Fe1.9O4,0.0,new,2,1,C:Cu-ox-15.11
Zn0.4Cu0.6Ce0.1Fe1.9O4-MP-mp-1105352.cif,Zn0.4Cu0.6Ce0.1Fe1.9O4,0.0,new,2,1,C:Cu-ox-11.33
La0.74Sr1.26Cu0.7Ru0.3O4-MP-icsd-41494.cif,La0.74Sr1.26Cu0.7Ru0.3O4,0.0,new,2,1,C:Cu-ox-4.66
La1.28Sr0.72Cu0.6Ru0.4O3.96-MP-icsd-41494.cif,La1.28Sr0.72Cu0.6Ru0.4O3.96,0.0,new,2,1,C:Cu-ox-4.40
Mg0.5Cd0.25Cu0.25Fe1.9625La0.0375O4-MP-mp-1222046.cif,Mg0.5Cd0.25Cu0.25Fe1.9625La0.0375O4,0.0,new,2,1,C:Cu-ox-31.55
Mg0.5Cd0.25Cu0.25Fe1.95La0.05O4-MP-mp-1222046.cif,Mg0.5Cd0.25Cu0.25Fe1.95La0.05O4,0.0,new,2,1,C:Cu-ox-31.40
EuBaCuFeO5-MP-mp-1228144.cif,EuBaCuFeO5,0.0,new,2,1,C:Cu-ox-5.00
NdBaCuFeO5-MP-icsd-56627.cif,NdBaCuFeO5,0.0,new,2,1,C:Cu-ox-5.00
Co0.5Cu0.5Al0.0Fe2.0O4-MP-mp-2767725.cif,Co0.5Cu0.5Al0.0Fe2.0O4,0.0,new,2,1,C:Cu-ox-16.00
Co0.5Cu0.5Al0.2Fe1.8O4-MP-mp-1045723.cif,Co0.5Cu0.5Al0.2Fe1.8O4,0.0,new,2,1,C:Cu-ox-16.00
Co0.5Cu0.5Al0.4Fe1.6O4-MP-mp-1045723.cif,Co0.5Cu0.5Al0.4Fe1.6O4,0.0,new,2,1,C:Cu-ox-16.00
Co0.5Cu0.5Al0.6Fe1.4O4-MP-mp-1045723.cif,Co0.5Cu0.5Al0.6Fe1.4O4,0.0,new,2,1,C:Cu-ox-16.00
Co0.5Cu0.5Al0.8Fe1.2O4-MP-mp-1045723.cif,Co0.5Cu0.5Al0.8Fe1.2O4,0.0,new,2,1,C:Cu-ox-16.00
Co0.5Cu0.5Al1.0Fe1.0O4-MP-mp-1045723.cif,Co0.5Cu0.5Al1.0Fe1.0O4,0.0,new,2,1,C:Cu-ox-16.00
Cu1.1Ti0.1Fe1.8O4-MP-mp-770107.cif,Cu1.1Ti0.1Fe1.8O4,0.0,new,2,1,C:Cu-ox-7.27
La2Cu0.9Fe0.1IrO6-MP-mp-1211597.cif,La2Cu0.9Fe0.1IrO6,0.0,new,2,1,C:Cu-ox-6.67
La2CuIrO6-MP-mp-1211597.cif,La2CuIrO6,0.0,new,2,1,C:Cu-ox-6.00
Cu0.3Ni0.7Cr0.3Fe1.7O4-MP-mp-1225235.cif,Cu0.3Ni0.7Cr0.3Fe1.7O4,0.0,new,2,1,C:Cu-ox-22.00
Cu0.3Ni0.7Cr0.4Fe1.6O4-MP-mp-1225235.cif,Cu0.3Ni0.7Cr0.4Fe1.6O4,0.0,new,2,1,C:Cu-ox-22.00
Sr2Cu3O4Cl2-MP-mp-547517.cif,Sr2Cu3O4Cl2,0.0,new,2,1,C:Cu-ox-1.33
CuFe0.98Ti0.02O2-MP-mp-510281.cif,CuFe0.98Ti0.02O2,0.0,new,2,1,C:Cu-ox-4.00
CuFe0.96Ti0.04O2-MP-mp-510281.cif,CuFe0.96Ti0.04O2,0.0,new,2,1,C:Cu-ox-4.00
CuFe0.94Ti0.06O2-MP-mp-510281.cif,CuFe0.94Ti0.06O2,0.0,new,2,1,C:Cu-ox-4.00
CuFe0.92Ti0.08O2-MP-mp-510281.cif,CuFe0.92Ti0.08O2,0.0,new,2,1,C:Cu-ox-4.00
Zn0.98Cu0.02O-MP-mp-2133.cif,Zn0.98Cu0.02O,0.0,new,2,1,G:parent-lacks-Cu(ZnO)
YBaCuFe0.85Co0.15O5-MP-icsd-63321.cif,YBaCuFe0.85Co0.15O5,0.0,new,2,1,C:Cu-ox-8.00
YBaCuFe0.85Ni0.15O5-MP-icsd-63321.cif,YBaCuFe0.85Ni0.15O5,0.0,new,2,1,C:Cu-ox-7.70
YBaCuFe0.85Ga0.15O5-MP-icsd-63321.cif,YBaCuFe0.85Ga0.15O5,0.0,new,2,1,C:Cu-ox-8.00
Zn0.95Cu0.05O-MP-mp-2133.cif,Zn0.95Cu0.05O,0.0,new,2,1,G:parent-lacks-Cu(ZnO)
CuSe2O5-MP-mp-3199.cif,CuSe2O5,0.0,new,2,1,C:Cu-ox-10.00
LaMn0.95Cu0.05O3-MP-icsd-41494.cif,LaMn0.95Cu0.05O3,0.0,new,2,1,C:Cu-ox-60.00
LaMn0.90Cu0.10O3-MP-icsd-41494.cif,LaMn0.90Cu0.10O3,0.0,new,2,1,C:Cu-ox-30.00
LaMn0.85Cu0.15O3-MP-icsd-41494.cif,LaMn0.85Cu0.15O3,0.0,new,2,1,C:Cu-ox-20.00
LaMn0.80Cu0.20O3-MP-icsd-41494.cif,LaMn0.80Cu0.20O3,0.0,new,2,1,C:Cu-ox-15.00
LaMn0.70Cu0.30O3-MP-icsd-41494.cif,LaMn0.70Cu0.30O3,0.0,new,2,1,C:Cu-ox-10.00
LaCu3Ti3AlO12-MP-mp-697332.cif,LaCu3Ti3AlO12,0.0,new,2,1,C:Cu-ox-7.00
YCu3Ti3AlO12-MP-mp-1216233.cif,YCu3Ti3AlO12,0.0,new,2,1,C:Cu-ox-8.00
CaCu3Sn4O12-MP-mp-18190.cif,CaCu3Sn4O12,0.0,new,2,1,C:Cu-ox-7.33
CaCu3Ge4O12-MP-mp-17599.cif,CaCu3Ge4O12,0.0,new,2,1,C:Cu-ox-7.33
LaCu3Fe2Re2O12-MP-mp-1105546.cif,LaCu3Fe2Re2O12,0.0,new,2,1,C:Cu-ox-7.00
Tm2BaCuO5-MP-mp-22202.cif,Tm2BaCuO5,0.0,new,2,1,C:Cu-ox-8.00
CuFe0.97Ge0.03O2-MP-mp-510281.cif,CuFe0.97Ge0.03O2,0.0,new,2,1,C:Cu-ox-4.00
CuFe0.95Ge0.05O2-MP-mp-510281.cif,CuFe0.95Ge0.05O2,0.0,new,2,1,C:Cu-ox-4.00
CuFe0.93Ge0.07O2-MP-mp-510281.cif,CuFe0.93Ge0.07O2,0.0,new,2,1,C:Cu-ox-4.00
CuFe0.90Ge0.10O2-MP-mp-510281.cif,CuFe0.90Ge0.10O2,0.0,new,2,1,C:Cu-ox-4.00
Sr8CaRe3Cu4O24-MP-mp-21652.cif,Sr8CaRe3Cu4O24,0.0,new,2,1,C:Cu-ox-7.50
Ba2CuGe2O7-MP-mp-22067.cif,Ba2CuGe2O7,0.0,new,2,1,C:Cu-ox-10.00
Cu3(CO3)2(OH)2-MP-mp-23733.cif,Cu3(CO3)2(OH)2,0.0,new,2,1,C:Cu-ox-5.33
CuCr0.98Co0.02O2-MP-mp-510625.cif,CuCr0.98Co0.02O2,0.0,new,2,1,C:Cu-ox-4.00
CuCr0.96Co0.04O2-MP-mp-510625.cif,CuCr0.96Co0.04O2,0.0,new,2,1,C:Cu-ox-4.00
CuCr0.94Co0.06O2-MP-mp-510625.cif,CuCr0.94Co0.06O2,0.0,new,2,1,C:Cu-ox-4.00
DyBaSrCu3O7-MP-mp-622105.cif,DyBaSrCu3O7,0.0,new,2,1,C:Cu-ox-3.33
ErBaSrCu3O7-MP-icsd-63405.cif,ErBaSrCu3O7,0.0,new,2,1,C:Cu-ox-3.33
CuCr0.98Sn0.02O2-MP-mp-510625.cif,CuCr0.98Sn0.02O2,0.0,new,2,1,C:Cu-ox-4.00
CuCr0.97Sn0.03O2-MP-mp-510625.cif,CuCr0.97Sn0.03O2,0.0,new,2,1,C:Cu-ox-4.00
CuCr0.96Sn0.04O2-MP-mp-510625.cif,CuCr0.96Sn0.04O2,0.0,new,2,1,C:Cu-ox-4.00
CuCr0.95Sn0.05O2-MP-mp-510625.cif,CuCr0.95Sn0.05O2,0.0,new,2,1,C:Cu-ox-4.00
CaCu3Fe4O12-MP-mp-1043124.cif,CaCu3Fe4O12,0.0,new,2,1,C:Cu-ox-7.33
Gd2CuTiO6-MP-mp-1224741.cif,Gd2CuTiO6,0.0,new,2,1,C:Cu-ox-6.00
Bi2CuMnO6-MP-mp-1210616.cif,Bi2CuMnO6,0.0,new,2,1,C:Cu-ox-12.00
CuCr2O4-MP-mp-504573.cif,CuCr2O4,0.0,new,2,1,C:Cu-ox-8.00
Cu0.9Ni0.1Cr2O4-MP-mp-504573.cif,Cu0.9Ni0.1Cr2O4,0.0,new,2,1,C:Cu-ox-8.67
Cu0.125Sr0.875O-MP-mp-2472.cif,Cu0.125Sr0.875O,0.0,new,2,1,G:parent-lacks-Cu(SrO)
Cu3Er(SeO3)2O2Cl-MP-mp-555517.cif,Cu3Er(SeO3)2O2Cl,0.0,new,2,1,C:Cu-ox-5.33
Cu2(OH)(PO4)-MP-mp-510654.cif,Cu2(OH)(PO4),0.0,new,2,1,C:Cu-ox-5.00
CaCu3Fe2Ru2O12-MP-mp-6036.cif,CaCu3Fe2Ru2O12,0.0,new,2,1,C:Cu-ox-7.33
CaCu3Cr2Sb2O12-MP-mp-21539.cif,CaCu3Cr2Sb2O12,0.0,new,2,1,C:Cu-ox-7.33
CaCu3Co2Re2O12-MP-mp-1043073.cif,CaCu3Co2Re2O12,0.0,new,2,1,C:Cu-ox-7.33
Cu2CdB2O6-MP-mp-560100.cif,Cu2CdB2O6,0.0,new,2,1,C:Cu-ox-6.00
SiCuO3-MP-mp-556982.cif,SiCuO3,0.0,new,2,1,C:Cu-ox-6.00
CuAl0.95Fe0.05O2-MP-mp-3098.cif,CuAl0.95Fe0.05O2,0.0,new,2,1,C:Cu-ox-4.00
CuAl0.9Fe0.1O2-MP-mp-3098.cif,CuAl0.9Fe0.1O2,0.0,new,2,1,C:Cu-ox-4.00
CuAl0.97Mn0.03O2-MP-mp-3098.cif,CuAl0.97Mn0.03O2,0.0,new,2,1,C:Cu-ox-4.00
CuAl0.95Mn0.05O2-MP-mp-3098.cif,CuAl0.95Mn0.05O2,0.0,new,2,1,C:Cu-ox-4.00
CuAl0.93Mn0.07O2-MP-mp-3098.cif,CuAl0.93Mn0.07O2,0.0,new,2,1,C:Cu-ox-4.00
KCu7(TeO4)(SO4)5Cl-MP-mp-653840.cif,KCu7(TeO4)(SO4)5Cl,0.0,new,2,1,C:Cu-ox-6.71
Cu3Bi(SeO3)2O2I-MP-mp-669425.cif,Cu3Bi(SeO3)2O2I,0.0,new,2,1,C:Cu-ox-5.33
Sc2Cu2O5-MP-mp-15336.cif,Sc2Cu2O5,0.0,new,2,1,C:Cu-ox-5.00
Ho2BaCuO5-MP-mp-17878.cif,Ho2BaCuO5,0.0,new,2,1,C:Cu-ox-8.00
Y1Ba1.975La0.025Cu3O6.95-MP-mp-20674.cif,Y1Ba1.975La0.025Cu3O6.95,99.0,new,1,1,A:trace-dopant(La 0.0019)
Y0.975Ca0.025Ba2Cu2.975Al0.025O6.89-MP-mp-20674.cif,Y0.975Ca0.025Ba2Cu2.975Al0.025O6.89,94.5,new,1,1,A:trace-dopant(Ca 0.0019)
Y1Ba1.94La0.06Cu3O6.96-MP-mp-20674.cif,Y1Ba1.94La0.06Cu3O6.96,94.0,new,1,1,A:trace-dopant(La 0.0046)
Y0.95La0.05Ba2Cu3O6.58-MP-mp-1228425.cif,Y0.95La0.05Ba2Cu3O6.58,93.65,new,1,1,A:trace-dopant(La 0.0040)
Y1Ba1.96La0.04Cu3O6.96-MP-mp-20674.cif,Y1Ba1.96La0.04Cu3O6.96,93.6,new,1,1,A:trace-dopant(La 0.0031)
Y1Ba2Cu2.98Co0.02O6.9-MP-mp-20674.cif,Y1Ba2Cu2.98Co0.02O6.9,93.4,new,1,1,A:trace-dopant(Co 0.0016)
Y1Ba1.97La0.03Cu3O6.96-MP-mp-20674.cif,Y1Ba1.97La0.03Cu3O6.96,93.2,new,1,1,A:trace-dopant(La 0.0023)
Ba2Cu3Gd0.97Pr0.03O7-MP-mp-19813-synth_doped.cif,Ba2Cu3Gd0.97Pr0.03O7,93.1,V45,1,1,A:trace-dopant(Pr 0.0023)
Y1Ba1.95La0.05Cu3O6.89-MP-mp-20674.cif,Y1Ba1.95La0.05Cu3O6.89,92.5,new,1,1,A:trace-dopant(La 0.0039)
Y0.95Cs0.05Ba2Cu3O6.61-MP-mp-1228425.cif,Y0.95Cs0.05Ba2Cu3O6.61,92.45,new,1,1,A:trace-dopant(Cs 0.0040)
Y1Ba2Cu2.94Zr0.06O6.81-MP-mp-20674.cif,Y1Ba2Cu2.94Zr0.06O6.81,92.3,new,1,1,A:trace-dopant(Zr 0.0047)
Y0.95Rb0.05Ba2Cu3O6.59-MP-mp-1228425.cif,Y0.95Rb0.05Ba2Cu3O6.59,92.05,new,1,1,A:trace-dopant(Rb 0.0040)
Y0.95Ca0.05Ba2Cu2.95Al0.05O6.88-MP-mp-20674.cif,Y0.95Ca0.05Ba2Cu2.95Al0.05O6.88,92.0,new,1,1,A:trace-dopant(Ca 0.0039)
Y1Ba1.95La0.05Cu3O6.96-MP-mp-20674.cif,Y1Ba1.95La0.05Cu3O6.96,91.9,new,1,1,A:trace-dopant(La 0.0039)
Y0.95Sc0.05Ba2Cu3O6.63-MP-mp-1228425.cif,Y0.95Sc0.05Ba2Cu3O6.63,91.7,new,1,1,A:trace-dopant(Sc 0.0040)
Y0.975Ca0.025Ba2Cu3O6.95-MP-mp-20674.cif,Y0.975Ca0.025Ba2Cu3O6.95,91.5,new,1,1,A:trace-dopant(Ca 0.0019)
Y0.95Pr0.05Ba2Cu3O6.95-MP-mp-20674.cif,Y0.95Pr0.05Ba2Cu3O6.95,91.5,new,1,1,A:trace-dopant(Pr 0.0039)
Dy0.95Pr0.05Ba2Cu3O6.9-MP-mp-622105.cif,Dy0.95Pr0.05Ba2Cu3O6.9,91.4,new,1,1,A:trace-dopant(Pr 0.0039)
Y1Ba2Cu2.985Ni0.015O6.92-MP-mp-20674.cif,Y1Ba2Cu2.985Ni0.015O6.92,90.5,new,1,1,A:trace-dopant(Ni 0.0012)
Y1Ba2Cu2.98Zr0.02O6.84-MP-mp-20674.cif,Y1Ba2Cu2.98Zr0.02O6.84,90.2,new,1,1,A:trace-dopant(Zr 0.0016)
Er1Ba2Cu2.95Ga0.05O6.75-MP-mp-1229210.cif,Er1Ba2Cu2.95Ga0.05O6.75,90.0,new,1,1,A:trace-dopant(Ga 0.0039)
Y0.95Pr0.05Ba2Cu3O6.96-MP-mp-20674.cif,Y0.95Pr0.05Ba2Cu3O6.96,89.5,new,1,1,A:trace-dopant(Pr 0.0039)
Y0.95K0.05Ba2Cu3O6.6-MP-mp-1228425.cif,Y0.95K0.05Ba2Cu3O6.6,89.4,new,1,1,A:trace-dopant(K 0.0040)
Y1Ba2Cu2.982Zn0.018O6.9-MP-mp-20674.cif,Y1Ba2Cu2.982Zn0.018O6.9,89.2,new,1,1,A:trace-dopant(Zn 0.0014)
Yb0.95Pr0.05Ba2Cu3O6.9-MP-mp-20936.cif,Yb0.95Pr0.05Ba2Cu3O6.9,89.1,new,1,1,A:trace-dopant(Pr 0.0039)
Ge0.3Cu0.7Sr2Ca2.9Y0.1Cu4O11.1-MP-mp-985569.cif,Ge0.3Cu0.7Sr2Ca2.9Y0.1Cu4O11.1,89.0,new,1,1,A:trace-dopant(Y 0.0047)
Y0.95Ca0.05Ba2Cu3O6.94-MP-mp-20674.cif,Y0.95Ca0.05Ba2Cu3O6.94,88.2,new,1,1,A:trace-dopant(Ca 0.0039)
Dy1Ba2Cu2.98Fe0.02O6.88-MP-mp-622105.cif,Dy1Ba2Cu2.98Fe0.02O6.88,88.0,new,1,1,A:trace-dopant(Fe 0.0016)
Y1Ba2Cu2.9925Zn0.0075O6.92-MP-mp-20674.cif,Y1Ba2Cu2.9925Zn0.0075O6.92,88.0,new,1,1,A:trace-dopant(Zn 0.0006)
Y0.95Ca0.05Ba2Cu3O6.79-MP-mp-1228903.cif,Y0.95Ca0.05Ba2Cu3O6.79,88.0,new,1,1,A:trace-dopant(Ca 0.0039)
Y1Ba2Cu2.95Ga0.05O6.69-MP-mp-1228425.cif,Y1Ba2Cu2.95Ga0.05O6.69,88.0,new,1,1,A:trace-dopant(Ga 0.0039)
Ba2Ca0.02Cu4Y0.98O8-MP-mp-6790-synth_doped.cif,Ba2Ca0.02Cu4Y0.98O8,87.0,V45,1,1,A:trace-dopant(Ca 0.0013)
Y0.8Pr0.05Ca0.15Ba2Cu3O6.83-MP-icsd-63321.cif,Y0.8Pr0.05Ca0.15Ba2Cu3O6.83,87.0,new,1,1,A:trace-dopant(Pr 0.0039)
Gd0.95Hf0.05Ba2Cu3O6.91-MP-mp-19813.cif,Gd0.95Hf0.05Ba2Cu3O6.91,86.9,new,1,1,A:trace-dopant(Hf 0.0039)
Y0.97Ca0.03Ba2Cu3O6.97-MP-mp-20674.cif,Y0.97Ca0.03Ba2Cu3O6.97,86.7,new,1,1,A:trace-dopant(Ca 0.0023)
Y1Ba2Cu2.94Ni0.06O6.9-MP-mp-20674.cif,Y1Ba2Cu2.94Ni0.06O6.9,86.3,new,1,1,A:trace-dopant(Ni 0.0047)
Ba2Ca0.07Cu4Y0.93O8-MP-mp-6790-synth_doped.cif,Ba2Ca0.07Cu4Y0.93O8,86.25,V45,1,1,A:trace-dopant(Ca 0.0047)
Nd0.95Ca0.025Pr0.025Ba2Cu3O6.95-MP-mp-22719.cif,Nd0.95Ca0.025Pr0.025Ba2Cu3O6.95,86.1,new,1,1,A:trace-dopant(Ca 0.0019)
Er0.95Ca0.05Ba2Cu3O6.935-MP-mp-622110.cif,Er0.95Ca0.05Ba2Cu3O6.935,86.0,new,1,1,A:trace-dopant(Ca 0.0039)
Er0.95Hf0.05Ba2Cu3O6.938-MP-mp-622110.cif,Er0.95Hf0.05Ba2Cu3O6.938,86.0,new,1,1,A:trace-dopant(Hf 0.0039)
Y0.95Pr0.05Ba2Cu3O6.85-MP-mp-20674.cif,Y0.95Pr0.05Ba2Cu3O6.85,85.5,new,1,1,A:trace-dopant(Pr 0.0039)
Ba2Ca0.05Cu4Y0.95O8-MP-mp-6790-synth_doped.cif,Ba2Ca0.05Cu4Y0.95O8,85.16,V45,1,1,A:trace-dopant(Ca 0.0033)
Ba2Cu3Nd0.97Pr0.03O7-MP-mp-22719-synth_doped.cif,Ba2Cu3Nd0.97Pr0.03O7,85.1,V45,1,1,A:trace-dopant(Pr 0.0023)
Yb1Ba2Cu2.982Zn0.018O6.9-MP-mp-772788.cif,Yb1Ba2Cu2.982Zn0.018O6.9,85.1,new,1,1,A:trace-dopant(Zn 0.0014)
Y1Ba2Cu2.94Fe0.06O6.85-MP-mp-20674.cif,Y1Ba2Cu2.94Fe0.06O6.85,85.0,new,1,1,A:trace-dopant(Fe 0.0047)
Ba2Ca0.05Cu4Tm0.95O8-MP-mp-6710-synth_doped.cif,Ba2Ca0.05Cu4Tm0.95O8,84.8,V45,1,1,A:trace-dopant(Ca 0.0033)
Y0.85Ca0.05Pr0.1Ba2Cu3O6.95-MP-mp-1228989.cif,Y0.85Ca0.05Pr0.1Ba2Cu3O6.95,84.6,new,1,1,A:trace-dopant(Ca 0.0039)
Sm1Ba2Cu2.98Fe0.02O6.76-MP-mp-21451.cif,Sm1Ba2Cu2.98Fe0.02O6.76,84.0,new,1,1,A:trace-dopant(Fe 0.0016)
Y0.85Pr0.05Ca0.1Ba2Cu4O8-MP-mp-6790.cif,Y0.85Pr0.05Ca0.1Ba2Cu4O8,83.8,new,1,1,A:trace-dopant(Pr 0.0033)
Y0.94Ca0.06Ba2Cu3O6.97-MP-mp-20674.cif,Y0.94Ca0.06Ba2Cu3O6.97,83.4,new,1,1,A:trace-dopant(Ca 0.0046)
Ba1.926Ca0.074Cu4Y1O8-MP-mp-6790-synth_doped.cif,Ba1.926Ca0.074Cu4Y1O8,83.3,V45,1,1,A:trace-dopant(Ca 0.0049)
Ba2Ca0.07Cu4Tm0.93O8-MP-mp-6710-synth_doped.cif,Ba2Ca0.07Cu4Tm0.93O8,83.3,V45,1,1,A:trace-dopant(Ca 0.0047)
Ba2Ca0.05Cu4Er0.95O8-MP-mp-6583-synth_doped.cif,Ba2Ca0.05Cu4Er0.95O8,83.2,V45,1,1,A:trace-dopant(Ca 0.0033)
Y0.83Ca0.02Pr0.15Ba2Cu3O6.95-MP-mp-1228989.cif,Y0.83Ca0.02Pr0.15Ba2Cu3O6.95,83.0,new,1,1,A:trace-dopant(Ca 0.0015)
Dy1Ba2Cu2.98Ni0.02O6.72-MP-mp-622105.cif,Dy1Ba2Cu2.98Ni0.02O6.72,83.0,new,1,1,A:trace-dopant(Ni 0.0016)
Dy1Ba2Cu2.95Ga0.05O6.69-MP-mp-622105.cif,Dy1Ba2Cu2.95Ga0.05O6.69,83.0,new,1,1,A:trace-dopant(Ga 0.0039)
Y1Ba2Cu2.97Zn0.03O6.93-MP-mp-20674.cif,Y1Ba2Cu2.97Zn0.03O6.93,82.8,new,1,1,A:trace-dopant(Zn 0.0023)
Y0.8Ca0.05Pr0.15Ba2Cu3O6.95-MP-mp-1228958.cif,Y0.8Ca0.05Pr0.15Ba2Cu3O6.95,82.7,new,1,1,A:trace-dopant(Ca 0.0039)
Y0.95Ca0.05Ba1.6Sr0.4Cu4O7.8-MP-mp-1227433.cif,Y0.95Ca0.05Ba1.6Sr0.4Cu4O7.8,82.0,new,1,1,A:trace-dopant(Ca 0.0034)
Y0.95Ca0.05Ba2Cu2.95Ni0.05O6.83-MP-mp-20674.cif,Y0.95Ca0.05Ba2Cu2.95Ni0.05O6.83,82.0,new,1,1,A:trace-dopant(Ca 0.0039)
Y0.76Ca0.24Ba2Cu2.94Co0.06O6.81-MP-mp-1228878.cif,Y0.76Ca0.24Ba2Cu2.94Co0.06O6.81,82.0,new,1,1,A:trace-dopant(Co 0.0047)
Dy1Ba2Cu2.96Ni0.04O6.73-MP-mp-622105.cif,Dy1Ba2Cu2.96Ni0.04O6.73,82.0,new,1,1,A:trace-dopant(Ni 0.0031)
Ba2Ca0.03Cu4Y0.97O8-MP-mp-6790-synth_doped.cif,Ba2Ca0.03Cu4Y0.97O8,81.9,V45,1,1,A:trace-dopant(Ca 0.0020)
Nd0.9Ca0.05Pr0.05Ba2Cu3O6.95-MP-mp-22719.cif,Nd0.9Ca0.05Pr0.05Ba2Cu3O6.95,81.4,new,1,1,A:trace-dopant(Ca 0.0039)
Ba2Ca0.03Cu4Tm0.97O8-MP-mp-6710-synth_doped.cif,Ba2Ca0.03Cu4Tm0.97O8,81.2,V45,1,1,A:trace-dopant(Ca 0.0020)
Ba2Ca0.05Cu4Ho0.95O8-MP-mp-6205-synth_doped.cif,Ba2Ca0.05Cu4Ho0.95O8,81.0,V45,1,1,A:trace-dopant(Ca 0.0033)
Yb0.95Pr0.05Ba1.7Sr0.3Cu3O6.91-MP-mp-1227458.cif,Yb0.95Pr0.05Ba1.7Sr0.3Cu3O6.91,81.0,new,1,1,A:trace-dopant(Pr 0.0039)
Dy1Ba2Cu2.98Zn0.02O6.87-MP-mp-622105.cif,Dy1Ba2Cu2.98Zn0.02O6.87,81.0,new,1,1,A:trace-dopant(Zn 0.0016)
Er1Ba2Cu2.97Zn0.03O6.93-MP-mp-622110.cif,Er1Ba2Cu2.97Zn0.03O6.93,81.0,new,1,1,A:trace-dopant(Zn 0.0023)
Y1Ba2Cu2.97Zn0.03O6.9-MP-mp-20674.cif,Y1Ba2Cu2.97Zn0.03O6.9,81.0,new,1,1,A:trace-dopant(Zn 0.0023)
Sm1Ba2Cu2.98Zn0.02O6.82-MP-mp-21451.cif,Sm1Ba2Cu2.98Zn0.02O6.82,81.0,new,1,1,A:trace-dopant(Zn 0.0016)
Dy1Ba2Cu2.94Ni0.06O6.72-MP-mp-622105.cif,Dy1Ba2Cu2.94Ni0.06O6.72,81.0,new,1,1,A:trace-dopant(Ni 0.0047)
Ba2Ca0.025Cu4Y0.975O8-MP-mp-6790-synth_doped.cif,Ba2Ca0.025Cu4Y0.975O8,80.75,V45,1,1,A:trace-dopant(Ca 0.0017)
Gd0.8Ca0.05Hf0.15Ba2Cu3O6.86-MP-mp-19813.cif,Gd0.8Ca0.05Hf0.15Ba2Cu3O6.86,80.6,new,1,1,A:trace-dopant(Ca 0.0039)
Ba2Ca0.03Cu4Er0.97O8-MP-mp-6583-synth_doped.cif,Ba2Ca0.03Cu4Er0.97O8,80.0,V45,1,1,A:trace-dopant(Ca 0.0020)
Y0.8Pr0.15Ca0.05Ba2Cu3O6.82-MP-mp-1228958.cif,Y0.8Pr0.15Ca0.05Ba2Cu3O6.82,80.0,new,1,1,A:trace-dopant(Ca 0.0039)
Ba1.972Ca0.028Cu4Y1O8-MP-mp-6790-synth_doped.cif,Ba1.972Ca0.028Cu4Y1O8,79.7,V45,1,1,A:trace-dopant(Ca 0.0019)
Ba2Ca0.01Cu4Er0.99O8-MP-mp-6583-synth_doped.cif,Ba2Ca0.01Cu4Er0.99O8,79.3,V45,1,1,A:trace-dopant(Ca 0.0007)
Ba2Ca0.01Cu4Tm0.99O8-MP-mp-6710-synth_doped.cif,Ba2Ca0.01Cu4Tm0.99O8,79.2,V45,1,1,A:trace-dopant(Ca 0.0007)
Ba2Cu4Sc0.05Y0.95O8-MP-mp-6790-synth_doped.cif,Ba2Cu4Sc0.05Y0.95O8,79.0,V45,1,1,A:trace-dopant(Sc 0.0033)
Eu1Ba2Cu2.95Ga0.05O6.78-MP-mp-622211.cif,Eu1Ba2Cu2.95Ga0.05O6.78,79.0,new,1,1,A:trace-dopant(Ga 0.0039)
Ba2Ca0.01Cu4Y0.99O8-MP-mp-6790-synth_doped.cif,Ba2Ca0.01Cu4Y0.99O8,78.7,V45,1,1,A:trace-dopant(Ca 0.0007)
Y1Ba2Cu3.99Ni0.01O8-MP-mp-6790.cif,Y1Ba2Cu3.99Ni0.01O8,78.4,new,1,1,A:trace-dopant(Ni 0.0007)
Y1Ba2Cu3.996Ni0.004O8-MP-mp-6790.cif,Y1Ba2Cu3.996Ni0.004O8,78.0,new,1,1,A:trace-dopant(Ni 0.0003)
Sm1Ba2Cu2.96Fe0.04O6.81-MP-mp-21451.cif,Sm1Ba2Cu2.96Fe0.04O6.81,78.0,new,1,1,A:trace-dopant(Fe 0.0031)
Y1Ba2Cu3.98Ga0.02O8-MP-mp-6790.cif,Y1Ba2Cu3.98Ga0.02O8,77.75,new,1,1,A:trace-dopant(Ga 0.0013)
La3Ca0.9Cd0.1Ba3Cu7O16.611-MP-mp-558557.cif,La3Ca0.9Cd0.1Ba3Cu7O16.611,77.5,new,1,1,A:trace-dopant(Cd 0.0033)
Y1Ba2Cu3.96Ga0.04O8-MP-mp-6790.cif,Y1Ba2Cu3.96Ga0.04O8,77.5,new,1,1,A:trace-dopant(Ga 0.0027)
Ba2Ca0.03Cu4Ho0.97O8-MP-mp-6205-synth_doped.cif,Ba2Ca0.03Cu4Ho0.97O8,77.4,V45,1,1,A:trace-dopant(Ca 0.0020)
Ba2Cu4Pr0.05Y0.95O8-MP-mp-6790-synth_doped.cif,Ba2Cu4Pr0.05Y0.95O8,77.0,V45,1,1,A:trace-dopant(Pr 0.0033)
La2.5Y0.5Ca1Ba3Cu6.86Fe0.14O16.578-MP-mp-505589.cif,La2.5Y0.5Ca1Ba3Cu6.86Fe0.14O16.578,77.0,new,1,1,A:trace-dopant(Fe 0.0046)
Y1Ba2Cu2.97Zn0.03O6.85-MP-mp-20674.cif,Y1Ba2Cu2.97Zn0.03O6.85,77.0,new,1,1,A:trace-dopant(Zn 0.0023)
Ba2Ca0.01Cu4Ho0.99O8-MP-mp-6205-synth_doped.cif,Ba2Ca0.01Cu4Ho0.99O8,76.8,V45,1,1,A:trace-dopant(Ca 0.0007)
Y0.75Ca0.05Pr0.2Ba2Cu3O6.95-MP-mp-1228958.cif,Y0.75Ca0.05Pr0.2Ba2Cu3O6.95,76.4,new,1,1,A:trace-dopant(Ca 0.0039)
Y1Ba2Cu2.95Fe0.05O6.84-MP-mp-20674.cif,Y1Ba2Cu2.95Fe0.05O6.84,76.4,new,1,1,A:trace-dopant(Fe 0.0039)
La1.5Nd0.5Ca1Ba2Cu4.95Mo0.05O11.345-MP-mp-1228470.cif,La1.5Nd0.5Ca1Ba2Cu4.95Mo0.05O11.345,76.0,new,1,1,A:trace-dopant(Mo 0.0023)
Ba2Cu4Ga0.05Y0.95O8-MP-mp-6790-synth_doped.cif,Ba2Cu4Ga0.05Y0.95O8,75.0,V45,1,1,A:trace-dopant(Ga 0.0033)
Ba1.98Cu4La0.02Y1O8-MP-mp-6790-synth_doped.cif,Ba1.98Cu4La0.02Y1O8,74.3,V45,1,1,A:trace-dopant(La 0.0013)
Y1Ba2Cu3.98Co0.02O8-MP-mp-6790.cif,Y1Ba2Cu3.98Co0.02O8,73.3,new,1,1,A:trace-dopant(Co 0.0013)
Y1Ba2Cu3.99Zn0.01O8-MP-mp-6790.cif,Y1Ba2Cu3.99Zn0.01O8,73.3,new,1,1,A:trace-dopant(Zn 0.0007)
Er1Ba2Cu2.94Co0.06O6.8-MP-mp-1229210.cif,Er1Ba2Cu2.94Co0.06O6.8,73.0,new,1,1,A:trace-dopant(Co 0.0047)
Tl0.5Pb0.5Sr2Ca1Cu2.95Zn0.05O7-MP-mp-1173221.cif,Tl0.5Pb0.5Sr2Ca1Cu2.95Zn0.05O7,73.0,new,1,1,A:trace-dopant(Zn 0.0036)
Y1Ba2Cu2.975Zn0.025O6.85-MP-mp-20674.cif,Y1Ba2Cu2.975Zn0.025O6.85,72.85,new,1,1,A:trace-dopant(Zn 0.0019)
Y0.95Ca0.05Ba2Cu2.95Co0.05O6.84-MP-mp-20674.cif,Y0.95Ca0.05Ba2Cu2.95Co0.05O6.84,72.5,new,1,1,A:trace-dopant(Ca 0.0039)
Y0.95Ca0.05Ba2Cu3O6.7-MP-mp-1228425.cif,Y0.95Ca0.05Ba2Cu3O6.7,71.0,new,1,1,A:trace-dopant(Ca 0.0039)
Tl0.5Pb0.5Sr2Ca1Cu2.98Zn0.02O7-MP-mp-1173221.cif,Tl0.5Pb0.5Sr2Ca1Cu2.98Zn0.02O7,71.0,new,1,1,A:trace-dopant(Zn 0.0014)
Y0.975Ca0.025Ba2Cu3O6.72-MP-mp-1228425.cif,Y0.975Ca0.025Ba2Cu3O6.72,70.8,new,1,1,A:trace-dopant(Ca 0.0020)
Y1Ba2Cu3.98Fe0.02O8-MP-mp-6790.cif,Y1Ba2Cu3.98Fe0.02O8,70.5,new,1,1,A:trace-dopant(Fe 0.0013)
Y1Ba2Cu3.97Ni0.03O8-MP-mp-6790.cif,Y1Ba2Cu3.97Ni0.03O8,70.4,new,1,1,A:trace-dopant(Ni 0.0020)
Y1Ba2Cu3.987Fe0.013O8-MP-mp-6790.cif,Y1Ba2Cu3.987Fe0.013O8,70.15,new,1,1,A:trace-dopant(Fe 0.0009)
Y1Ba2Cu3.985Zn0.015O7.95-MP-mp-6790.cif,Y1Ba2Cu3.985Zn0.015O7.95,70.0,new,1,1,A:trace-dopant(Zn 0.0010)
Dy1Ba2Cu2.96Zn0.04O6.9-MP-mp-622105.cif,Dy1Ba2Cu2.96Zn0.04O6.9,70.0,new,1,1,A:trace-dopant(Zn 0.0031)
Sm1Ba2Cu2.96Zn0.04O6.83-MP-mp-21451.cif,Sm1Ba2Cu2.96Zn0.04O6.83,70.0,new,1,1,A:trace-dopant(Zn 0.0031)
Y1Ba2Cu3.98Ni0.02O8-MP-mp-6790.cif,Y1Ba2Cu3.98Ni0.02O8,68.8125,new,1,1,A:trace-dopant(Ni 0.0013)
Y0.95Ca0.05Ba1.9La0.1Cu4O7.9-MP-mp-6790.cif,Y0.95Ca0.05Ba1.9La0.1Cu4O7.9,68.8,new,1,1,A:trace-dopant(Ca 0.0034)
Y1Ba2Cu2.95Fe0.05O6.79-MP-mp-1228903.cif,Y1Ba2Cu2.95Fe0.05O6.79,67.6,new,1,1,A:trace-dopant(Fe 0.0039)
Y1Ba2Cu2.95Zn0.05O6.85-MP-mp-20674.cif,Y1Ba2Cu2.95Zn0.05O6.85,66.19,new,1,1,A:trace-dopant(Zn 0.0039)
La0.95Ca0.05Ba1.5Sr0.5Cu3O6.878-MP-mp-1228470.cif,La0.95Ca0.05Ba1.5Sr0.5Cu3O6.878,66.0,new,1,1,A:trace-dopant(Ca 0.0039)
Y0.95Ca0.05Ba2Cu2.95Zn0.05O6.89-MP-mp-20674.cif,Y0.95Ca0.05Ba2Cu2.95Zn0.05O6.89,65.0,new,1,1,A:trace-dopant(Ca 0.0039)
Tl0.5Pb0.5Sr2Ca1Cu2.98Co0.02O7-MP-mp-20824.cif,Tl0.5Pb0.5Sr2Ca1Cu2.98Co0.02O7,65.0,new,1,1,A:trace-dopant(Co 0.0014)
Ca0.95Ce0.05Ba1La1Cu3O6.91-MP-mp-1228470.cif,Ca0.95Ce0.05Ba1La1Cu3O6.91,64.8,new,1,1,A:trace-dopant(Ce 0.0039)
Er0.8Ca0.05Hf0.15Ba2Cu3O6.706-MP-mp-1229210.cif,Er0.8Ca0.05Hf0.15Ba2Cu3O6.706,64.8,new,1,1,A:trace-dopant(Ca 0.0039)
Y1Ba2Cu3.975Fe0.025O8-MP-mp-6790.cif,Y1Ba2Cu3.975Fe0.025O8,64.6,new,1,1,A:trace-dopant(Fe 0.0017)
Y1Ba2Cu2.94Ni0.06O6.78-MP-mp-1228903.cif,Y1Ba2Cu2.94Ni0.06O6.78,64.6,new,1,1,A:trace-dopant(Ni 0.0047)
Yb1Ba2Cu2.943Zn0.057O6.9-MP-mp-772788.cif,Yb1Ba2Cu2.943Zn0.057O6.9,64.3,new,1,1,A:trace-dopant(Zn 0.0044)
Y1Ba2Cu2.97Zn0.03O6.77-MP-mp-1228903.cif,Y1Ba2Cu2.97Zn0.03O6.77,64.2,new,1,1,A:trace-dopant(Zn 0.0023)
Y0.95Ca0.05Ba2Cu2.95Co0.05O6.75-MP-mp-1228425.cif,Y0.95Ca0.05Ba2Cu2.95Co0.05O6.75,64.0,new,1,1,A:trace-dopant(Ca 0.0039)
Y1Ba2Cu3.939Ni0.061O8-MP-mp-6790.cif,Y1Ba2Cu3.939Ni0.061O8,63.5,new,1,1,A:trace-dopant(Ni 0.0041)
Tl0.5Pb0.5Sr2Ca1Cu2.98Ni0.02O7-MP-mp-20824.cif,Tl0.5Pb0.5Sr2Ca1Cu2.98Ni0.02O7,63.5,new,1,1,A:trace-dopant(Ni 0.0014)
Y1Ba2Cu3.964Ni0.036O8-MP-mp-6790.cif,Y1Ba2Cu3.964Ni0.036O8,63.0,new,1,1,A:trace-dopant(Ni 0.0024)
Y1Ba2Cu3.972Zn0.028O8-MP-mp-6790.cif,Y1Ba2Cu3.972Zn0.028O8,63.0,new,1,1,A:trace-dopant(Zn 0.0019)
Y1Ba2Cu3.96Mn0.04O8-MP-mp-6790.cif,Y1Ba2Cu3.96Mn0.04O8,62.8,new,1,1,A:trace-dopant(Mn 0.0027)
Dy1Ba2Cu2.94Zn0.06O6.9-MP-mp-622105.cif,Dy1Ba2Cu2.94Zn0.06O6.9,62.0,new,1,1,A:trace-dopant(Zn 0.0047)
Y1Ba2Cu2.94Zn0.06O6.84-MP-mp-20674.cif,Y1Ba2Cu2.94Zn0.06O6.84,60.8,new,1,1,A:trace-dopant(Zn 0.0047)
Ca1La1Ba1Cu2.97Zn0.03O7-MP-mp-1228470.cif,Ca1La1Ba1Cu2.97Zn0.03O7,60.0,new,1,1,A:trace-dopant(Zn 0.0023)
Y1Ba2Cu2.95Zn0.05O6.8-MP-mp-1228903.cif,Y1Ba2Cu2.95Zn0.05O6.8,60.0,new,1,1,A:trace-dopant(Zn 0.0039)
Y1Ba2Cu2.994Zn0.006O6.63-MP-mp-1228425.cif,Y1Ba2Cu2.994Zn0.006O6.63,60.0,new,1,1,A:trace-dopant(Zn 0.0005)
Y1Ba2Cu2.982Zn0.018O6.75-MP-mp-1228425.cif,Y1Ba2Cu2.982Zn0.018O6.75,59.9,new,1,1,A:trace-dopant(Zn 0.0014)
Sm1Ba2Cu2.94Zn0.06O6.85-MP-mp-21451.cif,Sm1Ba2Cu2.94Zn0.06O6.85,59.0,new,1,1,A:trace-dopant(Zn 0.0047)
Y1Ba2Cu2.97Zn0.03O6.75-MP-mp-1228425.cif,Y1Ba2Cu2.97Zn0.03O6.75,58.0,new,1,1,A:trace-dopant(Zn 0.0024)
Nd0.95Pr0.05Ba2Cu3O6.85-MP-mp-22719.cif,Nd0.95Pr0.05Ba2Cu3O6.85,57.2,new,1,1,A:trace-dopant(Pr 0.0039)
Y1Ba2Cu3.956Zn0.044O8-MP-mp-6790.cif,Y1Ba2Cu3.956Zn0.044O8,56.8,new,1,1,A:trace-dopant(Zn 0.0029)
Y1Ba2Cu2.982Zn0.018O6.78-MP-mp-1228903.cif,Y1Ba2Cu2.982Zn0.018O6.78,56.0,new,1,1,A:trace-dopant(Zn 0.0014)
Y1Ba2Cu2.94Zn0.06O6.83-MP-mp-20674.cif,Y1Ba2Cu2.94Zn0.06O6.83,55.0,new,1,1,A:trace-dopant(Zn 0.0047)
Nd1Ba2Cu2.95Ga0.05O6.59-MP-mp-22719.cif,Nd1Ba2Cu2.95Ga0.05O6.59,53.0,new,1,1,A:trace-dopant(Ga 0.0040)
Tl0.5Pb0.5Sr2Ca1Cu2.95Co0.05O7-MP-mp-20824.cif,Tl0.5Pb0.5Sr2Ca1Cu2.95Co0.05O7,53.0,new,1,1,A:trace-dopant(Co 0.0036)
Y1Ba2Cu2.95Fe0.05O6.73-MP-mp-1228425.cif,Y1Ba2Cu2.95Fe0.05O6.73,52.7,new,1,1,A:trace-dopant(Fe 0.0039)
Y1Ba2Cu3.96Zn0.06O8-MP-mp-6790.cif,Y1Ba2Cu3.96Zn0.06O8,50.1,new,1,1,A:trace-dopant(Zn 0.0040)
La0.85Ca0.05Pr0.1Ba1.5Sr0.5Cu3O6.865-MP-mp-1228253.cif,La0.85Ca0.05Pr0.1Ba1.5Sr0.5Cu3O6.865,50.0,new,1,1,A:trace-dopant(Ca 0.0039)
Y1Ba2Cu2.97Zn0.03O6.7-MP-mp-1228425.cif,Y1Ba2Cu2.97Zn0.03O6.7,50.0,new,1,1,A:trace-dopant(Zn 0.0024)
Tl0.5Pb0.5Sr2Ca1Cu2.95Ni0.05O7-MP-mp-20824.cif,Tl0.5Pb0.5Sr2Ca1Cu2.95Ni0.05O7,50.0,new,1,1,A:trace-dopant(Ni 0.0036)
Ca1La1Ba1Cu2.97Fe0.03O7-MP-mp-1228470.cif,Ca1La1Ba1Cu2.97Fe0.03O7,49.0,new,1,1,A:trace-dopant(Fe 0.0023)
Y1Ba1.9La0.1Cu3.972Zn0.028O8-MP-mp-6790.cif,Y1Ba1.9La0.1Cu3.972Zn0.028O8,48.7,new,1,1,A:trace-dopant(Zn 0.0019)
Y1Ba2Cu2.95Zn0.05O6.75-MP-mp-1228425.cif,Y1Ba2Cu2.95Zn0.05O6.75,48.0,new,1,1,A:trace-dopant(Zn 0.0039)
Y1Ba2Cu2.94Ni0.06O6.7-MP-mp-1228425.cif,Y1Ba2Cu2.94Ni0.06O6.7,47.4,new,1,1,A:trace-dopant(Ni 0.0047)
Eu1Ba2Cu3O6.962-MP-mp-622211.cif,Eu1Ba2Cu3O6.962,47.385,new,1,1,E:literature-IQR-47.4K(n=2)
Y1Ba2Cu3.95Zn0.05O8-MP-mp-6790.cif,Y1Ba2Cu3.95Zn0.05O8,47.25,new,1,1,A:trace-dopant(Zn 0.0033)
Y0.8Pr0.2Ba2Cu3.975Fe0.025O8-MP-mp-1229203.cif,Y0.8Pr0.2Ba2Cu3.975Fe0.025O8,46.0,new,1,1,A:trace-dopant(Fe 0.0017)
Nd0.95Pr0.05Ba2Cu3O6.75-MP-mp-22719.cif,Nd0.95Pr0.05Ba2Cu3O6.75,45.8,new,1,1,A:trace-dopant(Pr 0.0039)
Sm1Fe0.99Ni0.01As1F0.12O0.88-MP-mp-20349.cif,Sm1Fe0.99Ni0.01As1F0.12O0.88,45.7,new,1,1,A:trace-dopant(Ni 0.0025)
Ca1La1Ba1Cu2.94Fe0.06O7-MP-mp-1228470.cif,Ca1La1Ba1Cu2.94Fe0.06O7,44.0,new,1,1,A:trace-dopant(Fe 0.0046)
Y1Ba2Cu2.95Fe0.05O6.69-MP-mp-1228425.cif,Y1Ba2Cu2.95Fe0.05O6.69,43.5,new,1,1,A:trace-dopant(Fe 0.0039)
Y1Ba2Cu3O6.79-MP-mp-1228903.cif,Y1Ba2Cu3O6.79,43.45,new,1,1,E:literature-IQR-43.5K(n=2)
Y1Ba2Cu3.938Zn0.062O8-MP-mp-6790.cif,Y1Ba2Cu3.938Zn0.062O8,43.3,new,1,1,A:trace-dopant(Zn 0.0041)
Y1Ba2Cu2.94Ni0.06O6.64-MP-mp-1228425.cif,Y1Ba2Cu2.94Ni0.06O6.64,43.1,new,1,1,A:trace-dopant(Ni 0.0047)
Y1Ba2Cu2.961Zn0.039O6.78-MP-mp-1228903.cif,Y1Ba2Cu2.961Zn0.039O6.78,42.9,new,1,1,A:trace-dopant(Zn 0.0031)
Y1Ba2Cu2.94Zn0.06O6.76-MP-mp-1228903.cif,Y1Ba2Cu2.94Zn0.06O6.76,42.55,new,1,1,A:trace-dopant(Zn 0.0047)
Y1Ba2Cu2.97Zn0.03O6.63-MP-mp-1228425.cif,Y1Ba2Cu2.97Zn0.03O6.63,42.5,new,1,1,A:trace-dopant(Zn 0.0024)
Sr0.9La0.1Cu0.99Zn0.01O2-MP-mp-37514.cif,Sr0.9La0.1Cu0.99Zn0.01O2,42.0,new,1,1,A:trace-dopant(Zn 0.0025)
B2Mg0.988Sc0.012-MP-mp-763-synth_doped.cif,B2Mg0.988Sc0.012,41.4,V45,1,1,A:trace-dopant(Sc 0.0040)
Y1Ba2Cu2.97Zn0.03O6.68-MP-mp-1228425.cif,Y1Ba2Cu2.97Zn0.03O6.68,41.0,new,1,1,A:trace-dopant(Zn 0.0024)
La1Ba2Cu2.95Co0.05O6.94-MP-mp-622210.cif,La1Ba2Cu2.95Co0.05O6.94,40.5,new,1,1,A:trace-dopant(Co 0.0039)
Y1Ba2Cu2.94Ni0.06O6.6-MP-mp-1228425.cif,Y1Ba2Cu2.94Ni0.06O6.6,40.1,new,1,1,A:trace-dopant(Ni 0.0048)
La1.82Ca1.16Y0.02Cu2O6-MP-mp-1213978.cif,La1.82Ca1.16Y0.02Cu2O6,40.0,new,1,1,A:trace-dopant(Y 0.0018)
La2Cu0.965V0.035O4.045-MP-mp-757399.cif,La2Cu0.965V0.035O4.045,40.0,new,1,1,A:trace-dopant(V 0.0050)
La2Cu0.975V0.025O4.032-MP-mp-757399.cif,La2Cu0.975V0.025O4.032,40.0,new,1,1,A:trace-dopant(V 0.0036)
La1.98Sr0.02Cu1O4.09-MP-mp-757399.cif,La1.98Sr0.02Cu1O4.09,40.0,new,1,1,A:trace-dopant(Sr 0.0028)
La1.99Sr0.01Cu1O4.13-MP-mp-757399.cif,La1.99Sr0.01Cu1O4.13,40.0,new,1,1,A:trace-dopant(Sr 0.0014)
La2Cu0.985V0.015O4.021-MP-mp-757399.cif,La2Cu0.985V0.015O4.021,40.0,new,1,1,A:trace-dopant(V 0.0021)
Y1Ba2Cu2.97Zn0.03O6.67-MP-mp-1228425.cif,Y1Ba2Cu2.97Zn0.03O6.67,39.8,new,1,1,A:trace-dopant(Zn 0.0024)
La1.97Sr0.03Cu1O4.06-MP-mp-757399.cif,La1.97Sr0.03Cu1O4.06,39.0,new,1,1,A:trace-dopant(Sr 0.0042)
Y1Ba2Cu2.97Zn0.03O6.59-MP-mp-1228425.cif,Y1Ba2Cu2.97Zn0.03O6.59,38.7,new,1,1,A:trace-dopant(Zn 0.0024)
Sm1.15Ba1.85Cu3O6.955-MP-mp-21451.cif,Sm1.15Ba1.85Cu3O6.955,38.65,new,1,1,E:literature-IQR-38.6K(n=2)
B2Mg0.99Ti0.01-MP-mp-763-synth_doped.cif,B2Mg0.99Ti0.01,38.6,V45,1,1,A:trace-dopant(Ti 0.0033)
La1.25Ca0.05Ba1.7Cu3O7.03-MP-mp-558557.cif,La1.25Ca0.05Ba1.7Cu3O7.03,38.6,new,1,1,A:trace-dopant(Ca 0.0038)
B1.991C0.009Mg1-MP-mp-763-synth_doped.cif,B1.991C0.009Mg1,38.5,V45,1,1,A:trace-dopant(C 0.0030)
La1.86Sr0.14Cu0.99Li0.01O4-MP-mp-1077929.cif,La1.86Sr0.14Cu0.99Li0.01O4,38.25,new,1,1,A:trace-dopant(Li 0.0014)
B2Cu0.004Mg0.996-MP-mp-763-synth_doped.cif,B2Cu0.004Mg0.996,38.11,V45,1,1,A:trace-dopant(Cu 0.0013)
B2Cu0.011Mg0.989-MP-mp-763-synth_doped.cif,B2Cu0.011Mg0.989,38.05,V45,1,1,A:trace-dopant(Cu 0.0037)
Nd1Fe0.99Mn0.01As1F0.11O0.89-MP-mp-1220250.cif,Nd1Fe0.99Mn0.01As1F0.11O0.89,38.0,new,1,1,A:trace-dopant(Mn 0.0025)
La1Ba1.5Ca0.5Cu3O7.08-MP-mp-558557.cif,La1Ba1.5Ca0.5Cu3O7.08,38.0,new,1,1,E:literature-IQR-38.0K(n=2)
La1Ba1.5Ca0.5Cu3O6.86-MP-mp-1228470.cif,La1Ba1.5Ca0.5Cu3O6.86,38.0,new,1,1,E:literature-IQR-38.0K(n=2)
Y1Ba2Cu2.961Zn0.039O6.7-MP-mp-1228425.cif,Y1Ba2Cu2.961Zn0.039O6.7,38.0,new,1,1,A:trace-dopant(Zn 0.0031)
Al0.01B2Mg0.99-MP-mp-763-synth_doped.cif,Al0.01B2Mg0.99,37.95,V45,1,1,A:trace-dopant(Al 0.0033)
B2Fe0.003Mg0.997-MP-mp-763-synth_doped.cif,B2Fe0.003Mg0.997,37.8,V45,1,1,A:trace-dopant(Fe 0.0010)
Mg1.995Mn0.005B2-MP-mp-8365.cif,Mg1.995Mn0.005B2,37.7,new,1,1,A:trace-dopant(Mn 0.0013)
Mg1.99Mn0.01B2-MP-mp-8365.cif,Mg1.99Mn0.01B2,37.6,new,1,1,A:trace-dopant(Mn 0.0025)
Y1Ba2Cu2.94Ni0.06O6.56-MP-mp-1228425.cif,Y1Ba2Cu2.94Ni0.06O6.56,37.5,new,1,1,A:trace-dopant(Ni 0.0048)
Mg1.985Mn0.015B2-MP-mp-8365.cif,Mg1.985Mn0.015B2,37.4,new,1,1,A:trace-dopant(Mn 0.0037)
Y1Ba2Cu2.95Fe0.05O6.64-MP-mp-1228425.cif,Y1Ba2Cu2.95Fe0.05O6.64,37.4,new,1,1,A:trace-dopant(Fe 0.0040)
Sm1Fe0.99Mn0.01As1F0.12O0.88-MP-mp-20349.cif,Sm1Fe0.99Mn0.01As1F0.12O0.88,37.2,new,1,1,A:trace-dopant(Mn 0.0025)
B2Co0.01Mg0.99-MP-mp-763-synth_doped.cif,B2Co0.01Mg0.99,37.1,V45,1,1,A:trace-dopant(Co 0.0033)
Y1Ba2Cu2.94Zn0.06O6.75-MP-mp-1228425.cif,Y1Ba2Cu2.94Zn0.06O6.75,37.0,new,1,1,A:trace-dopant(Zn 0.0047)
La1.83Sr0.15Na0.02Cu1O4-MP-mp-1077929.cif,La1.83Sr0.15Na0.02Cu1O4,37.0,new,1,1,A:trace-dopant(Na 0.0029)
La1.81Sr0.19Cu0.98Mn0.02O4-MP-mp-1077929.cif,La1.81Sr0.19Cu0.98Mn0.02O4,37.0,new,1,1,A:trace-dopant(Mn 0.0029)
La1.82Sr0.18Cu0.98Mn0.02O4-MP-mp-1077929.cif,La1.82Sr0.18Cu0.98Mn0.02O4,37.0,new,1,1,A:trace-dopant(Mn 0.0029)
B2Cr0.01Mg0.99-MP-mp-763-synth_doped.cif,B2Cr0.01Mg0.99,36.7,V45,1,1,A:trace-dopant(Cr 0.0033)
La1.85Sr0.15Cu0.98Li0.02O4-MP-mp-1077929.cif,La1.85Sr0.15Cu0.98Li0.02O4,36.5,new,1,1,A:trace-dopant(Li 0.0029)
B2Mg0.99Pb0.01-MP-mp-763-synth_doped.cif,B2Mg0.99Pb0.01,35.9,V45,1,1,A:trace-dopant(Pb 0.0033)
B2Fe0.006Mg0.994-MP-mp-763-synth_doped.cif,B2Fe0.006Mg0.994,35.6,V45,1,1,A:trace-dopant(Fe 0.0020)
La1.8Nd0.2Cu0.99Zn0.01O4.086-MP-mp-757399.cif,La1.8Nd0.2Cu0.99Zn0.01O4.086,35.6,new,1,1,A:trace-dopant(Zn 0.0014)
Y1Ba2Cu2.94Zn0.06O6.73-MP-mp-1228425.cif,Y1Ba2Cu2.94Zn0.06O6.73,35.0,new,1,1,A:trace-dopant(Zn 0.0047)
La1.85Sr0.15Cu0.9975Co0.0025O4-MP-mp-1077929.cif,La1.85Sr0.15Cu0.9975Co0.0025O4,34.8,new,1,1,A:trace-dopant(Co 0.0004)
La1.85Sr0.15Cu0.9975Zn0.0025O4-MP-mp-1077929.cif,La1.85Sr0.15Cu0.9975Zn0.0025O4,34.8,new,1,1,A:trace-dopant(Zn 0.0004)
B2Fe0.01Mg0.99-MP-mp-763-synth_doped.cif,B2Fe0.01Mg0.99,34.7,V45,1,1,A:trace-dopant(Fe 0.0033)
La1.82Nd0.03Sr0.15Cu1O4-MP-mp-1077929.cif,La1.82Nd0.03Sr0.15Cu1O4,34.2,new,1,1,A:trace-dopant(Nd 0.0043)
La1.85Sr0.12Ca0.016Ba0.014Cu1O3.99-MP-mp-1077929.cif,La1.85Sr0.12Ca0.016Ba0.014Cu1O3.99,34.1,new,1,1,A:trace-dopant(Ba 0.0020)
La1.85Sr0.15Cu0.997Fe0.003O4-MP-mp-1077929.cif,La1.85Sr0.15Cu0.997Fe0.003O4,33.6,new,1,1,A:trace-dopant(Fe 0.0004)
B2Mg0.99Sn0.01-MP-mp-763-synth_doped.cif,B2Mg0.99Sn0.01,33.5,V45,1,1,A:trace-dopant(Sn 0.0033)
La1.85Sr0.15Cu0.97Li0.03O4-MP-mp-1077929.cif,La1.85Sr0.15Cu0.97Li0.03O4,33.5,new,1,1,A:trace-dopant(Li 0.0043)
B2Fe0.012Mg0.988-MP-mp-763-synth_doped.cif,B2Fe0.012Mg0.988,33.45,V45,1,1,A:trace-dopant(Fe 0.0040)
B2Mg0.99Mn0.01-MP-mp-763-synth_doped.cif,B2Mg0.99Mn0.01,33.4,V45,1,1,A:trace-dopant(Mn 0.0033)
Y1Ba1.9La0.1Cu3.95Zn0.05O8-MP-mp-6790.cif,Y1Ba1.9La0.1Cu3.95Zn0.05O8,33.3,new,1,1,A:trace-dopant(Zn 0.0033)
La0.75Ca0.05Pr0.2Ba1.5Sr0.5Cu3O6.886-MP-mp-1228253.cif,La0.75Ca0.05Pr0.2Ba1.5Sr0.5Cu3O6.886,33.0,new,1,1,A:trace-dopant(Ca 0.0039)
Y0.8Pr0.2Ba2Cu3.95Fe0.05O8-MP-mp-1229203.cif,Y0.8Pr0.2Ba2Cu3.95Fe0.05O8,33.0,new,1,1,A:trace-dopant(Fe 0.0033)
La1.855Sr0.145Cu0.99Ni0.01O4-MP-mp-1077929.cif,La1.855Sr0.145Cu0.99Ni0.01O4,33.0,new,1,1,A:trace-dopant(Ni 0.0014)
La1.835Sr0.165Cu0.995Ni0.005O4-MP-mp-1077929.cif,La1.835Sr0.165Cu0.995Ni0.005O4,33.0,new,1,1,A:trace-dopant(Ni 0.0007)
La1.82Sr0.18Cu1O3.987-MP-mp-1077929.cif,La1.82Sr0.18Cu1O3.987,33.0,new,1,1,E:literature-IQR-17.0K(n=3)
La1.81Sr0.19Cu0.98Ti0.02O4-MP-mp-1077929.cif,La1.81Sr0.19Cu0.98Ti0.02O4,33.0,new,1,1,A:trace-dopant(Ti 0.0029)
La1.87Sr0.13Cu0.98Li0.02O4-MP-mp-1077929.cif,La1.87Sr0.13Cu0.98Li0.02O4,32.85,new,1,1,A:trace-dopant(Li 0.0029)
La1.85Sr0.15Cu0.993Ni0.007O4-MP-mp-1077929.cif,La1.85Sr0.15Cu0.993Ni0.007O4,32.6,new,1,1,A:trace-dopant(Ni 0.0010)
La1.84Sr0.16Cu0.99Fe0.01O4-MP-mp-1077929.cif,La1.84Sr0.16Cu0.99Fe0.01O4,32.5,new,1,1,A:trace-dopant(Fe 0.0014)
La1.85Sr0.15Cu0.98Ti0.02O4-MP-mp-1077929.cif,La1.85Sr0.15Cu0.98Ti0.02O4,32.3,new,1,1,A:trace-dopant(Ti 0.0029)
La1.85Sr0.09Ca0.034Ba0.026Cu1O3.99-MP-mp-1077929.cif,La1.85Sr0.09Ca0.034Ba0.026Cu1O3.99,32.2,new,1,1,A:trace-dopant(Ba 0.0037)
Sr0.2La1.8Cu0.98Mn0.02O4-MP-mp-1077929.cif,Sr0.2La1.8Cu0.98Mn0.02O4,32.0,new,1,1,A:trace-dopant(Mn 0.0029)
La1.842Nd0.008Sr0.036Ba0.114Cu1O4-MP-mp-1077929.cif,La1.842Nd0.008Sr0.036Ba0.114Cu1O4,31.7,new,1,1,A:trace-dopant(Nd 0.0011)
La1.842Nd0.008Sr0.036Ba0.114Cu1O3.98-MP-mp-1077929.cif,La1.842Nd0.008Sr0.036Ba0.114Cu1O3.98,31.7,new,1,1,A:trace-dopant(Nd 0.0011)
La1.875Ba0.005Sr0.12Cu1O4-MP-mp-1077929.cif,La1.875Ba0.005Sr0.12Cu1O4,31.1,new,1,1,A:trace-dopant(Ba 0.0007)
La1.812Nd0.038Sr0.026Ba0.124Cu1O4-MP-mp-1077929.cif,La1.812Nd0.038Sr0.026Ba0.124Cu1O4,31.1,new,1,1,A:trace-dopant(Sr 0.0037)
Fe1.979K0.8Mn0.021Se2-MP-mp-1070735-synth_doped.cif,Fe1.979K0.8Mn0.021Se2,31.0,V45,1,1,A:trace-dopant(Mn 0.0044)
Fe1.99K0.8Mn0.01Se2-MP-mp-1070735-synth_doped.cif,Fe1.99K0.8Mn0.01Se2,31.0,V45,1,1,A:trace-dopant(Mn 0.0021)
La1.85Sr0.15Cu0.9925Zn0.0075O4-MP-mp-1077929.cif,La1.85Sr0.15Cu0.9925Zn0.0075O4,30.8375,new,1,1,A:trace-dopant(Zn 0.0011)
La1.85Sr0.15Cu0.99Ni0.01O4-MP-mp-1077929.cif,La1.85Sr0.15Cu0.99Ni0.01O4,30.675,new,1,1,A:trace-dopant(Ni 0.0014)
La1.85Sr0.15Cu0.996Co0.004O4-MP-mp-1077929.cif,La1.85Sr0.15Cu0.996Co0.004O4,30.6,new,1,1,A:trace-dopant(Co 0.0006)
La1.83Sr0.17Cu0.99Ru0.01O4-MP-mp-1077929.cif,La1.83Sr0.17Cu0.99Ru0.01O4,30.55,new,1,1,A:trace-dopant(Ru 0.0014)
La1.84Sr0.16Cu0.99Mn0.01O4-MP-mp-1077929.cif,La1.84Sr0.16Cu0.99Mn0.01O4,30.4,new,1,1,A:trace-dopant(Mn 0.0014)
La1.8Sr0.2Cu0.9975Zn0.0025O4-MP-mp-1077929.cif,La1.8Sr0.2Cu0.9975Zn0.0025O4,30.2,new,1,1,A:trace-dopant(Zn 0.0004)
Y1Ba2Cu3.928Zn0.072O8-MP-mp-6790.cif,Y1Ba2Cu3.928Zn0.072O8,30.1,new,1,1,A:trace-dopant(Zn 0.0048)
La1.83Sr0.17Cu0.99Ni0.01O4-MP-mp-1077929.cif,La1.83Sr0.17Cu0.99Ni0.01O4,30.1,new,1,1,A:trace-dopant(Ni 0.0014)
La1.85Sr0.12Ca0.016Ba0.014Cu1O4-MP-mp-1077929.cif,La1.85Sr0.12Ca0.016Ba0.014Cu1O4,30.0,new,1,1,A:trace-dopant(Ba 0.0020)
La1.776Nd0.074Sr0.014Ba0.136Cu1O4.03-MP-mp-757399.cif,La1.776Nd0.074Sr0.014Ba0.136Cu1O4.03,30.0,new,1,1,A:trace-dopant(Sr 0.0020)
La1.776Nd0.074Sr0.014Ba0.136Cu1O4-MP-mp-1077929.cif,La1.776Nd0.074Sr0.014Ba0.136Cu1O4,30.0,new,1,1,A:trace-dopant(Sr 0.0020)
Y1Ba2Cu2.95Zn0.05O6.72-MP-mp-1228425.cif,Y1Ba2Cu2.95Zn0.05O6.72,30.0,new,1,1,A:trace-dopant(Zn 0.0039)
Sr0.9La0.1Cu0.99Ni0.01O2-MP-mp-37514.cif,Sr0.9La0.1Cu0.99Ni0.01O2,30.0,new,1,1,A:trace-dopant(Ni 0.0025)
Y1Ba2Cu2.97Zn0.03O6.47-MP-mp-20897.cif,Y1Ba2Cu2.97Zn0.03O6.47,29.8,new,1,1,A:trace-dopant(Zn 0.0024)
La1.85Sr0.15Cu0.995Ga0.005O4-MP-mp-1077929.cif,La1.85Sr0.15Cu0.995Ga0.005O4,29.8,new,1,1,A:trace-dopant(Ga 0.0007)
La1.875Ba0.025Sr0.1Cu1O4-MP-mp-1077929.cif,La1.875Ba0.025Sr0.1Cu1O4,29.65,new,1,1,A:trace-dopant(Ba 0.0036)
La1.825Sr0.175Cu0.99Ru0.01O4-MP-mp-1077929.cif,La1.825Sr0.175Cu0.99Ru0.01O4,29.6,new,1,1,A:trace-dopant(Ru 0.0014)
La1.84Sr0.16Cu0.99Co0.01O4-MP-mp-1077929.cif,La1.84Sr0.16Cu0.99Co0.01O4,29.5,new,1,1,A:trace-dopant(Co 0.0014)
La1.736Nd0.114Ca0.138Ba0.012Cu1O4.02-MP-icsd-41494.cif,La1.736Nd0.114Ca0.138Ba0.012Cu1O4.02,29.4,new,1,1,A:trace-dopant(Ba 0.0017)
La2Cu0.99Zn0.01O4.099-MP-mp-757399.cif,La2Cu0.99Zn0.01O4.099,29.3,new,1,1,A:trace-dopant(Zn 0.0014)
Rb3C60C60-MP-mp-568643.cif,Rb3C60C60,29.0,new,1,1,"A:huge-coefficient(max 120, 123 atoms)"
La1.82Sr0.18Cu0.97Fe0.03O4-MP-mp-1077929.cif,La1.82Sr0.18Cu0.97Fe0.03O4,29.0,new,1,1,A:trace-dopant(Fe 0.0043)
Sr0.2La1.8Cu0.99Zn0.01O4-MP-mp-1077929.cif,Sr0.2La1.8Cu0.99Zn0.01O4,29.0,new,1,1,A:trace-dopant(Zn 0.0014)
La1.81Sr0.19Cu0.995Zn0.005O4-MP-mp-1077929.cif,La1.81Sr0.19Cu0.995Zn0.005O4,29.0,new,1,1,A:trace-dopant(Zn 0.0007)
La1.87Sr0.13Cu0.9975Zn0.0025O4-MP-mp-1077929.cif,La1.87Sr0.13Cu0.9975Zn0.0025O4,28.92,new,1,1,A:trace-dopant(Zn 0.0004)
La1.85Sr0.15Cu0.992Al0.008O4-MP-mp-1077929.cif,La1.85Sr0.15Cu0.992Al0.008O4,28.75,new,1,1,A:trace-dopant(Al 0.0011)
Sm1Ba2Cu3O6.554-MP-mp-21451.cif,Sm1Ba2Cu3O6.554,28.75,new,1,1,E:literature-IQR-15.9K(n=2)
La1.85Sr0.09Ca0.034Ba0.026Cu1O4-MP-mp-1077929.cif,La1.85Sr0.09Ca0.034Ba0.026Cu1O4,28.5,new,1,1,A:trace-dopant(Ba 0.0037)
La1.85Sr0.15Cu0.99Zn0.01O4-MP-mp-1077929.cif,La1.85Sr0.15Cu0.99Zn0.01O4,28.36,new,1,1,A:trace-dopant(Zn 0.0014)
La1.82Sr0.18Cu0.99Ru0.01O4-MP-mp-1077929.cif,La1.82Sr0.18Cu0.99Ru0.01O4,28.3,new,1,1,A:trace-dopant(Ru 0.0014)
La0.77Y0.23Fe0.995Mn0.005As1F0.11O0.89-MP-mp-1223197.cif,La0.77Y0.23Fe0.995Mn0.005As1F0.11O0.89,27.9,new,1,1,A:trace-dopant(Mn 0.0013)
La1.85Sr0.15Cu0.996Fe0.004O4-MP-mp-1077929.cif,La1.85Sr0.15Cu0.996Fe0.004O4,27.825,new,1,1,A:trace-dopant(Fe 0.0006)
La1.85Sr0.15Cu0.985Ni0.015O4-MP-mp-1077929.cif,La1.85Sr0.15Cu0.985Ni0.015O4,27.8,new,1,1,A:trace-dopant(Ni 0.0021)
La0.8Y0.2Fe0.997Mn0.003As1F0.11O0.89-MP-mp-1223197.cif,La0.8Y0.2Fe0.997Mn0.003As1F0.11O0.89,27.525,new,1,1,A:trace-dopant(Mn 0.0008)
La1Fe0.985Ru0.015As1F0.11O0.89-MP-mp-1281007.cif,La1Fe0.985Ru0.015As1F0.11O0.89,27.5,new,1,1,A:trace-dopant(Ru 0.0037)
Y1Ba2Cu2.9Zn0.1O6.81-MP-mp-20674.cif,Y1Ba2Cu2.9Zn0.1O6.81,27.5,new,1,1,E:literature-IQR-27.5K(n=2)
La1.65Nd0.2Ca0.122Ba0.028Cu1O3.99-MP-mp-1077929.cif,La1.65Nd0.2Ca0.122Ba0.028Cu1O3.99,27.1,new,1,1,A:trace-dopant(Ba 0.0040)
La1.8Sr0.2Cu0.995Zn0.005O4-MP-mp-1077929.cif,La1.8Sr0.2Cu0.995Zn0.005O4,27.0,new,1,1,A:trace-dopant(Zn 0.0007)
La1.836Sr0.164Cu0.99Ga0.01O4-MP-mp-1077929.cif,La1.836Sr0.164Cu0.99Ga0.01O4,26.9,new,1,1,A:trace-dopant(Ga 0.0014)
Nd0.95Pr0.05Ba2Cu3O6.65-MP-mp-22719.cif,Nd0.95Pr0.05Ba2Cu3O6.65,26.7,new,1,1,A:trace-dopant(Pr 0.0040)
La1.81Sr0.19Cu0.99Ru0.01O4-MP-mp-1077929.cif,La1.81Sr0.19Cu0.99Ru0.01O4,26.5,new,1,1,A:trace-dopant(Ru 0.0014)
La1.834Sr0.166Cu0.99Zn0.01O4-MP-mp-1077929.cif,La1.834Sr0.166Cu0.99Zn0.01O4,26.5,new,1,1,A:trace-dopant(Zn 0.0014)
Ba0.6K0.4Bi0.99Pr0.01O3-MP-mp-1516766.cif,Ba0.6K0.4Bi0.99Pr0.01O3,26.4,new,1,1,A:trace-dopant(Pr 0.0020)
Y1Ba2Cu2.95Fe0.05O6.6-MP-mp-1228425.cif,Y1Ba2Cu2.95Fe0.05O6.6,26.2,new,1,1,A:trace-dopant(Fe 0.0040)
La1.985Sr0.015Cu1O4.032-MP-mp-757399.cif,La1.985Sr0.015Cu1O4.032,26.0,new,1,1,A:trace-dopant(Sr 0.0021)
La1.8Sr0.2Cu0.995Fe0.005O4-MP-mp-1077929.cif,La1.8Sr0.2Cu0.995Fe0.005O4,25.5,new,1,1,A:trace-dopant(Fe 0.0007)
La1.85Sr0.016Ca0.074Ba0.06Cu1O4.01-MP-icsd-41494.cif,La1.85Sr0.016Ca0.074Ba0.06Cu1O4.01,25.4,new,1,1,A:trace-dopant(Sr 0.0023)
La0.8Y0.2Fe0.99Mn0.01As1F0.11O0.89-MP-mp-1223197.cif,La0.8Y0.2Fe0.99Mn0.01As1F0.11O0.89,25.3,new,1,1,A:trace-dopant(Mn 0.0025)
La1.85Sr0.15Cu0.99Co0.01O4-MP-mp-1077929.cif,La1.85Sr0.15Cu0.99Co0.01O4,25.2,new,1,1,A:trace-dopant(Co 0.0014)
Y1Ba2Cu2.95Zn0.05O6.69-MP-mp-1228425.cif,Y1Ba2Cu2.95Zn0.05O6.69,25.0,new,1,1,A:trace-dopant(Zn 0.0039)
La1.825Sr0.175Cu0.985Ni0.015O4-MP-mp-1077929.cif,La1.825Sr0.175Cu0.985Ni0.015O4,25.0,new,1,1,A:trace-dopant(Ni 0.0021)
La1.83Sr0.17Cu0.99Zn0.01O4-MP-mp-1077929.cif,La1.83Sr0.17Cu0.99Zn0.01O4,25.0,new,1,1,A:trace-dopant(Zn 0.0014)
La1.855Sr0.145Cu0.99Zn0.01O4-MP-mp-1077929.cif,La1.855Sr0.145Cu0.99Zn0.01O4,24.7,new,1,1,A:trace-dopant(Zn 0.0014)
La1Fe0.9875Co0.0125As1F0.11O0.89-MP-mp-1281007.cif,La1Fe0.9875Co0.0125As1F0.11O0.89,24.5,new,1,1,A:trace-dopant(Co 0.0031)
La0.9Y0.1Fe0.995Mn0.005As1F0.11O0.89-MP-mp-1281007.cif,La0.9Y0.1Fe0.995Mn0.005As1F0.11O0.89,24.1,new,1,1,A:trace-dopant(Mn 0.0013)
La1.85Sr0.03Ca0.066Ba0.054Cu1O4-MP-mp-1077929.cif,La1.85Sr0.03Ca0.066Ba0.054Cu1O4,24.0,new,1,1,A:trace-dopant(Sr 0.0043)
Y1Ba2Cu2.95Zn0.05O6.56-MP-mp-1228425.cif,Y1Ba2Cu2.95Zn0.05O6.56,24.0,new,1,1,A:trace-dopant(Zn 0.0040)
La1.815Sr0.185Cu0.99Zn0.01O4-MP-mp-1077929.cif,La1.815Sr0.185Cu0.99Zn0.01O4,24.0,new,1,1,A:trace-dopant(Zn 0.0014)
La1.87Sr0.13Cu0.9925Zn0.0075O4-MP-mp-1077929.cif,La1.87Sr0.13Cu0.9925Zn0.0075O4,23.73,new,1,1,A:trace-dopant(Zn 0.0011)
La1.9Sr0.1Cu0.9975Zn0.0025O4-MP-mp-1077929.cif,La1.9Sr0.1Cu0.9975Zn0.0025O4,23.655,new,1,1,A:trace-dopant(Zn 0.0004)
La1.8Sr0.2Cu0.9883Zn0.0117O4-MP-mp-1077929.cif,La1.8Sr0.2Cu0.9883Zn0.0117O4,23.6,new,1,1,A:trace-dopant(Zn 0.0017)
La1.85Sr0.016Ca0.074Ba0.06Cu1O4-MP-mp-1077929.cif,La1.85Sr0.016Ca0.074Ba0.06Cu1O4,23.5,new,1,1,A:trace-dopant(Sr 0.0023)
Ba0.6K0.4Bi0.979Pr0.021O3-MP-mp-1516766.cif,Ba0.6K0.4Bi0.979Pr0.021O3,23.5,new,1,1,A:trace-dopant(Pr 0.0042)
Y1Ba2Cu2.95Zn0.05O6.63-MP-mp-1228425.cif,Y1Ba2Cu2.95Zn0.05O6.63,23.0,new,1,1,A:trace-dopant(Zn 0.0040)
Y1Ba2Cu2.94Ni0.06O6.47-MP-mp-20897.cif,Y1Ba2Cu2.94Ni0.06O6.47,23.0,new,1,1,A:trace-dopant(Ni 0.0048)
Y1Ba2Cu2.95Zn0.05O6.52-MP-mp-1228425.cif,Y1Ba2Cu2.95Zn0.05O6.52,23.0,new,1,1,A:trace-dopant(Zn 0.0040)
La0.8Y0.2Fe0.992Mn0.008As1F0.11O0.89-MP-mp-1223197.cif,La0.8Y0.2Fe0.992Mn0.008As1F0.11O0.89,22.7,new,1,1,A:trace-dopant(Mn 0.0020)
Y1Ba2Cu2.94Zn0.06O6.68-MP-mp-1228425.cif,Y1Ba2Cu2.94Zn0.06O6.68,22.5,new,1,1,A:trace-dopant(Zn 0.0047)
Y1Ba2Cu3O6.44-MP-mp-20897.cif,Y1Ba2Cu3O6.44,22.5,new,1,1,E:literature-IQR-22.5K(n=2)
La1.85Sr0.15Cu0.982Ni0.018O4-MP-mp-1077929.cif,La1.85Sr0.15Cu0.982Ni0.018O4,22.5,new,1,1,A:trace-dopant(Ni 0.0026)
La1.885Sr0.115Cu0.9975Zn0.0025O4-MP-mp-1077929.cif,La1.885Sr0.115Cu0.9975Zn0.0025O4,22.46,new,1,1,A:trace-dopant(Zn 0.0004)
La1.83Sr0.17Cu0.98Ni0.02O4-MP-mp-1077929.cif,La1.83Sr0.17Cu0.98Ni0.02O4,22.45,new,1,1,A:trace-dopant(Ni 0.0029)
Pr1.85Ce0.15Cu0.98V0.02O3.98-MP-mp-4181.cif,Pr1.85Ce0.15Cu0.98V0.02O3.98,22.3,new,1,1,A:trace-dopant(V 0.0029)
Nd1.85Ce0.15Cu0.995Mn0.005O4-MP-mp-4158.cif,Nd1.85Ce0.15Cu0.995Mn0.005O4,22.1,new,1,1,A:trace-dopant(Mn 0.0007)
La1.79Sr0.21Cu0.99Ru0.01O4-MP-mp-1077929.cif,La1.79Sr0.21Cu0.99Ru0.01O4,22.1,new,1,1,A:trace-dopant(Ru 0.0014)
Co0.004Fe1.996K0.8Se2-MP-mp-1070735-synth_doped.cif,Co0.004Fe1.996K0.8Se2,22.0,V45,1,1,A:trace-dopant(Co 0.0008)
Pr1.85Ce0.15Cu0.99V0.01O3.98-MP-mp-4181.cif,Pr1.85Ce0.15Cu0.99V0.01O3.98,22.0,new,1,1,A:trace-dopant(V 0.0014)
Sr0.2La1.8Cu0.99Cr0.01O4-MP-mp-1077929.cif,Sr0.2La1.8Cu0.99Cr0.01O4,22.0,new,1,1,A:trace-dopant(Cr 0.0014)
La1.85Sr0.15Cu0.984Zn0.016O4-MP-mp-1077929.cif,La1.85Sr0.15Cu0.984Zn0.016O4,21.95,new,1,1,A:trace-dopant(Zn 0.0023)
Pr1.85Ce0.15Cu0.97V0.03O3.98-MP-mp-4181.cif,Pr1.85Ce0.15Cu0.97V0.03O3.98,21.2,new,1,1,A:trace-dopant(V 0.0043)
Nd1.85Ce0.15Cu0.98Mn0.02O4-MP-mp-4158.cif,Nd1.85Ce0.15Cu0.98Mn0.02O4,21.1,new,1,1,A:trace-dopant(Mn 0.0029)
La1.775Sr0.225Cu0.995Ni0.005O4-MP-mp-1077929.cif,La1.775Sr0.225Cu0.995Ni0.005O4,21.0,new,1,1,A:trace-dopant(Ni 0.0007)
Ba1Fe1.889Co0.102Cu0.009As2-MP-mp-2903350.cif,Ba1Fe1.889Co0.102Cu0.009As2,20.95,new,1,1,A:trace-dopant(Cu 0.0018)
Al0.75Ge0.25Nb0.003-MP-mp-1183195.cif,Al0.75Ge0.25Nb0.003,20.7,new,1,1,A:trace-dopant(Nb 0.0030)
La1.85Sr0.15Cu0.99Ru0.01O4-MP-mp-1077929.cif,La1.85Sr0.15Cu0.99Ru0.01O4,20.5,new,1,1,A:trace-dopant(Ru 0.0014)
Y2Ba4Cu7O14.03-MP-mp-1228264.cif,Y2Ba4Cu7O14.03,20.15,new,1,1,E:literature-IQR-15.8K(n=2)
Cr0.004Fe1.996K0.8Se2-MP-mp-1070735-synth_doped.cif,Cr0.004Fe1.996K0.8Se2,20.0,V45,1,1,A:trace-dopant(Cr 0.0008)
Ba1Fe1.87Zn0.02Co0.11As2-MP-mp-2903350.cif,Ba1Fe1.87Zn0.02Co0.11As2,20.0,new,1,1,A:trace-dopant(Zn 0.0040)
Nd1.8315Y0.0185Ce0.15Cu1O4-MP-mp-4158.cif,Nd1.8315Y0.0185Ce0.15Cu1O4,20.0,new,1,1,A:trace-dopant(Y 0.0026)
La1.79Sr0.21Cu0.99Zn0.01O4-MP-mp-1077929.cif,La1.79Sr0.21Cu0.99Zn0.01O4,20.0,new,1,1,A:trace-dopant(Zn 0.0014)
La1.805Sr0.195Cu0.99Zn0.01O4-MP-mp-1077929.cif,La1.805Sr0.195Cu0.99Zn0.01O4,20.0,new,1,1,A:trace-dopant(Zn 0.0014)
La1.79Sr0.21Cu0.995Zn0.005O4-MP-mp-1077929.cif,La1.79Sr0.21Cu0.995Zn0.005O4,20.0,new,1,1,A:trace-dopant(Zn 0.0007)
La1.8Sr0.2Cu0.983Zn0.017O4-MP-mp-1077929.cif,La1.8Sr0.2Cu0.983Zn0.017O4,19.8,new,1,1,A:trace-dopant(Zn 0.0024)
Nd1.85Ce0.15Cu0.998Fe0.002O4-MP-mp-4158.cif,Nd1.85Ce0.15Cu0.998Fe0.002O4,19.5,new,1,1,A:trace-dopant(Fe 0.0003)
La1.85Sr0.15Cu0.983Zn0.017O4-MP-mp-1077929.cif,La1.85Sr0.15Cu0.983Zn0.017O4,19.4,new,1,1,A:trace-dopant(Zn 0.0024)
La1.78Sr0.22Cu0.9975Zn0.0025O4-MP-mp-1077929.cif,La1.78Sr0.22Cu0.9975Zn0.0025O4,19.25,new,1,1,A:trace-dopant(Zn 0.0004)
La2Cu0.98Zn0.02O4.099-MP-icsd-41494.cif,La2Cu0.98Zn0.02O4.099,19.2,new,1,1,A:trace-dopant(Zn 0.0028)
La1Fe0.99975Mn0.00025As1F0.11O0.89-MP-mp-1281007.cif,La1Fe0.99975Mn0.00025As1F0.11O0.89,19.075,new,1,1,A:trace-dopant(Mn 0.0001)
Al0.991Ge0.009Nb3-MP-mp-796-synth_doped.cif,Al0.991Ge0.009Nb3,19.0,V45,1,1,A:trace-dopant(Ge 0.0022)
La1.842Ba0.158Cu0.99Ni0.01O4-MP-mp-1077929.cif,La1.842Ba0.158Cu0.99Ni0.01O4,19.0,new,1,1,A:trace-dopant(Ni 0.0014)
La1.81Sr0.19Cu0.99Zn0.01O4-MP-mp-1077929.cif,La1.81Sr0.19Cu0.99Zn0.01O4,19.0,new,1,1,A:trace-dopant(Zn 0.0014)
Y1Ba2Cu2.94Zn0.06O6.65-MP-mp-1228425.cif,Y1Ba2Cu2.94Zn0.06O6.65,18.9,new,1,1,A:trace-dopant(Zn 0.0047)
La1.87Sr0.13Cu0.99Zn0.01O4-MP-mp-1077929.cif,La1.87Sr0.13Cu0.99Zn0.01O4,18.83,new,1,1,A:trace-dopant(Zn 0.0014)
Al0.983Ga0.017Nb3-MP-mp-796-synth_doped.cif,Al0.983Ga0.017Nb3,18.8,V45,1,1,A:trace-dopant(Ga 0.0043)
Y1Ba2Cu2.94Zn0.06O6.59-MP-mp-1228425.cif,Y1Ba2Cu2.94Zn0.06O6.59,18.75,new,1,1,A:trace-dopant(Zn 0.0048)
Nb75Ga7.5Al17.5-MP-mp-1220742.cif,Nb75Ga7.5Al17.5,18.700000000000003,new,1,1,"A:huge-coefficient(max 75, 100 atoms)"
Al0.985Nb3Si0.015-MP-mp-796-synth_doped.cif,Al0.985Nb3Si0.015,18.6,V45,1,1,A:trace-dopant(Si 0.0037)
La0.95Y0.05Fe0.995Mn0.005As1F0.11O0.89-MP-mp-1281007.cif,La0.95Y0.05Fe0.995Mn0.005As1F0.11O0.89,18.6,new,1,1,A:trace-dopant(Mn 0.0013)
La1.85Sr0.15Cu0.9875Co0.0125O4-MP-mp-1077929.cif,La1.85Sr0.15Cu0.9875Co0.0125O4,18.6,new,1,1,A:trace-dopant(Co 0.0018)
Nb75Ga15Al10-MP-mp-75.cif,Nb75Ga15Al10,18.55,new,1,1,"A:huge-coefficient(max 75, 100 atoms)"
Nd1.85Ce0.15Cu0.999Ni0.001O4-MP-mp-4158.cif,Nd1.85Ce0.15Cu0.999Ni0.001O4,18.525,new,1,1,A:trace-dopant(Ni 0.0001)
Gd0.02Pr1.83Ce0.15Cu1O4-MP-mp-4181.cif,Gd0.02Pr1.83Ce0.15Cu1O4,18.5,new,1,1,A:trace-dopant(Gd 0.0029)
La1.822Ba0.178Cu0.99Ni0.01O4-MP-mp-1077929.cif,La1.822Ba0.178Cu0.99Ni0.01O4,18.2,new,1,1,A:trace-dopant(Ni 0.0014)
La1.83Sr0.17Cu0.98Mn0.02O4-MP-mp-1077929.cif,La1.83Sr0.17Cu0.98Mn0.02O4,18.1,new,1,1,A:trace-dopant(Mn 0.0029)
Nd1.85Ce0.15Cu0.996Zn0.004O4-MP-mp-4158.cif,Nd1.85Ce0.15Cu0.996Zn0.004O4,18.05,new,1,1,A:trace-dopant(Zn 0.0006)
Al1Hf0.015Nb2.985-MP-mp-796-synth_doped.cif,Al1Hf0.015Nb2.985,18.0,V45,1,1,A:trace-dopant(Hf 0.0037)
Ba1Fe1.857Co0.13Mn0.013As2-MP-mp-2903350.cif,Ba1Fe1.857Co0.13Mn0.013As2,18.0,new,1,1,A:trace-dopant(Mn 0.0026)
Y1Ba2Cu2.95Zn0.05O6.47-MP-mp-20897.cif,Y1Ba2Cu2.95Zn0.05O6.47,18.0,new,1,1,A:trace-dopant(Zn 0.0040)
La1.77Sr0.23Cu0.99Ni0.01O4-MP-mp-1077929.cif,La1.77Sr0.23Cu0.99Ni0.01O4,18.0,new,1,1,A:trace-dopant(Ni 0.0014)
La1.77Sr0.23Cu0.995Zn0.005O4-MP-mp-1077929.cif,La1.77Sr0.23Cu0.995Zn0.005O4,18.0,new,1,1,A:trace-dopant(Zn 0.0007)
La1.78Sr0.22Cu0.993Zn0.007O4-MP-mp-1077929.cif,La1.78Sr0.22Cu0.993Zn0.007O4,18.0,new,1,1,A:trace-dopant(Zn 0.0010)
Y1Ba1.9La0.1Cu3.93Zn0.07O8-MP-mp-6790.cif,Y1Ba1.9La0.1Cu3.93Zn0.07O8,17.8,new,1,1,A:trace-dopant(Zn 0.0047)
Y1Ba2Cu2.95Fe0.05O6.55-MP-mp-1228425.cif,Y1Ba2Cu2.95Fe0.05O6.55,17.8,new,1,1,A:trace-dopant(Fe 0.0040)
Al1Nb2.993Zr0.007-MP-mp-796-synth_doped.cif,Al1Nb2.993Zr0.007,17.6,V45,1,1,A:trace-dopant(Zr 0.0018)
La1.8Sr0.2Cu0.9777Zn0.0223O4-MP-mp-1077929.cif,La1.8Sr0.2Cu0.9777Zn0.0223O4,17.383333335,new,1,1,A:trace-dopant(Zn 0.0032)
N0.998Nb1O0.002-MP-mp-2634-synth_doped.cif,N0.998Nb1O0.002,17.3,V45,1,1,A:trace-dopant(O 0.0010)
La1.9Sr0.1Cu0.9925Zn0.0075O4-MP-mp-1077929.cif,La1.9Sr0.1Cu0.9925Zn0.0075O4,17.255,new,1,1,A:trace-dopant(Zn 0.0011)
Nb75Ga10Al15-MP-mp-75.cif,Nb75Ga10Al15,17.2,new,1,1,"A:huge-coefficient(max 75, 100 atoms)"
Co0.008Fe1.992K0.8Se2-MP-mp-1070735-synth_doped.cif,Co0.008Fe1.992K0.8Se2,17.0,V45,1,1,A:trace-dopant(Co 0.0017)
Nb78.5Sn2.2Al12.8Ge6.5-MP-mp-1220748.cif,Nb78.5Sn2.2Al12.8Ge6.5,17.0,new,1,1,"A:huge-coefficient(max 78, 100 atoms)"
La1.9Ba0.1Cu0.99Ni0.01O4-MP-mp-1077929.cif,La1.9Ba0.1Cu0.99Ni0.01O4,17.0,new,1,1,A:trace-dopant(Ni 0.0014)
La1.83Sr0.17Cu0.98Co0.02O4-MP-mp-1077929.cif,La1.83Sr0.17Cu0.98Co0.02O4,17.0,new,1,1,A:trace-dopant(Co 0.0029)
La1.78Sr0.22Cu0.99Zn0.01O4-MP-mp-1077929.cif,La1.78Sr0.22Cu0.99Zn0.01O4,16.76666667,new,1,1,A:trace-dopant(Zn 0.0014)
V3Si1-MP-mp-2567.cif,V3Si1,16.70833333,new,1,1,E:literature-IQR-8.4K(n=3)
Ba1Fe1.982Mo0.018As2-MP-mp-2903350.cif,Ba1Fe1.982Mo0.018As2,16.7,new,1,1,A:trace-dopant(Mo 0.0036)
Be0.01Si0.99V3-MP-mp-2567-synth_doped.cif,Be0.01Si0.99V3,16.6,V45,1,1,A:trace-dopant(Be 0.0025)
Nd1.85Ce0.15Cu0.995Fe0.005O4-MP-mp-4158.cif,Nd1.85Ce0.15Cu0.995Fe0.005O4,16.5,new,1,1,A:trace-dopant(Fe 0.0007)
Si23.8V74.65-MP-mp-10711.cif,Si23.8V74.65,16.5,new,1,1,"A:huge-coefficient(max 75, 98 atoms)"
La0.006Si1V2.994-MP-mp-2567-synth_doped.cif,La0.006Si1V2.994,16.48,V45,1,1,A:trace-dopant(La 0.0015)
La1.85Sr0.15Cu0.985Al0.015O4-MP-mp-1077929.cif,La1.85Sr0.15Cu0.985Al0.015O4,16.45,new,1,1,A:trace-dopant(Al 0.0021)
Ba1Fe1.988Mo0.012As2-MP-mp-2903350.cif,Ba1Fe1.988Mo0.012As2,16.3,new,1,1,A:trace-dopant(Mo 0.0024)
B2C1La0.02Lu0.98Ni2-MP-mp-6544-synth_doped.cif,B2C1La0.02Lu0.98Ni2,16.2,V45,1,1,A:trace-dopant(La 0.0033)
Y1Ba1.8La0.2Cu3.97Zn0.03O8-MP-mp-6790.cif,Y1Ba1.8La0.2Cu3.97Zn0.03O8,16.2,new,1,1,A:trace-dopant(Zn 0.0020)
Si21.75V69.43-MP-mp-2567.cif,Si21.75V69.43,16.2,new,1,1,"A:huge-coefficient(max 69, 91 atoms)"
Si22.5V75-MP-mp-2567-synth_doped.cif,Si22.5V75,16.1,V45,1,1,"A:huge-coefficient(max 75, 98 atoms)"
La1.76Sr0.24Cu0.97Ru0.03O4-MP-mp-1077929.cif,La1.76Sr0.24Cu0.97Ru0.03O4,16.1,new,1,1,A:trace-dopant(Ru 0.0043)
Nb76Sn2.4Al19.2Ge2.4-MP-mp-1192223.cif,Nb76Sn2.4Al19.2Ge2.4,16.0,new,1,1,"A:huge-coefficient(max 76, 100 atoms)"
Pr1.8315Y0.0185Ce0.15Cu1O4-MP-mp-4181.cif,Pr1.8315Y0.0185Ce0.15Cu1O4,16.0,new,1,1,A:trace-dopant(Y 0.0026)
La1.985Sr0.015Cu1O4.024-MP-icsd-41494.cif,La1.985Sr0.015Cu1O4.024,16.0,new,1,1,A:trace-dopant(Sr 0.0021)
Si23.27V75.15-MP-mp-2567.cif,Si23.27V75.15,15.94,new,1,1,"A:huge-coefficient(max 75, 98 atoms)"
Nd1.85Ce0.15Cu0.997Ni0.003O4-MP-mp-4158.cif,Nd1.85Ce0.15Cu0.997Ni0.003O4,15.65,new,1,1,A:trace-dopant(Ni 0.0004)
Ga22Nb78-MP-mp-2670-synth_doped.cif,Ga22Nb78,15.6,V45,1,1,"A:huge-coefficient(max 78, 100 atoms)"
La1Fe0.991Zn0.009As1F0.08O0.9-MP-mp-1281007.cif,La1Fe0.991Zn0.009As1F0.08O0.9,15.6,new,1,1,A:trace-dopant(Zn 0.0023)
Lu1Ni1.991Co0.018B2C1-MP-mp-6544.cif,Lu1Ni1.991Co0.018B2C1,15.6,new,1,1,A:trace-dopant(Co 0.0030)
La1.78Sr0.22Cu0.97Ru0.03O4-MP-mp-1077929.cif,La1.78Sr0.22Cu0.97Ru0.03O4,15.6,new,1,1,A:trace-dopant(Ru 0.0043)
La1.8Sr0.2Cu0.98Ru0.02O4-MP-mp-1077929.cif,La1.8Sr0.2Cu0.98Ru0.02O4,15.6,new,1,1,A:trace-dopant(Ru 0.0029)
La1.795Sr0.205Cu0.98Ru0.02O4-MP-mp-1077929.cif,La1.795Sr0.205Cu0.98Ru0.02O4,15.5,new,1,1,A:trace-dopant(Ru 0.0029)
B2C1Mn0.02Ni1.98Y1-MP-mp-6576-synth_doped.cif,B2C1Mn0.02Ni1.98Y1,15.48,V45,1,1,A:trace-dopant(Mn 0.0033)
Nd1.85Ce0.15Cu0.999Co0.001O4-MP-mp-4158.cif,Nd1.85Ce0.15Cu0.999Co0.001O4,15.475,new,1,1,A:trace-dopant(Co 0.0001)
Nd1.85Ce0.15Cu0.99Zn0.01O4-MP-mp-4158.cif,Nd1.85Ce0.15Cu0.99Zn0.01O4,15.3,new,1,1,A:trace-dopant(Zn 0.0014)
La1.75Sr0.25Cu0.97Ru0.03O4-MP-mp-1077929.cif,La1.75Sr0.25Cu0.97Ru0.03O4,15.3,new,1,1,A:trace-dopant(Ru 0.0043)
Nb77.5Sn5.6Al11.3Ge5.6-MP-mp-1220810.cif,Nb77.5Sn5.6Al11.3Ge5.6,15.2,new,1,1,"A:huge-coefficient(max 78, 100 atoms)"
Ga24.8V75.2-MP-mp-22568-synth_doped.cif,Ga24.8V75.2,15.1,V45,1,1,"A:huge-coefficient(max 75, 100 atoms)"
La1.885Sr0.115Cu0.995Zn0.005O4-MP-mp-1077929.cif,La1.885Sr0.115Cu0.995Zn0.005O4,15.045,new,1,1,A:trace-dopant(Zn 0.0007)
La1.8Sr0.2Cu0.95Fe0.05O4-MP-mp-1077929.cif,La1.8Sr0.2Cu0.95Fe0.05O4,15.0,new,1,1,E:literature-IQR-15.0K(n=2)
Nb80Ga19Fe1-MP-mp-75.cif,Nb80Ga19Fe1,15.0,new,1,1,"A:huge-coefficient(max 80, 100 atoms)"
Pb0.98Cu0.036Mo6S8-MP-mp-555066.cif,Pb0.98Cu0.036Mo6S8,14.8,new,1,1,A:trace-dopant(Cu 0.0024)
La1.83Sr0.17Cu0.97Ni0.03O4-MP-mp-1077929.cif,La1.83Sr0.17Cu0.97Ni0.03O4,14.8,new,1,1,A:trace-dopant(Ni 0.0043)
La1.89Sr0.11Cu0.995Fe0.005O4-MP-mp-1077929.cif,La1.89Sr0.11Cu0.995Fe0.005O4,14.7,new,1,1,A:trace-dopant(Fe 0.0007)
Nb76.3Sn10.5Ge2.3Al10.9-MP-mp-1220810.cif,Nb76.3Sn10.5Ge2.3Al10.9,14.4,new,1,1,"A:huge-coefficient(max 76, 100 atoms)"
B2C1Co0.02Ni1.98Y1-MP-mp-6576-synth_doped.cif,B2C1Co0.02Ni1.98Y1,14.3,V45,1,1,A:trace-dopant(Co 0.0033)
B2C1Cu0.015Ni1.985Y1-MP-mp-6576-synth_doped.cif,B2C1Cu0.015Ni1.985Y1,14.3,V45,1,1,A:trace-dopant(Cu 0.0025)
La1.9Ba0.1Cu0.99Ga0.01O4-MP-mp-1077929.cif,La1.9Ba0.1Cu0.99Ga0.01O4,14.3,new,1,1,A:trace-dopant(Ga 0.0014)
Nd1.85Ce0.15Cu0.987Zn0.013O4-MP-mp-4158.cif,Nd1.85Ce0.15Cu0.987Zn0.013O4,14.25,new,1,1,A:trace-dopant(Zn 0.0019)
La1Fe0.995Zn0.005As1O0.85-MP-mp-1281007.cif,La1Fe0.995Zn0.005As1O0.85,14.1,new,1,1,A:trace-dopant(Zn 0.0013)
La1.73Sr0.27Cu0.97Ru0.03O4-MP-mp-1077929.cif,La1.73Sr0.27Cu0.97Ru0.03O4,14.1,new,1,1,A:trace-dopant(Ru 0.0043)
La1.805Sr0.195Cu0.98Ru0.02O4-MP-mp-1077929.cif,La1.805Sr0.195Cu0.98Ru0.02O4,14.1,new,1,1,A:trace-dopant(Ru 0.0029)
La0.65Ca0.05Pr0.3Ba1.5Sr0.5Cu3O6.896-MP-mp-1228253.cif,La0.65Ca0.05Pr0.3Ba1.5Sr0.5Cu3O6.896,14.0,new,1,1,A:trace-dopant(Ca 0.0039)
La1.85Sr0.15Cu0.971Ni0.029O4-MP-mp-1077929.cif,La1.85Sr0.15Cu0.971Ni0.029O4,13.975,new,1,1,A:trace-dopant(Ni 0.0041)
Nb76.3Sn7.1Al14.3Ge2.3-MP-mp-1220810.cif,Nb76.3Sn7.1Al14.3Ge2.3,13.9,new,1,1,"A:huge-coefficient(max 76, 100 atoms)"
Na1Fe0.9875Co0.0125As1-MP-mp-22152.cif,Na1Fe0.9875Co0.0125As1,13.9,new,1,1,A:trace-dopant(Co 0.0042)
La1.82Ba0.18Cu0.99Zn0.01O4-MP-mp-1077929.cif,La1.82Ba0.18Cu0.99Zn0.01O4,13.9,new,1,1,A:trace-dopant(Zn 0.0014)
Nb80Ga19Co1-MP-mp-75.cif,Nb80Ga19Co1,13.7,new,1,1,"A:huge-coefficient(max 80, 100 atoms)"
La1.85Sr0.15Cu0.985Ga0.015O4-MP-mp-1077929.cif,La1.85Sr0.15Cu0.985Ga0.015O4,13.7,new,1,1,A:trace-dopant(Ga 0.0021)
Ga26.5V73.5-MP-mp-22568-synth_doped.cif,Ga26.5V73.5,13.6,V45,1,1,"A:huge-coefficient(max 74, 100 atoms)"
Ba1Fe1.832Co0.15Mn0.018As2-MP-mp-2903350.cif,Ba1Fe1.832Co0.15Mn0.018As2,13.5,new,1,1,A:trace-dopant(Mn 0.0036)
B2C1Fe0.02Ni1.98Y1-MP-mp-6576-synth_doped.cif,B2C1Fe0.02Ni1.98Y1,13.4,V45,1,1,A:trace-dopant(Fe 0.0033)
As1Fe0.99Li1Ni0.01-MP-mp-21471-synth_doped.cif,As1Fe0.99Li1Ni0.01,13.35,V45,1,1,A:trace-dopant(Ni 0.0033)
V75Si2.57Ga22.4-MP-mp-1216440.cif,V75Si2.57Ga22.4,13.32,new,1,1,"A:huge-coefficient(max 75, 100 atoms)"
Nb78.4Sn12.9Al2.2Ge6.5-MP-mp-18427.cif,Nb78.4Sn12.9Al2.2Ge6.5,13.3,new,1,1,"A:huge-coefficient(max 78, 100 atoms)"
Nb77Sn13.8Al6.9Ge2.3-MP-mp-1220748.cif,Nb77Sn13.8Al6.9Ge2.3,13.3,new,1,1,"A:huge-coefficient(max 77, 100 atoms)"
V0.003Ga0.974Pb0.026-MP-mp-142.cif,V0.003Ga0.974Pb0.026,13.2,new,1,1,A:trace-dopant(V 0.0030)
La1.85Sr0.15Cu0.9825Zn0.0175O4-MP-mp-1077929.cif,La1.85Sr0.15Cu0.9825Zn0.0175O4,13.1,new,1,1,A:trace-dopant(Zn 0.0025)
Nb80Ga18Fe2-MP-mp-75.cif,Nb80Ga18Fe2,13.1,new,1,1,"A:huge-coefficient(max 80, 100 atoms)"
Nb77.3Sn18.1Al2.3Ge2.3-MP-mp-1220748.cif,Nb77.3Sn18.1Al2.3Ge2.3,13.0,new,1,1,"A:huge-coefficient(max 77, 100 atoms)"
Nb77.9Sn11.1Al5.5Ge5.5-MP-mp-1220748.cif,Nb77.9Sn11.1Al5.5Ge5.5,13.0,new,1,1,"A:huge-coefficient(max 78, 100 atoms)"
Y0.6Pr0.4Ba2Cu3O6.61-MP-mp-1228182.cif,Y0.6Pr0.4Ba2Cu3O6.61,13.0,new,1,1,E:literature-IQR-13.0K(n=2)
Nd1.85Ce0.15Cu0.99Fe0.01O4-MP-mp-4158.cif,Nd1.85Ce0.15Cu0.99Fe0.01O4,13.0,new,1,1,A:trace-dopant(Fe 0.0014)
La1.76Sr0.24Cu0.995Zn0.005O4-MP-mp-1077929.cif,La1.76Sr0.24Cu0.995Zn0.005O4,13.0,new,1,1,A:trace-dopant(Zn 0.0007)
B2C1Ni1.98Ru0.02Y1-MP-mp-6576-synth_doped.cif,B2C1Ni1.98Ru0.02Y1,12.8,V45,1,1,A:trace-dopant(Ru 0.0033)
Nb78.5Sn2.2Al9.6Ge9.6-MP-mp-1220748.cif,Nb78.5Sn2.2Al9.6Ge9.6,12.7,new,1,1,"A:huge-coefficient(max 78, 100 atoms)"
La1.882Ba0.118Cu0.99Ni0.01O4-MP-mp-1077929.cif,La1.882Ba0.118Cu0.99Ni0.01O4,12.7,new,1,1,A:trace-dopant(Ni 0.0014)
Nb78.1Sn7.3Al7.3Ge7.3-MP-mp-1220748.cif,Nb78.1Sn7.3Al7.3Ge7.3,12.5,new,1,1,"A:huge-coefficient(max 78, 100 atoms)"
Ba1Fe1.86Co0.12Mn0.02As2-MP-mp-2903350.cif,Ba1Fe1.86Co0.12Mn0.02As2,12.5,new,1,1,A:trace-dopant(Mn 0.0040)
Nb80Ga17.5Cr2.5-MP-mp-75.cif,Nb80Ga17.5Cr2.5,12.5,new,1,1,"A:huge-coefficient(max 80, 100 atoms)"
La1.84Ba0.16Cu0.99Zn0.01O4-MP-mp-1077929.cif,La1.84Ba0.16Cu0.99Zn0.01O4,12.4,new,1,1,A:trace-dopant(Zn 0.0014)
La1.9Sr0.1Cu0.99Ni0.01O4-MP-mp-1077929.cif,La1.9Sr0.1Cu0.99Ni0.01O4,12.3,new,1,1,A:trace-dopant(Ni 0.0014)
Nb80Ga18Co2-MP-mp-75.cif,Nb80Ga18Co2,12.2,new,1,1,"A:huge-coefficient(max 80, 100 atoms)"
V75Si20Ge5-MP-mp-1216453.cif,V75Si20Ge5,12.15,new,1,1,"A:huge-coefficient(max 75, 100 atoms)"
Cr4.84Ga25V70.16-MP-mp-146.cif,Cr4.84Ga25V70.16,12.14,new,1,1,"A:huge-coefficient(max 70, 100 atoms)"
Sr0.2La1.8Cu0.99V0.01O4-MP-mp-1077929.cif,Sr0.2La1.8Cu0.99V0.01O4,12.0,new,1,1,A:trace-dopant(V 0.0014)
Li0.98Mg0.02Ti2O4-MP-mp-5670-synth_doped.cif,Li0.98Mg0.02Ti2O4,11.9,V45,1,1,A:trace-dopant(Mg 0.0029)
Nb80Ga17Fe3-MP-mp-75.cif,Nb80Ga17Fe3,11.6,new,1,1,"A:huge-coefficient(max 80, 100 atoms)"
La1.9Sr0.1Cu0.99Zn0.01O4-MP-mp-1077929.cif,La1.9Sr0.1Cu0.99Zn0.01O4,11.59,new,1,1,A:trace-dopant(Zn 0.0014)
Nd1.85Ce0.15Cu0.975Zn0.025O4-MP-mp-4158.cif,Nd1.85Ce0.15Cu0.975Zn0.025O4,11.5,new,1,1,A:trace-dopant(Zn 0.0036)
Cd0.006Ga0.994V3-MP-mp-22568-synth_doped.cif,Cd0.006Ga0.994V3,11.2,V45,1,1,A:trace-dopant(Cd 0.0015)
V3Ga0.994Cd0.006-MP-mp-22568.cif,V3Ga0.994Cd0.006,11.2,new,1,1,A:trace-dopant(Cd 0.0015)
La1.79Sr0.21Cu0.98Ru0.02O4-MP-mp-1077929.cif,La1.79Sr0.21Cu0.98Ru0.02O4,11.2,new,1,1,A:trace-dopant(Ru 0.0029)
Nb80Ga19Mn1-MP-mp-75.cif,Nb80Ga19Mn1,11.2,new,1,1,"A:huge-coefficient(max 80, 100 atoms)"
Nb78Ga21Mn1-MP-mp-75.cif,Nb78Ga21Mn1,11.2,new,1,1,"A:huge-coefficient(max 78, 100 atoms)"
La1.8Sr0.2Cu0.9727Zn0.0273O4-MP-mp-1077929.cif,La1.8Sr0.2Cu0.9727Zn0.0273O4,11.1,new,1,1,A:trace-dopant(Zn 0.0039)
Co0.012Fe1.988K0.8Se2-MP-mp-1070735-synth_doped.cif,Co0.012Fe1.988K0.8Se2,11.0,V45,1,1,A:trace-dopant(Co 0.0025)
Cr0.007Fe1.993K0.8Se2-MP-mp-1070735-synth_doped.cif,Cr0.007Fe1.993K0.8Se2,11.0,V45,1,1,A:trace-dopant(Cr 0.0015)
La1.86Ba0.14Cu0.99Ni0.01O4-MP-mp-1077929.cif,La1.86Ba0.14Cu0.99Ni0.01O4,11.0,new,1,1,A:trace-dopant(Ni 0.0014)
K0.8Fe1.988Co0.012Se2-MP-mp-1224406.cif,K0.8Fe1.988Co0.012Se2,11.0,new,1,1,A:trace-dopant(Co 0.0025)
Nb80Ga17Co3-MP-mp-75.cif,Nb80Ga17Co3,11.0,new,1,1,"A:huge-coefficient(max 80, 100 atoms)"
Nb79.2Sn5.2Al5.2Ge10.4-MP-mp-1192223.cif,Nb79.2Sn5.2Al5.2Ge10.4,10.9,new,1,1,"A:huge-coefficient(max 79, 100 atoms)"
Nd1.85Ce0.15Cu0.98Zn0.02O4-MP-mp-4158.cif,Nd1.85Ce0.15Cu0.98Zn0.02O4,10.85,new,1,1,A:trace-dopant(Zn 0.0029)
Fe1Cr0.01Se1-MP-mp-20311.cif,Fe1Cr0.01Se1,10.8,new,1,1,A:trace-dopant(Cr 0.0050)
La1.85Sr0.15Cu0.97Ru0.03O4-MP-mp-1077929.cif,La1.85Sr0.15Cu0.97Ru0.03O4,10.8,new,1,1,A:trace-dopant(Ru 0.0043)
La1.85Sr0.15Cu0.98Ru0.02O4-MP-mp-1077929.cif,La1.85Sr0.15Cu0.98Ru0.02O4,10.8,new,1,1,A:trace-dopant(Ru 0.0029)
Sb0.014Si0.986V3-MP-mp-2567-synth_doped.cif,Sb0.014Si0.986V3,10.5,V45,1,1,A:trace-dopant(Sb 0.0035)
La1.8Sr0.2Cu0.95Ni0.05O4-MP-mp-1077929.cif,La1.8Sr0.2Cu0.95Ni0.05O4,10.5,new,1,1,E:literature-IQR-10.5K(n=2)
V3Si0.986Sb0.014-MP-mp-2567.cif,V3Si0.986Sb0.014,10.5,new,1,1,A:trace-dopant(Sb 0.0035)
Tm1Ni1.99Co0.02B2C1-MP-mp-1005955.cif,Tm1Ni1.99Co0.02B2C1,10.3,new,1,1,A:trace-dopant(Co 0.0033)
Nb80Ga16Fe4-MP-mp-75.cif,Nb80Ga16Fe4,10.3,new,1,1,"A:huge-coefficient(max 80, 100 atoms)"
Ga0.999V3Zn0.001-MP-mp-22568-synth_doped.cif,Ga0.999V3Zn0.001,10.2,V45,1,1,A:trace-dopant(Zn 0.0003)
B4Gd0.01Rh4Y0.99-MP-mp-5984-synth_doped.cif,B4Gd0.01Rh4Y0.99,10.1,V45,1,1,A:trace-dopant(Gd 0.0011)
P1Rh0.01Ru0.99Zr1-MP-mp-22268-synth_doped.cif,P1Rh0.01Ru0.99Zr1,10.1,V45,1,1,A:trace-dopant(Rh 0.0033)
Ga25Mn4.92V70.08-MP-mp-146.cif,Ga25Mn4.92V70.08,10.1,new,1,1,"A:huge-coefficient(max 70, 100 atoms)"
La1Fe0.99Zn0.01As1O0.85-MP-mp-1281007.cif,La1Fe0.99Zn0.01As1O0.85,10.04,new,1,1,A:trace-dopant(Zn 0.0026)
La1.78Sr0.22Cu0.985Zn0.015O4-MP-mp-1077929.cif,La1.78Sr0.22Cu0.985Zn0.015O4,10.0,new,1,1,A:trace-dopant(Zn 0.0021)
Nb80Ga16Co4-MP-mp-75.cif,Nb80Ga16Co4,9.85,new,1,1,"A:huge-coefficient(max 80, 100 atoms)"
As1Co0.005Fe0.995Na1-MP-mp-22152-synth_doped.cif,As1Co0.005Fe0.995Na1,9.81,V45,1,1,A:trace-dopant(Co 0.0017)
La1.9Ba0.1Cu0.99Zn0.01O4-MP-mp-1077929.cif,La1.9Ba0.1Cu0.99Zn0.01O4,9.8,new,1,1,A:trace-dopant(Zn 0.0014)
Be22Os0.005Re1-MP-mp-569364.cif,Be22Os0.005Re1,9.8,new,1,1,A:trace-dopant(Os 0.0002)
Ga20.5V79.5-MP-mp-22568-synth_doped.cif,Ga20.5V79.5,9.7,V45,1,1,"A:huge-coefficient(max 80, 100 atoms)"
Zr31V61.8Nb7.2-MP-mp-146.cif,Zr31V61.8Nb7.2,9.65,new,1,1,"A:huge-coefficient(max 62, 100 atoms)"
La1.78Sr0.22Cu0.98Zn0.02O4-MP-mp-1077929.cif,La1.78Sr0.22Cu0.98Zn0.02O4,9.555,new,1,1,A:trace-dopant(Zn 0.0029)
B2C1Er1Fe0.02Ni1.98-MP-mp-6098-synth_doped.cif,B2C1Er1Fe0.02Ni1.98,9.535,V45,1,1,A:trace-dopant(Fe 0.0033)
Be9.8Re0.02-MP-mp-87.cif,Be9.8Re0.02,9.5,new,1,1,A:trace-dopant(Re 0.0020)
Be22Re0.95W0.05-MP-mp-569364-synth_doped.cif,Be22Re0.95W0.05,9.45,V45,1,1,A:trace-dopant(W 0.0022)
Nb79.5Sn2.1Al6.1Ge12.3-MP-mp-1220810.cif,Nb79.5Sn2.1Al6.1Ge12.3,9.4,new,1,1,"A:huge-coefficient(max 80, 100 atoms)"
La1.85Sr0.15Cu0.966Ni0.034O4-MP-mp-1077929.cif,La1.85Sr0.15Cu0.966Ni0.034O4,9.4,new,1,1,A:trace-dopant(Ni 0.0049)
Nb0.999Y0.001-MP-mp-75.cif,Nb0.999Y0.001,9.27,new,1,1,A:trace-dopant(Y 0.0010)
Be22Os0.05Re0.95-MP-mp-569364-synth_doped.cif,Be22Os0.05Re0.95,9.2,V45,1,1,A:trace-dopant(Os 0.0022)
Be22Re0.99Ru0.01-MP-mp-569364-synth_doped.cif,Be22Re0.99Ru0.01,9.2,V45,1,1,A:trace-dopant(Ru 0.0004)
Gd0.001Nb0.999-MP-mp-75.cif,Gd0.001Nb0.999,9.18,new,1,1,A:trace-dopant(Gd 0.0010)
Nb80Ga15Co5-MP-mp-75.cif,Nb80Ga15Co5,9.17,new,1,1,"A:huge-coefficient(max 80, 100 atoms)"
Hf0.99Ta0.01V2-MP-mp-1077017-synth_doped.cif,Hf0.99Ta0.01V2,9.11,V45,1,1,A:trace-dopant(Ta 0.0033)
Nd1.85Ce0.15Cu1O4.034-MP-icsd-39476.cif,Nd1.85Ce0.15Cu1O4.034,9.1,new,1,1,E:literature-IQR-9.1K(n=3)
Mo80P10B10-MP-mp-10004.cif,Mo80P10B10,9.0,new,1,1,"A:huge-coefficient(max 80, 100 atoms)"
Ba0.47K0.53Bi0.995Pr0.005O3-MP-mp-1516766.cif,Ba0.47K0.53Bi0.995Pr0.005O3,9.0,new,1,1,A:trace-dopant(Pr 0.0010)
Nb1N0.5C0.5-MP-mp-1220725.cif,Nb1N0.5C0.5,8.95,new,1,1,E:literature-IQR-8.9K(n=2)
Nb78Ga20Mn2-MP-mp-75.cif,Nb78Ga20Mn2,8.87,new,1,1,"A:huge-coefficient(max 78, 100 atoms)"
Nb3Al1-MP-mp-796.cif,Nb3Al1,8.75,new,1,1,E:literature-IQR-8.8K(n=2)
Mo64Re16P10B10-MP-mp-1219525.cif,Mo64Re16P10B10,8.71,new,1,1,"A:huge-coefficient(max 64, 100 atoms)"
La1.82Ba0.18Cu0.99Ga0.01O4-MP-mp-1077929.cif,La1.82Ba0.18Cu0.99Ga0.01O4,8.6,new,1,1,A:trace-dopant(Ga 0.0014)
Fe4.97Ga25V70.03-MP-mp-146.cif,Fe4.97Ga25V70.03,8.59,new,1,1,"A:huge-coefficient(max 70, 100 atoms)"
Ge12.5Si12.5V75-MP-mp-1216453.cif,Ge12.5Si12.5V75,8.58,V45,1,1,"A:huge-coefficient(max 75, 100 atoms)"
La1.885Sr0.115Cu0.99Zn0.01O4-MP-mp-1077929.cif,La1.885Sr0.115Cu0.99Zn0.01O4,8.56,new,1,1,A:trace-dopant(Zn 0.0014)
Gd0.005In1La2.995-MP-mp-20909-synth_doped.cif,Gd0.005In1La2.995,8.5,V45,1,1,A:trace-dopant(Gd 0.0013)
La1.85Sr0.15Cu0.988Fe0.012O4-MP-mp-1077929.cif,La1.85Sr0.15Cu0.988Fe0.012O4,8.4,new,1,1,A:trace-dopant(Fe 0.0017)
Nb25Ti65Ta10-MP-mp-72.cif,Nb25Ti65Ta10,8.4,new,1,1,"A:huge-coefficient(max 65, 100 atoms)"
La1.84Ba0.16Cu0.99Ga0.01O4-MP-mp-1077929.cif,La1.84Ba0.16Cu0.99Ga0.01O4,8.3,new,1,1,A:trace-dopant(Ga 0.0014)
B4Er0.98Gd0.02Rh4-MP-mp-8408-synth_doped.cif,B4Er0.98Gd0.02Rh4,8.22,V45,1,1,A:trace-dopant(Gd 0.0022)
La1.88Ba0.12Cu0.99Ga0.01O4-MP-mp-1077929.cif,La1.88Ba0.12Cu0.99Ga0.01O4,8.2,new,1,1,A:trace-dopant(Ga 0.0014)
Nb80Ga14Co6-MP-mp-75.cif,Nb80Ga14Co6,8.1,new,1,1,"A:huge-coefficient(max 80, 100 atoms)"
La1.75Sr0.25Cu0.98Ni0.02O4-MP-mp-1077929.cif,La1.75Sr0.25Cu0.98Ni0.02O4,8.1,new,1,1,A:trace-dopant(Ni 0.0029)
B4Er0.97Gd0.03Rh4-MP-mp-8408-synth_doped.cif,B4Er0.97Gd0.03Rh4,8.06,V45,1,1,A:trace-dopant(Gd 0.0033)
Sr0.2La1.8Cu0.95Co0.05O4-MP-mp-1077929.cif,Sr0.2La1.8Cu0.95Co0.05O4,8.0,new,1,1,E:literature-IQR-8.0K(n=2)
Mo0.98Nb0.02Ga4-MP-mp-142.cif,Mo0.98Nb0.02Ga4,8.0,new,1,1,A:trace-dopant(Nb 0.0040)
Nb25V10Ti65-MP-mp-72.cif,Nb25V10Ti65,8.0,new,1,1,"A:huge-coefficient(max 65, 100 atoms)"
Gd0.011In1La2.989-MP-mp-20909-synth_doped.cif,Gd0.011In1La2.989,7.92,V45,1,1,A:trace-dopant(Gd 0.0027)
Nb80Ga13Co7-MP-mp-75.cif,Nb80Ga13Co7,7.92,new,1,1,"A:huge-coefficient(max 80, 100 atoms)"
Nb25Ti70Ta5-MP-mp-72.cif,Nb25Ti70Ta5,7.85,new,1,1,"A:huge-coefficient(max 70, 100 atoms)"
Nb80.7Sn1.9Al1.9Ge15.5-MP-mp-1046.cif,Nb80.7Sn1.9Al1.9Ge15.5,7.8,new,1,1,"A:huge-coefficient(max 81, 100 atoms)"
Nb80Ga18Mn2-MP-mp-75.cif,Nb80Ga18Mn2,7.79,new,1,1,"A:huge-coefficient(max 80, 100 atoms)"
Nb25Ti65Zr10-MP-mp-72.cif,Nb25Ti65Zr10,7.7,new,1,1,"A:huge-coefficient(max 65, 100 atoms)"
Nb25V5Ti70-MP-mp-72.cif,Nb25V5Ti70,7.7,new,1,1,"A:huge-coefficient(max 70, 100 atoms)"
Mo30Re70-MP-mp-974589-synth_doped.cif,Mo30Re70,7.62,V45,1,1,"A:huge-coefficient(max 70, 100 atoms)"
Co4.95Ga25V70.05-MP-mp-146.cif,Co4.95Ga25V70.05,7.56,new,1,1,"A:huge-coefficient(max 70, 100 atoms)"
Nb25Ti74Ta1-MP-mp-72.cif,Nb25Ti74Ta1,7.55,new,1,1,"A:huge-coefficient(max 74, 100 atoms)"
La0.99Y0.01Fe0.995Mn0.005As1F0.11O0.89-MP-mp-1281007.cif,La0.99Y0.01Fe0.995Mn0.005As1F0.11O0.89,7.5,new,1,1,A:trace-dopant(Mn 0.0013)
Nb25Ti10Zr65-MP-mp-131.cif,Nb25Ti10Zr65,7.5,new,1,1,"A:huge-coefficient(max 65, 100 atoms)"
Nb25Ti70Zr5-MP-mp-72.cif,Nb25Ti70Zr5,7.5,new,1,1,"A:huge-coefficient(max 70, 100 atoms)"
Nb78Ga19Mn3-MP-mp-75.cif,Nb78Ga19Mn3,7.42,new,1,1,"A:huge-coefficient(max 78, 100 atoms)"
Nb25Ti70Mo5-MP-mp-72.cif,Nb25Ti70Mo5,7.4,new,1,1,"A:huge-coefficient(max 70, 100 atoms)"
Nb24Ti75Ta1-MP-mp-72.cif,Nb24Ti75Ta1,7.4,new,1,1,"A:huge-coefficient(max 75, 100 atoms)"
Nb25Ti74Zr1-MP-mp-72.cif,Nb25Ti74Zr1,7.4,new,1,1,"A:huge-coefficient(max 74, 100 atoms)"
Mo64Ru16P20-MP-mp-22451.cif,Mo64Ru16P20,7.31,new,1,1,"A:huge-coefficient(max 64, 100 atoms)"
Nb25Ti75-MP-mp-1217091.cif,Nb25Ti75,7.300000000000001,V45,1,1,"A:huge-coefficient(max 75, 100 atoms)"
La2Cu0.97Zn0.03O4.1-MP-mp-757399.cif,La2Cu0.97Zn0.03O4.1,7.3,new,1,1,A:trace-dopant(Zn 0.0042)
Nb25Ti74Mo1-MP-mp-72.cif,Nb25Ti74Mo1,7.3,new,1,1,"A:huge-coefficient(max 74, 100 atoms)"
Nb79.7Sn6.1Al2Ge12.2-MP-mp-1220748.cif,Nb79.7Sn6.1Al2Ge12.2,7.15,new,1,1,"A:huge-coefficient(max 80, 100 atoms)"
Ga4Mn0.006Mo0.994-MP-mp-142.cif,Ga4Mn0.006Mo0.994,7.14,new,1,1,A:trace-dopant(Mn 0.0012)
Nb80Ga17Mn3-MP-mp-75.cif,Nb80Ga17Mn3,7.1,new,1,1,"A:huge-coefficient(max 80, 100 atoms)"
Nb20Ti75Ta5-MP-mp-72.cif,Nb20Ti75Ta5,7.1,new,1,1,"A:huge-coefficient(max 75, 100 atoms)"
B2C1Fe0.01Ho1Ni1.99-MP-mp-6646-synth_doped.cif,B2C1Fe0.01Ho1Ni1.99,7.0,V45,1,1,A:trace-dopant(Fe 0.0017)
La1.869Ba0.131Cu0.99Ni0.01O4-MP-mp-1077929.cif,La1.869Ba0.131Cu0.99Ni0.01O4,7.0,new,1,1,A:trace-dopant(Ni 0.0014)
C1Fe0.001Mg1Ni2.999-MP-mp-10700-synth_doped.cif,C1Fe0.001Mg1Ni2.999,6.93,V45,1,1,A:trace-dopant(Fe 0.0002)
C1Mg1Ni2.995Ru0.005-MP-mp-10700-synth_doped.cif,C1Mg1Ni2.995Ru0.005,6.92,V45,1,1,A:trace-dopant(Ru 0.0010)
Ce0.05La0.95P12Ru4-MP-mp-15727-synth_doped.cif,Ce0.05La0.95P12Ru4,6.8,V45,1,1,A:trace-dopant(Ce 0.0029)
Nb25Ti65Mo10-MP-mp-72.cif,Nb25Ti65Mo10,6.8,new,1,1,"A:huge-coefficient(max 65, 100 atoms)"
Ho1Ni1.995Co0.01B2C1-MP-mp-1192149.cif,Ho1Ni1.995Co0.01B2C1,6.72,new,1,1,A:trace-dopant(Co 0.0017)
C1Mg1Ni2.99Ru0.01-MP-mp-10700-synth_doped.cif,C1Mg1Ni2.99Ru0.01,6.715,V45,1,1,A:trace-dopant(Ru 0.0020)
Au25Sb75-MP-mp-29665.cif,Au25Sb75,6.7,V45,1,1,"A:huge-coefficient(max 75, 100 atoms)"
Nb15Ti75Ta10-MP-mp-72.cif,Nb15Ti75Ta10,6.7,new,1,1,"A:huge-coefficient(max 75, 100 atoms)"
La1.85Sr0.15Cu0.976Zn0.024O4-MP-mp-1077929.cif,La1.85Sr0.15Cu0.976Zn0.024O4,6.6,new,1,1,A:trace-dopant(Zn 0.0034)
C1Mg1Ni2.98Ru0.02-MP-mp-10700-synth_doped.cif,C1Mg1Ni2.98Ru0.02,6.51,V45,1,1,A:trace-dopant(Ru 0.0040)
Nd1.85Ce0.15Cu0.985Fe0.015O4-MP-mp-4158.cif,Nd1.85Ce0.15Cu0.985Fe0.015O4,6.5,new,1,1,A:trace-dopant(Fe 0.0021)
C1Fe0.005Mg1Ni2.995-MP-mp-10700-synth_doped.cif,C1Fe0.005Mg1Ni2.995,6.44,V45,1,1,A:trace-dopant(Fe 0.0010)
V75Si5Ge20-MP-mp-1216453.cif,V75Si5Ge20,6.43,new,1,1,"A:huge-coefficient(max 75, 100 atoms)"
B2V0.01Zr0.99-MP-mp-1472-synth_doped.cif,B2V0.01Zr0.99,6.4,V45,1,1,A:trace-dopant(V 0.0033)
La1.85Sr0.15Cu0.982Al0.018O4-MP-mp-1077929.cif,La1.85Sr0.15Cu0.982Al0.018O4,6.4,new,1,1,A:trace-dopant(Al 0.0026)
Ba0.47K0.53Bi0.99Pr0.01O3-MP-mp-1516766.cif,Ba0.47K0.53Bi0.99Pr0.01O3,6.4,new,1,1,A:trace-dopant(Pr 0.0020)
Lu2Ir3Si4.98Ge0.02-MP-mp-568336.cif,Lu2Ir3Si4.98Ge0.02,6.32,new,1,1,A:trace-dopant(Ge 0.0020)
C1Fe0.01Mg1Ni2.99-MP-mp-10700-synth_doped.cif,C1Fe0.01Mg1Ni2.99,6.25,V45,1,1,A:trace-dopant(Fe 0.0020)
Zr33.3V61.8Nb4.8-MP-mp-146.cif,Zr33.3V61.8Nb4.8,6.13,new,1,1,"A:huge-coefficient(max 62, 100 atoms)"
Nb80Ga16Mn4-MP-mp-75.cif,Nb80Ga16Mn4,6.03,new,1,1,"A:huge-coefficient(max 80, 100 atoms)"
La1Fe0.985Zn0.015As1O0.85-MP-mp-1281007.cif,La1Fe0.985Zn0.015As1O0.85,6.01,new,1,1,A:trace-dopant(Zn 0.0039)
Ta25Ti75-MP-mp-1187250.cif,Ta25Ti75,6.0,V45,1,1,"A:huge-coefficient(max 75, 100 atoms)"
La1.875Ba0.1Sr0.025Cu1O4-MP-mp-1077929.cif,La1.875Ba0.1Sr0.025Cu1O4,6.0,new,1,1,A:trace-dopant(Sr 0.0036)
B12Lu0.007Zr0.993-MP-mp-1084-synth_doped.cif,B12Lu0.007Zr0.993,5.97,V45,1,1,A:trace-dopant(Lu 0.0005)
Nb78Ga18Mn4-MP-mp-75.cif,Nb78Ga18Mn4,5.97,new,1,1,"A:huge-coefficient(max 78, 100 atoms)"
C1Fe0.015Mg1Ni2.985-MP-mp-10700-synth_doped.cif,C1Fe0.015Mg1Ni2.985,5.96,V45,1,1,A:trace-dopant(Fe 0.0030)
Gd0.013La0.987Sn3-MP-mp-633-synth_doped.cif,Gd0.013La0.987Sn3,5.94,V45,1,1,A:trace-dopant(Gd 0.0032)
V75Ge20Sb5-MP-mp-1105285.cif,V75Ge20Sb5,5.86,new,1,1,"A:huge-coefficient(max 75, 100 atoms)"
Co0.002Mo0.815Re0.185-MP-mp-1219493.cif,Co0.002Mo0.815Re0.185,5.8,new,1,1,A:trace-dopant(Co 0.0020)
Ce0.05Ge12Pr0.95Pt4-MP-mp-1105939-synth_doped.cif,Ce0.05Ge12Pr0.95Pt4,5.75,V45,1,1,A:trace-dopant(Ce 0.0029)
Cu20Sn80-MP-mp-117.cif,Cu20Sn80,5.71,new,1,1,"A:huge-coefficient(max 80, 100 atoms)"
B12Lu0.015Zr0.985-MP-mp-1084-synth_doped.cif,B12Lu0.015Zr0.985,5.67,V45,1,1,A:trace-dopant(Lu 0.0012)
B12Lu0.016Zr0.984-MP-mp-1084-synth_doped.cif,B12Lu0.016Zr0.984,5.65,V45,1,1,A:trace-dopant(Lu 0.0012)
Al1Gd0.001La3-MP-mp-26.cif,Al1Gd0.001La3,5.6,new,1,1,A:trace-dopant(Gd 0.0002)
Nb78Ga16Mn6-MP-mp-75.cif,Nb78Ga16Mn6,5.53,new,1,1,"A:huge-coefficient(max 78, 100 atoms)"
La1.8Sr0.2Cu0.9676Zn0.0324O4-MP-mp-1077929.cif,La1.8Sr0.2Cu0.9676Zn0.0324O4,5.5,new,1,1,A:trace-dopant(Zn 0.0046)
C1Fe0.02Mg1Ni2.98-MP-mp-10700-synth_doped.cif,C1Fe0.02Mg1Ni2.98,5.46,V45,1,1,A:trace-dopant(Fe 0.0040)
V75Ge20Sn5-MP-mp-1105285.cif,V75Ge20Sn5,5.46,new,1,1,"A:huge-coefficient(max 75, 100 atoms)"
La0.9974Tb0.0026-MP-mp-26.cif,La0.9974Tb0.0026,5.28,new,1,1,A:trace-dopant(Tb 0.0026)
Ba0.47K0.53Bi0.985Pr0.015O3-MP-mp-1516766.cif,Ba0.47K0.53Bi0.985Pr0.015O3,5.2,new,1,1,A:trace-dopant(Pr 0.0030)
Eu1.84075Y0.00925Ce0.15Cu1O4-MP-mp-22306.cif,Eu1.84075Y0.00925Ce0.15Cu1O4,5.2,new,1,1,A:trace-dopant(Y 0.0013)
Cr0.0018V0.9982-MP-mp-146.cif,Cr0.0018V0.9982,5.15,new,1,1,A:trace-dopant(Cr 0.0018)
La1.7Sr0.3Cu1O3.997-MP-mp-1077929.cif,La1.7Sr0.3Cu1O3.997,5.1,new,1,1,E:literature-IQR-5.1K(n=2)
Cr0.0033V0.9967-MP-mp-146.cif,Cr0.0033V0.9967,5.07,new,1,1,A:trace-dopant(Cr 0.0033)
Co7.32Ga25V67.68-MP-mp-146.cif,Co7.32Ga25V67.68,5.03,new,1,1,"A:huge-coefficient(max 68, 100 atoms)"
Ho1Ni1.993Co0.014B2C1-MP-mp-1212117.cif,Ho1Ni1.993Co0.014B2C1,5.0,new,1,1,A:trace-dopant(Co 0.0023)
La1.7Ba0.3Cu0.99Zn0.01O4-MP-mp-1077929.cif,La1.7Ba0.3Cu0.99Zn0.01O4,5.0,new,1,1,A:trace-dopant(Zn 0.0014)
Nb80Ga15Mn5-MP-mp-75.cif,Nb80Ga15Mn5,5.0,new,1,1,"A:huge-coefficient(max 80, 100 atoms)"
Mo8.75Zr91.25-MP-mp-131.cif,Mo8.75Zr91.25,5.0,new,1,1,"A:huge-coefficient(max 91, 100 atoms)"
Cu30Sn70-MP-mp-1184173-synth_doped.cif,Cu30Sn70,4.91,V45,1,1,"A:huge-coefficient(max 70, 100 atoms)"
Mo13Zr87-MP-mp-131.cif,Mo13Zr87,4.91,new,1,1,"A:huge-coefficient(max 87, 100 atoms)"
Pd16.5Sb83.5-MP-mp-1198995.cif,Pd16.5Sb83.5,4.9,new,1,1,"A:huge-coefficient(max 84, 100 atoms)"
La1.8Nd0.2Cu0.99Zn0.01O4.0631-MP-mp-757399.cif,La1.8Nd0.2Cu0.99Zn0.01O4.0631,4.87,new,1,1,A:trace-dopant(Zn 0.0014)
Ho1Ni1.99Co0.02B2C1-MP-mp-1212117.cif,Ho1Ni1.99Co0.02B2C1,4.8,new,1,1,A:trace-dopant(Co 0.0033)
Na0.2Ba6Si46-MP-mp-18228.cif,Na0.2Ba6Si46,4.8,new,1,1,A:trace-dopant(Na 0.0038)
Nb70Mo10Si20-MP-mp-1220436.cif,Nb70Mo10Si20,4.8,new,1,1,"A:huge-coefficient(max 70, 100 atoms)"
Ce1Co0.01Ru1.99-MP-mp-607-synth_doped.cif,Ce1Co0.01Ru1.99,4.74,V45,1,1,A:trace-dopant(Co 0.0033)
Mo6.86Zr93.14-MP-mp-131.cif,Mo6.86Zr93.14,4.74,new,1,1,"A:huge-coefficient(max 93, 100 atoms)"
Eu0.0034La0.9966-MP-mp-26.cif,Eu0.0034La0.9966,4.73,new,1,1,A:trace-dopant(Eu 0.0034)
V75Ge12.5Sb12.49-MP-mp-1105285.cif,V75Ge12.5Sb12.49,4.71,new,1,1,"A:huge-coefficient(max 75, 100 atoms)"
Nb80Si16B4-MP-mp-1106165.cif,Nb80Si16B4,4.7,new,1,1,"A:huge-coefficient(max 80, 100 atoms)"
La1.75Sr0.25Cu0.97Ni0.03O4-MP-mp-1077929.cif,La1.75Sr0.25Cu0.97Ni0.03O4,4.7,new,1,1,A:trace-dopant(Ni 0.0043)
Nb80Si16Ge4-MP-mp-1220385.cif,Nb80Si16Ge4,4.7,new,1,1,"A:huge-coefficient(max 80, 100 atoms)"
Ce0.0007La0.9993-MP-mp-26.cif,Ce0.0007La0.9993,4.65,new,1,1,A:trace-dopant(Ce 0.0007)
Fe9.92Ga25V65.08-MP-mp-146.cif,Fe9.92Ga25V65.08,4.65,new,1,1,"A:huge-coefficient(max 65, 100 atoms)"
Ti70Nb15Si15-MP-mp-1077503.cif,Ti70Nb15Si15,4.6,new,1,1,"A:huge-coefficient(max 70, 100 atoms)"
Al1Gd0.003La3-MP-mp-26.cif,Al1Gd0.003La3,4.58,new,1,1,A:trace-dopant(Gd 0.0007)
La1.87Ba0.13Cu0.99Ga0.01O4-MP-mp-1077929.cif,La1.87Ba0.13Cu0.99Ga0.01O4,4.5,new,1,1,A:trace-dopant(Ga 0.0014)
Ba0.47K0.53Bi0.979Pr0.021O3-MP-mp-1516766.cif,Ba0.47K0.53Bi0.979Pr0.021O3,4.5,new,1,1,A:trace-dopant(Pr 0.0042)
Lu4.95Sc0.05Ir4Si10-MP-mp-542170.cif,Lu4.95Sc0.05Ir4Si10,4.5,new,1,1,A:trace-dopant(Sc 0.0026)
B12Yb0.01Zr0.99-MP-mp-1084-synth_doped.cif,B12Yb0.01Zr0.99,4.4,V45,1,1,A:trace-dopant(Yb 0.0008)
La1.85Sr0.15Cu0.976Co0.024O4-MP-mp-1077929.cif,La1.85Sr0.15Cu0.976Co0.024O4,4.4,new,1,1,A:trace-dopant(Co 0.0034)
Nb82Si18-MP-mp-12104.cif,Nb82Si18,4.4,new,1,1,"A:huge-coefficient(max 82, 100 atoms)"
Nb81Si19-MP-mp-12104.cif,Nb81Si19,4.35,new,1,1,"A:huge-coefficient(max 81, 100 atoms)"
Ce0.016La0.984Sn3-MP-mp-633-synth_doped.cif,Ce0.016La0.984Sn3,4.33,V45,1,1,A:trace-dopant(Ce 0.0040)
Eu1.8315Y0.0185Ce0.15Cu1O4-MP-mp-22306.cif,Eu1.8315Y0.0185Ce0.15Cu1O4,4.3,new,1,1,A:trace-dopant(Y 0.0026)
Nb80Si20-MP-mp-12104.cif,Nb80Si20,4.23,new,1,1,"A:huge-coefficient(max 80, 100 atoms)"
Ga25Mn14V61-MP-mp-146.cif,Ga25Mn14V61,4.22,new,1,1,"A:huge-coefficient(max 61, 100 atoms)"
Re10Zr90-MP-mp-131.cif,Re10Zr90,4.12,new,1,1,"A:huge-coefficient(max 90, 100 atoms)"
Dy1Ni1.995Co0.01B2C1-MP-mp-1190599.cif,Dy1Ni1.995Co0.01B2C1,4.1,new,1,1,A:trace-dopant(Co 0.0017)
Nd0.95Pr0.05Ba2Cu3O6.6-MP-mp-22719.cif,Nd0.95Pr0.05Ba2Cu3O6.6,4.1,new,1,1,A:trace-dopant(Pr 0.0040)
B2.8C97.2-MP-mp-1238815.cif,B2.8C97.2,4.0,new,1,1,"A:huge-coefficient(max 97, 100 atoms)"
Mo5.22Zr94.78-MP-mp-131.cif,Mo5.22Zr94.78,4.0,new,1,1,"A:huge-coefficient(max 95, 100 atoms)"
Ga4Mn0.01Mo0.99-MP-mp-142.cif,Ga4Mn0.01Mo0.99,3.97,new,1,1,A:trace-dopant(Mn 0.0020)
La1.84Sr0.16Cu0.97Zn0.03O4-MP-mp-1077929.cif,La1.84Sr0.16Cu0.97Zn0.03O4,3.925,new,1,1,A:trace-dopant(Zn 0.0043)
Al1Ce0.01La3-MP-mp-26.cif,Al1Ce0.01La3,3.92,new,1,1,A:trace-dopant(Ce 0.0025)
Ru11Zr89-MP-mp-131.cif,Ru11Zr89,3.87,new,1,1,"A:huge-coefficient(max 89, 100 atoms)"
Co0.02Cu0.98Rh2Si4-MP-mp-2379.cif,Co0.02Cu0.98Rh2Si4,3.8,new,1,1,A:trace-dopant(Co 0.0029)
Co20Th80-MP-mp-37.cif,Co20Th80,3.8,new,1,1,"A:huge-coefficient(max 80, 100 atoms)"
La75Au15Cu10-MP-mp-26.cif,La75Au15Cu10,3.795,new,1,1,"A:huge-coefficient(max 75, 100 atoms)"
Ru8Zr92-MP-mp-131.cif,Ru8Zr92,3.79,new,1,1,"A:huge-coefficient(max 92, 100 atoms)"
Co21Zr79-MP-mp-30619-synth_doped.cif,Co21Zr79,3.78,V45,1,1,"A:huge-coefficient(max 79, 100 atoms)"
Ru28Zr72-MP-mp-131.cif,Ru28Zr72,3.76,new,1,1,"A:huge-coefficient(max 72, 100 atoms)"
Sn93In3.5Sb3.5-MP-mp-1224025.cif,Sn93In3.5Sb3.5,3.743,new,1,1,"A:huge-coefficient(max 93, 100 atoms)"
Ru22Zr78-MP-mp-131.cif,Ru22Zr78,3.73,new,1,1,"A:huge-coefficient(max 78, 100 atoms)"
Rh20Zr80-MP-mp-131.cif,Rh20Zr80,3.72,new,1,1,"A:huge-coefficient(max 80, 100 atoms)"
La0.99Nd0.01Pt1Si1-MP-mp-1206485-synth_doped.cif,La0.99Nd0.01Pt1Si1,3.71,V45,1,1,A:trace-dopant(Nd 0.0033)
In31.5Sb68.5-MP-mp-1212332-synth_doped.cif,In31.5Sb68.5,3.7,V45,1,1,"A:huge-coefficient(max 68, 100 atoms)"
Ni25Th75-MP-mp-30809-synth_doped.cif,Ni25Th75,3.7,V45,1,1,"A:huge-coefficient(max 75, 100 atoms)"
Rh24Zr76-MP-mp-1188413-synth_doped.cif,Rh24Zr76,3.67,V45,1,1,"A:huge-coefficient(max 76, 100 atoms)"
Rh23Zr77-MP-mp-1188413-synth_doped.cif,Rh23Zr77,3.66,V45,1,1,"A:huge-coefficient(max 77, 100 atoms)"
La1.9Sr0.1Cu0.975Ni0.025O4-MP-mp-1077929.cif,La1.9Sr0.1Cu0.975Ni0.025O4,3.65,new,1,1,A:trace-dopant(Ni 0.0036)
Zr74.1Ti3.9Ni22-MP-mp-131.cif,Zr74.1Ti3.9Ni22,3.65,new,1,1,"A:huge-coefficient(max 74, 100 atoms)"
In6Sn94-MP-mp-117.cif,In6Sn94,3.644,new,1,1,"A:huge-coefficient(max 94, 100 atoms)"
In3Sn97-MP-mp-117.cif,In3Sn97,3.628,new,1,1,"A:huge-coefficient(max 97, 100 atoms)"
Co1.99Cr0.01Cu1S4-MP-mp-3925-synth_doped.cif,Co1.99Cr0.01Cu1S4,3.62,V45,1,1,A:trace-dopant(Cr 0.0014)
Gd0.004La0.996-MP-mp-26.cif,Gd0.004La0.996,3.59,new,1,1,A:trace-dopant(Gd 0.0040)
Rh27Zr73-MP-mp-131.cif,Rh27Zr73,3.57,new,1,1,"A:huge-coefficient(max 73, 100 atoms)"
Ru13Zr87-MP-mp-131.cif,Ru13Zr87,3.57,new,1,1,"A:huge-coefficient(max 87, 100 atoms)"
Zr66.3Ti11.7Ni22-MP-mp-131.cif,Zr66.3Ti11.7Ni22,3.56,new,1,1,"A:huge-coefficient(max 66, 100 atoms)"
Ru18Zr82-MP-mp-131.cif,Ru18Zr82,3.555,new,1,1,"A:huge-coefficient(max 82, 100 atoms)"
Ni20Zr80-MP-mp-1207489.cif,Ni20Zr80,3.53,V45,1,1,"A:huge-coefficient(max 80, 100 atoms)"
Y0.95Ca0.05Ba2Cu2.8Zn0.2O6.74-MP-mp-1228425.cif,Y0.95Ca0.05Ba2Cu2.8Zn0.2O6.74,3.5,new,1,1,A:trace-dopant(Ca 0.0039)
Ni22Zr78-MP-mp-1188073-synth_doped.cif,Ni22Zr78,3.47,V45,1,1,"A:huge-coefficient(max 78, 100 atoms)"
Mo16Ru64P20-MP-mp-22451.cif,Mo16Ru64P20,3.43,new,1,1,"A:huge-coefficient(max 64, 100 atoms)"
Co1.98Cr0.02Cu1S4-MP-mp-3925-synth_doped.cif,Co1.98Cr0.02Cu1S4,3.4,V45,1,1,A:trace-dopant(Cr 0.0029)
Hg0.004In0.996-MP-mp-85.cif,Hg0.004In0.996,3.396,new,1,1,A:trace-dopant(Hg 0.0040)
Zr70.2Ti7.8Ni22-MP-mp-131.cif,Zr70.2Ti7.8Ni22,3.32,new,1,1,"A:huge-coefficient(max 70, 100 atoms)"
Re16Zr84-MP-mp-131.cif,Re16Zr84,3.32,new,1,1,"A:huge-coefficient(max 84, 100 atoms)"
Co15Zr85-MP-mp-131.cif,Co15Zr85,3.3,new,1,1,"A:huge-coefficient(max 85, 100 atoms)"
La1.78Sr0.22Cu0.97Zn0.03O4-MP-mp-532700.cif,La1.78Sr0.22Cu0.97Zn0.03O4,3.3,new,1,1,A:trace-dopant(Zn 0.0043)
Zr62.4Ti15.6Ni22-MP-mp-131.cif,Zr62.4Ti15.6Ni22,3.215,new,1,1,"A:huge-coefficient(max 62, 100 atoms)"
La98Lu1.4Tb0.6-MP-mp-26.cif,La98Lu1.4Tb0.6,3.127,new,1,1,"A:huge-coefficient(max 98, 100 atoms)"
Co28Zr72-MP-mp-628-synth_doped.cif,Co28Zr72,3.12,V45,1,1,"A:huge-coefficient(max 72, 100 atoms)"
Ni24Zr76-MP-mp-1188073-synth_doped.cif,Ni24Zr76,3.115,V45,1,1,"A:huge-coefficient(max 76, 100 atoms)"
Ru27Zr73-MP-mp-131.cif,Ru27Zr73,3.11,new,1,1,"A:huge-coefficient(max 73, 100 atoms)"
Ni27Zr73-MP-mp-1188073-synth_doped.cif,Ni27Zr73,3.1,V45,1,1,"A:huge-coefficient(max 73, 100 atoms)"
Dy1Ni1.99Co0.02B2C1-MP-mp-1212868.cif,Dy1Ni1.99Co0.02B2C1,3.1,new,1,1,A:trace-dopant(Co 0.0033)
Ni21Zr79-MP-mp-1188073-synth_doped.cif,Ni21Zr79,3.06,V45,1,1,"A:huge-coefficient(max 79, 100 atoms)"
Ni16Zr84-MP-mp-131.cif,Ni16Zr84,3.06,new,1,1,"A:huge-coefficient(max 84, 100 atoms)"
Cu0.01Ta1S2-MP-mp-10014.cif,Cu0.01Ta1S2,3.05,new,1,1,A:trace-dopant(Cu 0.0033)
Co1.99Cu1Ir0.01S4-MP-mp-3925-synth_doped.cif,Co1.99Cu1Ir0.01S4,3.04,V45,1,1,A:trace-dopant(Ir 0.0014)
Ni17Zr83-MP-mp-1207489-synth_doped.cif,Ni17Zr83,3.0,V45,1,1,"A:huge-coefficient(max 83, 100 atoms)"
La1.82Sr0.18Cu0.97Co0.03O4-MP-mp-1077929.cif,La1.82Sr0.18Cu0.97Co0.03O4,3.0,new,1,1,A:trace-dopant(Co 0.0043)
Lu4.98Yb0.02Ir4Si10-MP-mp-542170.cif,Lu4.98Yb0.02Ir4Si10,3.0,new,1,1,A:trace-dopant(Yb 0.0011)
Ni18Zr82-MP-mp-1207489-synth_doped.cif,Ni18Zr82,2.98,V45,1,1,"A:huge-coefficient(max 82, 100 atoms)"
Ge2Pd1.98Pt0.02Sr1-MP-mp-978986-synth_doped.cif,Ge2Pd1.98Pt0.02Sr1,2.96,V45,1,1,A:trace-dopant(Pt 0.0040)
Pd20Zr80-MP-mp-1215363.cif,Pd20Zr80,2.91,V45,1,1,"A:huge-coefficient(max 80, 100 atoms)"
Al1.995La1Si0.005-MP-mp-2694-synth_doped.cif,Al1.995La1Si0.005,2.9,V45,1,1,A:trace-dopant(Si 0.0017)
Fe3Lu0.032Si5Y1.968-MP-mp-1197725-synth_doped.cif,Fe3Lu0.032Si5Y1.968,2.9,V45,1,1,A:trace-dopant(Lu 0.0032)
La0.9985Tb0.0015Al2-MP-mp-2694.cif,La0.9985Tb0.0015Al2,2.9,new,1,1,A:trace-dopant(Tb 0.0005)
La0.995Y0.005Fe0.995Mn0.005As1F0.11O0.89-MP-mp-1281007.cif,La0.995Y0.005Fe0.995Mn0.005As1F0.11O0.89,2.89,new,1,1,A:trace-dopant(Y 0.0013)
Pd22Zr78-MP-mp-131.cif,Pd22Zr78,2.88,new,1,1,"A:huge-coefficient(max 78, 100 atoms)"
Al0.01B0.99Li2Pt3-MP-mp-20234-synth_doped.cif,Al0.01B0.99Li2Pt3,2.86,V45,1,1,A:trace-dopant(Al 0.0017)
Rh37Zr63-MP-mp-571664-synth_doped.cif,Rh37Zr63,2.86,V45,1,1,"A:huge-coefficient(max 63, 100 atoms)"
Pd23Zr77-MP-mp-131.cif,Pd23Zr77,2.84,new,1,1,"A:huge-coefficient(max 77, 100 atoms)"
Co1.98Cu1Rh0.02S4-MP-mp-3925-synth_doped.cif,Co1.98Cu1Rh0.02S4,2.82,V45,1,1,A:trace-dopant(Rh 0.0029)
Ge2Pd1.99Pt0.01Sr1-MP-mp-978986-synth_doped.cif,Ge2Pd1.99Pt0.01Sr1,2.82,V45,1,1,A:trace-dopant(Pt 0.0020)
Ir3Lu1.96Sc0.04Si5-MP-mp-568336-synth_doped.cif,Ir3Lu1.96Sc0.04Si5,2.8,V45,1,1,A:trace-dopant(Sc 0.0040)
Be30Zr70-MP-mp-1188016.cif,Be30Zr70,2.8,new,1,1,"A:huge-coefficient(max 70, 100 atoms)"
Co1.98Cu1Ir0.02S4-MP-mp-3925-synth_doped.cif,Co1.98Cu1Ir0.02S4,2.79,V45,1,1,A:trace-dopant(Ir 0.0029)
Al1Gd0.0065La3-MP-mp-1084828.cif,Al1Gd0.0065La3,2.79,new,1,1,A:trace-dopant(Gd 0.0016)
Al2Gd0.001La0.999-MP-mp-2694-synth_doped.cif,Al2Gd0.001La0.999,2.78,V45,1,1,A:trace-dopant(Gd 0.0003)
Ni29Zr71-MP-mp-328-synth_doped.cif,Ni29Zr71,2.78,V45,1,1,"A:huge-coefficient(max 71, 100 atoms)"
Ge1.98Pd2Si0.02Sr1-MP-mp-978986-synth_doped.cif,Ge1.98Pd2Si0.02Sr1,2.76,V45,1,1,A:trace-dopant(Si 0.0040)
Re30Zr70-MP-mp-1193848.cif,Re30Zr70,2.69,new,1,1,"A:huge-coefficient(max 70, 100 atoms)"
Zn0.025In2O3-MP-mp-22598.cif,Zn0.025In2O3,2.68,new,1,1,A:trace-dopant(Zn 0.0050)
Co35.38Zr64.62-MP-mp-628-synth_doped.cif,Co35.38Zr64.62,2.67,V45,1,1,"A:huge-coefficient(max 65, 100 atoms)"
Ag0.02Ge2Pd1.98Sr1-MP-mp-978986-synth_doped.cif,Ag0.02Ge2Pd1.98Sr1,2.64,V45,1,1,A:trace-dopant(Ag 0.0040)
Co1.99Cu1Rh0.01S4-MP-mp-3925-synth_doped.cif,Co1.99Cu1Rh0.01S4,2.61,V45,1,1,A:trace-dopant(Rh 0.0014)
Ni33Zr67-MP-mp-328-synth_doped.cif,Ni33Zr67,2.6,V45,1,1,"A:huge-coefficient(max 67, 100 atoms)"
Au30Pd3.3Te66.6-MP-mp-20123.cif,Au30Pd3.3Te66.6,2.6,new,1,1,"A:huge-coefficient(max 67, 100 atoms)"
Be35Zr65-MP-mp-131.cif,Be35Zr65,2.6,new,1,1,"A:huge-coefficient(max 65, 100 atoms)"
Pd27Zr73-MP-mp-131.cif,Pd27Zr73,2.6,new,1,1,"A:huge-coefficient(max 73, 100 atoms)"
La98Lu1.15Tb0.85-MP-mp-26.cif,La98Lu1.15Tb0.85,2.582,new,1,1,"A:huge-coefficient(max 98, 100 atoms)"
Ni30Zr70-MP-mp-328-synth_doped.cif,Ni30Zr70,2.58,V45,1,1,"A:huge-coefficient(max 70, 100 atoms)"
Mo3.95Zr96.05-MP-mp-131.cif,Mo3.95Zr96.05,2.53,new,1,1,"A:huge-coefficient(max 96, 100 atoms)"
Pd29Zr71-MP-mp-266-synth_doped.cif,Pd29Zr71,2.49,V45,1,1,"A:huge-coefficient(max 71, 100 atoms)"
Co35Zr65-MP-mp-628-synth_doped.cif,Co35Zr65,2.48,V45,1,1,"A:huge-coefficient(max 65, 100 atoms)"
Ni31Zr69-MP-mp-328-synth_doped.cif,Ni31Zr69,2.44,V45,1,1,"A:huge-coefficient(max 69, 100 atoms)"
Ni36.5Zr63.5-MP-mp-328-synth_doped.cif,Ni36.5Zr63.5,2.44,V45,1,1,"A:huge-coefficient(max 64, 100 atoms)"
Al2Gd0.002La0.998-MP-mp-2694-synth_doped.cif,Al2Gd0.002La0.998,2.42,V45,1,1,A:trace-dopant(Gd 0.0007)
Al2La0.996Tb0.004-MP-mp-2694-synth_doped.cif,Al2La0.996Tb0.004,2.4,V45,1,1,A:trace-dopant(Tb 0.0013)
Cr0.008Cu1Rh1.992S4-MP-mp-15613-synth_doped.cif,Cr0.008Cu1Rh1.992S4,2.4,V45,1,1,A:trace-dopant(Cr 0.0011)
Ba1Fe1.936Co0.044Cu0.02As2-MP-mp-2903350.cif,Ba1Fe1.936Co0.044Cu0.02As2,2.35,new,1,1,A:trace-dopant(Cu 0.0040)
Pd31Zr69-MP-mp-266-synth_doped.cif,Pd31Zr69,2.34,V45,1,1,"A:huge-coefficient(max 69, 100 atoms)"
Ce1Co1In4.9992Hg0.0008-MP-mp-19961.cif,Ce1Co1In4.9992Hg0.0008,2.253,new,1,1,A:trace-dopant(Hg 0.0001)
Pd32Zr68-MP-mp-266-synth_doped.cif,Pd32Zr68,2.24,V45,1,1,"A:huge-coefficient(max 68, 100 atoms)"
Ce1Co1In4.9945Cd0.0055-MP-mp-85.cif,Ce1Co1In4.9945Cd0.0055,2.226,new,1,1,A:trace-dopant(Cd 0.0008)
Ce1Co1In4.996Sn0.004-MP-mp-19961.cif,Ce1Co1In4.996Sn0.004,2.21,new,1,1,A:trace-dopant(Sn 0.0006)
Ce1Co1In4.989Cd0.011-MP-mp-19961.cif,Ce1Co1In4.989Cd0.011,2.18,new,1,1,A:trace-dopant(Cd 0.0016)
Ce1Co1In4.9835Cd0.0165-MP-mp-19961.cif,Ce1Co1In4.9835Cd0.0165,2.15,new,1,1,A:trace-dopant(Cd 0.0024)
Ce1Co1In4.98Cd0.02-MP-mp-19961.cif,Ce1Co1In4.98Cd0.02,2.14,new,1,1,A:trace-dopant(Cd 0.0029)
Ce0.987Co1In5Yb0.013-MP-mp-19961-synth_doped.cif,Ce0.987Co1In5Yb0.013,2.13,V45,1,1,A:trace-dopant(Yb 0.0019)
Mo3.29Zr96.71-MP-mp-131.cif,Mo3.29Zr96.71,2.12,new,1,1,"A:huge-coefficient(max 97, 100 atoms)"
Cu19.8Zr79.2Mn1-MP-mp-131.cif,Cu19.8Zr79.2Mn1,2.11,new,1,1,"A:huge-coefficient(max 79, 100 atoms)"
La98Lu1Tb1-MP-mp-26.cif,La98Lu1Tb1,2.108,new,1,1,"A:huge-coefficient(max 98, 100 atoms)"
Pd34Zr66-MP-mp-266-synth_doped.cif,Pd34Zr66,2.1,V45,1,1,"A:huge-coefficient(max 66, 100 atoms)"
Dy1Ni1.985Co0.03B2C1-MP-mp-1212868.cif,Dy1Ni1.985Co0.03B2C1,2.1,new,1,1,A:trace-dopant(Co 0.0050)
Ir0.99Pt0.01Te2-MP-mp-569322-synth_doped.cif,Ir0.99Pt0.01Te2,2.05,V45,1,1,A:trace-dopant(Pt 0.0033)
Ce0.98Co1In5La0.02-MP-mp-19961-synth_doped.cif,Ce0.98Co1In5La0.02,2.0,V45,1,1,A:trace-dopant(La 0.0029)
La1.85Sr0.15Cu0.97Zn0.03O4-MP-mp-1077929.cif,La1.85Sr0.15Cu0.97Zn0.03O4,2.0,new,1,1,A:trace-dopant(Zn 0.0043)
Lu4.95Yb0.05Ir4Si10-MP-mp-542170.cif,Lu4.95Yb0.05Ir4Si10,2.0,new,1,1,A:trace-dopant(Yb 0.0026)
Al2La0.994Tb0.006-MP-mp-2694-synth_doped.cif,Al2La0.994Tb0.006,1.996,V45,1,1,A:trace-dopant(Tb 0.0020)
Pd35Zr65-MP-mp-266-synth_doped.cif,Pd35Zr65,1.98,V45,1,1,"A:huge-coefficient(max 65, 100 atoms)"
Al3Pd2Th0.02U0.98-MP-mp-4561-synth_doped.cif,Al3Pd2Th0.02U0.98,1.97,V45,1,1,A:trace-dopant(Th 0.0033)
Ni19.75Zr79Mn1.25-MP-mp-131.cif,Ni19.75Zr79Mn1.25,1.92,new,1,1,"A:huge-coefficient(max 79, 100 atoms)"
Al2Gd0.003La0.997-MP-mp-2694-synth_doped.cif,Al2Gd0.003La0.997,1.89,V45,1,1,A:trace-dopant(Gd 0.0010)
Ce0.98Co1In5Yb0.02-MP-mp-19961-synth_doped.cif,Ce0.98Co1In5Yb0.02,1.89,V45,1,1,A:trace-dopant(Yb 0.0029)
U1Be12.9896B0.0104-MP-mp-1163.cif,U1Be12.9896B0.0104,1.89,new,1,1,A:trace-dopant(B 0.0007)
Os8.33Re91.67-MP-mp-1186901.cif,Os8.33Re91.67,1.876,new,1,1,"A:huge-coefficient(max 92, 100 atoms)"
Pb0.987Tl0.0125Na0.005Te1-MP-mp-2048.cif,Pb0.987Tl0.0125Na0.005Te1,1.87,new,1,1,A:trace-dopant(Na 0.0025)
Ce1Co1In4.97Sn0.03-MP-mp-19961.cif,Ce1Co1In4.97Sn0.03,1.86,new,1,1,A:trace-dopant(Sn 0.0043)
Os2.76Re97.24-MP-mp-1186901.cif,Os2.76Re97.24,1.844,new,1,1,"A:huge-coefficient(max 97, 100 atoms)"
La0.05Os4Pr0.95Sb12-MP-mp-4251-synth_doped.cif,La0.05Os4Pr0.95Sb12,1.815,V45,1,1,A:trace-dopant(La 0.0029)
La0.02Os4Pr0.98Sb12-MP-mp-4251-synth_doped.cif,La0.02Os4Pr0.98Sb12,1.8,V45,1,1,A:trace-dopant(La 0.0012)
Ce0.001La0.999Pt1Si1-MP-mp-1206485-synth_doped.cif,Ce0.001La0.999Pt1Si1,1.765,V45,1,1,A:trace-dopant(Ce 0.0003)
Sn0.8798Pb0.0002In0.12Te1-MP-mp-1883.cif,Sn0.8798Pb0.0002In0.12Te1,1.76,new,1,1,A:trace-dopant(Pb 0.0001)
Re0.999W0.001-MP-mp-1186901.cif,Re0.999W0.001,1.723,new,1,1,A:trace-dopant(W 0.0010)
Os0.001Re0.999-MP-mp-1186901.cif,Os0.001Re0.999,1.71,new,1,1,A:trace-dopant(Os 0.0010)
Os0.002Re0.998-MP-mp-1186901.cif,Os0.002Re0.998,1.71,new,1,1,A:trace-dopant(Os 0.0020)
Mo0.0006Re0.9994-MP-mp-1186901.cif,Mo0.0006Re0.9994,1.6955,new,1,1,A:trace-dopant(Mo 0.0006)
B2Ce0.001La0.999Rh3-MP-mp-3465-synth_doped.cif,B2Ce0.001La0.999Rh3,1.67,V45,1,1,A:trace-dopant(Ce 0.0002)
Pd50.745Mo0.255Sb49-MP-mp-1769.cif,Pd50.745Mo0.255Sb49,1.67,new,1,1,A:trace-dopant(Mo 0.0026)
U1Be12.9701B0.0299-MP-mp-1163.cif,U1Be12.9701B0.0299,1.66,new,1,1,A:trace-dopant(B 0.0021)
Al0.997Er0.003-MP-mp-134.cif,Al0.997Er0.003,1.658,new,1,1,A:trace-dopant(Er 0.0030)
Al2La0.992Tb0.008-MP-mp-2694-synth_doped.cif,Al2La0.992Tb0.008,1.61,V45,1,1,A:trace-dopant(Tb 0.0027)
Sn0.9405Ge0.0095In0.05Te1-MP-mp-1883.cif,Sn0.9405Ge0.0095In0.05Te1,1.61,new,1,1,A:trace-dopant(Ge 0.0047)
Pb0.99Tl0.005Na0.005Te1-MP-mp-2048.cif,Pb0.99Tl0.005Na0.005Te1,1.61,new,1,1,A:trace-dopant(Tl 0.0025)
Pd50.745Ti0.255Sb49-MP-mp-1769.cif,Pd50.745Ti0.255Sb49,1.61,new,1,1,A:trace-dopant(Ti 0.0026)
La98Lu0.877Tb1.123-MP-mp-26.cif,La98Lu0.877Tb1.123,1.605,new,1,1,"A:huge-coefficient(max 98, 100 atoms)"
Pd50.745Nb0.255Sb49-MP-mp-1769.cif,Pd50.745Nb0.255Sb49,1.6,new,1,1,A:trace-dopant(Nb 0.0026)
Co0.25Pd49.75Sb50-MP-mp-1769-synth_doped.cif,Co0.25Pd49.75Sb50,1.57,V45,1,1,A:trace-dopant(Co 0.0025)
Pd50.745Ru0.255Sb49-MP-mp-1769.cif,Pd50.745Ru0.255Sb49,1.57,new,1,1,A:trace-dopant(Ru 0.0026)
Cu0.25Pd49.75Sb50-MP-mp-1769-synth_doped.cif,Cu0.25Pd49.75Sb50,1.56,V45,1,1,A:trace-dopant(Cu 0.0025)
Pd50.745Sc0.255Sb49-MP-mp-1769.cif,Pd50.745Sc0.255Sb49,1.56,new,1,1,A:trace-dopant(Sc 0.0026)
Ga0.1V2Al20-MP-mp-134.cif,Ga0.1V2Al20,1.53,new,1,1,A:trace-dopant(Ga 0.0045)
Ga0.05V2Al20-MP-mp-134.cif,Ga0.05V2Al20,1.53,new,1,1,A:trace-dopant(Ga 0.0023)
Ni0.25Pd49.75Sb50-MP-mp-1769-synth_doped.cif,Ni0.25Pd49.75Sb50,1.5,V45,1,1,A:trace-dopant(Ni 0.0025)
Al0.999Fe0.001-MP-mp-134.cif,Al0.999Fe0.001,1.5,new,1,1,A:trace-dopant(Fe 0.0010)
Lu4.93Yb0.07Ir4Si10-MP-mp-542170.cif,Lu4.93Yb0.07Ir4Si10,1.5,new,1,1,A:trace-dopant(Yb 0.0037)
Ba24Si100-MP-mp-16094.cif,Ba24Si100,1.475,V45,1,1,"A:huge-coefficient(max 100, 124 atoms)"
Pd50.9745Mn0.0255Sb49-MP-mp-1769.cif,Pd50.9745Mn0.0255Sb49,1.46,new,1,1,A:trace-dopant(Mn 0.0003)
Al2La0.991Tb0.009-MP-mp-2694-synth_doped.cif,Al2La0.991Tb0.009,1.425,V45,1,1,A:trace-dopant(Tb 0.0030)
Ni19.5Zr78Mn2.5-MP-mp-131.cif,Ni19.5Zr78Mn2.5,1.41,new,1,1,"A:huge-coefficient(max 78, 100 atoms)"
Al2Gd0.004La0.996-MP-mp-2694-synth_doped.cif,Al2Gd0.004La0.996,1.38,V45,1,1,A:trace-dopant(Gd 0.0013)
Pb0.985Tl0.005Na0.01Te1-MP-mp-2048.cif,Pb0.985Tl0.005Na0.01Te1,1.38,new,1,1,A:trace-dopant(Tl 0.0025)
Pd50.99745Cr0.00255Sb49-MP-mp-1769.cif,Pd50.99745Cr0.00255Sb49,1.35,new,1,1,A:trace-dopant(Cr 0.0000)
C1Re0.01W1-MP-mp-16877.cif,C1Re0.01W1,1.3,new,1,1,A:trace-dopant(Re 0.0050)
Au0.988Ga2Pd0.012-MP-mp-2776-synth_doped.cif,Au0.988Ga2Pd0.012,1.25,V45,1,1,A:trace-dopant(Pd 0.0040)
La1.85Sr0.15Cu0.973Co0.027O4-MP-mp-1077929.cif,La1.85Sr0.15Cu0.973Co0.027O4,1.25,new,1,1,A:trace-dopant(Co 0.0039)
Cu70Sn30-MP-mp-13138-synth_doped.cif,Cu70Sn30,1.2,V45,1,1,"A:huge-coefficient(max 70, 100 atoms)"
Al3Gd0.01Pd2U0.99-MP-mp-4561-synth_doped.cif,Al3Gd0.01Pd2U0.99,1.16,V45,1,1,A:trace-dopant(Gd 0.0017)
Cu19.6Zr78.4Mn2-MP-mp-131.cif,Cu19.6Zr78.4Mn2,1.14,new,1,1,"A:huge-coefficient(max 78, 100 atoms)"
Pd49.75Sb50V0.25-MP-mp-1769-synth_doped.cif,Pd49.75Sb50V0.25,1.13,V45,1,1,A:trace-dopant(V 0.0025)
Ag0.002Al0.998-MP-mp-134.cif,Ag0.002Al0.998,1.128,new,1,1,A:trace-dopant(Ag 0.0020)
Pd50.93625Fe0.06375Sb49-MP-mp-1769.cif,Pd50.93625Fe0.06375Sb49,1.125,new,1,1,A:trace-dopant(Fe 0.0006)
Al3Pd2U0.99Y0.01-MP-mp-4561-synth_doped.cif,Al3Pd2U0.99Y0.01,1.11,V45,1,1,A:trace-dopant(Y 0.0017)
Al1Ce0.017La3-MP-mp-1211397.cif,Al1Ce0.017La3,1.11,new,1,1,A:trace-dopant(Ce 0.0042)
Gd0.001Th0.999-MP-mp-37.cif,Gd0.001Th0.999,1.11,new,1,1,A:trace-dopant(Gd 0.0010)
La98Lu0.815Tb1.185-MP-mp-26.cif,La98Lu0.815Tb1.185,1.0775,new,1,1,"A:huge-coefficient(max 98, 100 atoms)"
B2Ce0.002La0.998Rh3-MP-mp-3465-synth_doped.cif,B2Ce0.002La0.998Rh3,1.07,V45,1,1,A:trace-dopant(Ce 0.0003)
Th90.9Tm9.1-MP-mp-37.cif,Th90.9Tm9.1,1.07,new,1,1,"A:huge-coefficient(max 91, 100 atoms)"
Ce1Ir1In4.996Sn0.004-MP-mp-20975.cif,Ce1Ir1In4.996Sn0.004,1.043,new,1,1,A:trace-dopant(Sn 0.0006)
Co0.02Cu0.98Rh2S4-MP-mp-15613-synth_doped.cif,Co0.02Cu0.98Rh2S4,1.0,V45,1,1,A:trace-dopant(Co 0.0029)
La1.9Sr0.1Cu0.98Zn0.02O4-MP-mp-1077929.cif,La1.9Sr0.1Cu0.98Zn0.02O4,1.0,new,1,1,A:trace-dopant(Zn 0.0029)
U1Be12.9558B0.0442-MP-mp-1163.cif,U1Be12.9558B0.0442,0.988,new,1,1,A:trace-dopant(B 0.0032)
Fe22U78-MP-mp-1208119-synth_doped.cif,Fe22U78,0.98,V45,1,1,"A:huge-coefficient(max 78, 100 atoms)"
Th81.3Tm18.7-MP-mp-37.cif,Th81.3Tm18.7,0.97,new,1,1,"A:huge-coefficient(max 81, 100 atoms)"
Ce1Ir1In4.973Hg0.027-MP-mp-20975.cif,Ce1Ir1In4.973Hg0.027,0.955,new,1,1,A:trace-dopant(Hg 0.0039)
Pb0.985Tl0.01In0.005Te1-MP-mp-19717.cif,Pb0.985Tl0.01In0.005Te1,0.954,new,1,1,A:trace-dopant(In 0.0025)
Al2La0.988Tb0.012-MP-mp-2694-synth_doped.cif,Al2La0.988Tb0.012,0.94,V45,1,1,A:trace-dopant(Tb 0.0040)
Al2Gd0.005La0.995-MP-mp-2694-synth_doped.cif,Al2Gd0.005La0.995,0.932,V45,1,1,A:trace-dopant(Gd 0.0017)
Pd50.745V0.255Sb49-MP-mp-1769.cif,Pd50.745V0.255Sb49,0.91,new,1,1,A:trace-dopant(V 0.0026)
La1.85Sr0.15Cu0.977Ga0.023O4-MP-mp-1077929.cif,La1.85Sr0.15Cu0.977Ga0.023O4,0.9,new,1,1,A:trace-dopant(Ga 0.0033)
Th0.9985U0.0015-MP-mp-37.cif,Th0.9985U0.0015,0.9,new,1,1,A:trace-dopant(U 0.0015)
Ce1In5Ir0.987Pt0.013-MP-mp-20975-synth_doped.cif,Ce1In5Ir0.987Pt0.013,0.897,V45,1,1,A:trace-dopant(Pt 0.0019)
Pb0.982Tl0.01In0.008Te1-MP-mp-19717.cif,Pb0.982Tl0.01In0.008Te1,0.818,new,1,1,A:trace-dopant(In 0.0040)
Ce1Ir1In4.986Sn0.014-MP-mp-20975.cif,Ce1Ir1In4.986Sn0.014,0.8,new,1,1,A:trace-dopant(Sn 0.0020)
Cd0.002Zn0.998-MP-mp-79.cif,Cd0.002Zn0.998,0.78,new,1,1,A:trace-dopant(Cd 0.0020)
Th0.998U0.002-MP-mp-37.cif,Th0.998U0.002,0.761,new,1,1,A:trace-dopant(U 0.0020)
Ce1In5Ir0.978Pt0.022-MP-mp-20975-synth_doped.cif,Ce1In5Ir0.978Pt0.022,0.734,V45,1,1,A:trace-dopant(Pt 0.0031)
Gd0.002Th0.998-MP-mp-37.cif,Gd0.002Th0.998,0.714,new,1,1,A:trace-dopant(Gd 0.0020)
Be13Th0.007U0.993-MP-mp-1163-synth_doped.cif,Be13Th0.007U0.993,0.67,V45,1,1,A:trace-dopant(Th 0.0005)
Th70.2Tm29.8-MP-mp-980014-synth_doped.cif,Th70.2Tm29.8,0.67,V45,1,1,"A:huge-coefficient(max 70, 100 atoms)"
Be13U0.9934Th0.0066-MP-mp-1163.cif,Be13U0.9934Th0.0066,0.67,new,1,1,A:trace-dopant(Th 0.0005)
Au64Ge22Yb14-MP-mp-1215498.cif,Au64Ge22Yb14,0.6675,new,1,1,"A:huge-coefficient(max 64, 100 atoms)"
Be13Th0.009U0.991-MP-mp-1163-synth_doped.cif,Be13Th0.009U0.991,0.66,V45,1,1,A:trace-dopant(Th 0.0006)
Ce1Ir1In4.97Sn0.03-MP-mp-20975.cif,Ce1Ir1In4.97Sn0.03,0.66,new,1,1,A:trace-dopant(Sn 0.0043)
Al0.999Mn0.001-MP-mp-134.cif,Al0.999Mn0.001,0.6479999999999999,new,1,1,A:trace-dopant(Mn 0.0010)
U0.92Gd0.02Pd2Al3-MP-mp-4561.cif,U0.92Gd0.02Pd2Al3,0.64,new,1,1,A:trace-dopant(Gd 0.0034)
Be13Th0.01U0.99-MP-mp-1163-synth_doped.cif,Be13Th0.01U0.99,0.637,V45,1,1,A:trace-dopant(Th 0.0007)
La98Lu0.697Tb1.303-MP-mp-26.cif,La98Lu0.697Tb1.303,0.632,new,1,1,"A:huge-coefficient(max 98, 100 atoms)"
Be13Th0.03U0.97-MP-mp-1163-synth_doped.cif,Be13Th0.03U0.97,0.602666667,V45,1,1,A:trace-dopant(Th 0.0021)
Co28U72-MP-mp-44.cif,Co28U72,0.6,new,1,1,"A:huge-coefficient(max 72, 100 atoms)"
Be13Th0.026U0.974-MP-mp-1163-synth_doped.cif,Be13Th0.026U0.974,0.58,V45,1,1,A:trace-dopant(Th 0.0019)
U0.9981Th0.019Be13-MP-mp-87.cif,U0.9981Th0.019Be13,0.573,new,1,1,A:trace-dopant(Th 0.0014)
Ce0.99La0.01Pt3Si1-MP-mp-1207119-synth_doped.cif,Ce0.99La0.01Pt3Si1,0.57,V45,1,1,A:trace-dopant(La 0.0020)
Be13Th0.038U0.962-MP-mp-1163-synth_doped.cif,Be13Th0.038U0.962,0.5515000000000001,V45,1,1,A:trace-dopant(Th 0.0027)
Be13Th0.035U0.965-MP-mp-1163-synth_doped.cif,Be13Th0.035U0.965,0.55,V45,1,1,A:trace-dopant(Th 0.0025)
Be13Th0.022U0.978-MP-mp-1163-synth_doped.cif,Be13Th0.022U0.978,0.539,V45,1,1,A:trace-dopant(Th 0.0016)
Be13Th0.043U0.957-MP-mp-1163-synth_doped.cif,Be13Th0.043U0.957,0.5315,V45,1,1,A:trace-dopant(Th 0.0031)
Ru0.999Sr2Ti0.001O4-MP-mp-4596-synth_doped.cif,Ru0.999Sr2Ti0.001O4,0.53,V45,1,1,A:trace-dopant(Ti 0.0001)
Be13Th0.017U0.983-MP-mp-1163-synth_doped.cif,Be13Th0.017U0.983,0.525,V45,1,1,A:trace-dopant(Th 0.0012)
Ce1Cu2Ge0.02Si1.98-MP-mp-5452-synth_doped.cif,Ce1Cu2Ge0.02Si1.98,0.52,V45,1,1,A:trace-dopant(Ge 0.0040)
Be13Th0.018U0.982-MP-mp-1163-synth_doped.cif,Be13Th0.018U0.982,0.519,V45,1,1,A:trace-dopant(Th 0.0013)
Pb0.992Te1Tl0.008-MP-mp-19717-synth_doped.cif,Pb0.992Te1Tl0.008,0.51,V45,1,1,A:trace-dopant(Tl 0.0040)
Fe30Zr70-MP-mp-1159-synth_doped.cif,Fe30Zr70,0.5,V45,1,1,"A:huge-coefficient(max 70, 100 atoms)"
Be13Th0.019U0.981-MP-mp-1163-synth_doped.cif,Be13Th0.019U0.981,0.48,V45,1,1,A:trace-dopant(Th 0.0014)
Pd0.003Pt2.997U1-MP-mp-30855-synth_doped.cif,Pd0.003Pt2.997U1,0.4785,V45,1,1,A:trace-dopant(Pd 0.0008)
Be13Th0.045U0.955-MP-mp-1163-synth_doped.cif,Be13Th0.045U0.955,0.46,V45,1,1,A:trace-dopant(Th 0.0032)
Be13Th0.046U0.954-MP-mp-1163-synth_doped.cif,Be13Th0.046U0.954,0.415,V45,1,1,A:trace-dopant(Th 0.0033)
Pd0.006Pt2.994U1-MP-mp-30855-synth_doped.cif,Pd0.006Pt2.994U1,0.41,V45,1,1,A:trace-dopant(Pd 0.0015)
Ce0.98Pt3Si1Th0.02-MP-mp-1207119-synth_doped.cif,Ce0.98Pt3Si1Th0.02,0.4,V45,1,1,A:trace-dopant(Th 0.0040)
B2Ce0.003La0.997Rh3-MP-mp-3465-synth_doped.cif,B2Ce0.003La0.997Rh3,0.38,V45,1,1,A:trace-dopant(Ce 0.0005)
Be13Th0.052U0.948-MP-mp-1163-synth_doped.cif,Be13Th0.052U0.948,0.38,V45,1,1,A:trace-dopant(Th 0.0037)
La1.85Sr0.15Cu0.975Ga0.025O4-MP-mp-1077929.cif,La1.85Sr0.15Cu0.975Ga0.025O4,0.35,new,1,1,A:trace-dopant(Ga 0.0036)
Pd0.009Pt2.991U1-MP-mp-30855-synth_doped.cif,Pd0.009Pt2.991U1,0.345,V45,1,1,A:trace-dopant(Pd 0.0022)
Be13Th0.06U0.94-MP-mp-1163-synth_doped.cif,Be13Th0.06U0.94,0.344,V45,1,1,A:trace-dopant(Th 0.0043)
Al0.998Mn0.002-MP-mp-1104165-synth_doped.cif,Al0.998Mn0.002,0.262,V45,1,1,A:trace-dopant(Mn 0.0020)
Pd0.012Pt2.988U1-MP-mp-30855-synth_doped.cif,Pd0.012Pt2.988U1,0.24,V45,1,1,A:trace-dopant(Pd 0.0030)
Re0.01Ru1.99Si2U1-MP-mp-3388-synth_doped.cif,Re0.01Ru1.99Si2U1,0.23,V45,1,1,A:trace-dopant(Re 0.0020)
La1Fe0.985Zn0.015As1F0.08O0.9-MP-mp-1281007.cif,La1Fe0.985Zn0.015As1F0.08O0.9,0.2,new,1,1,A:trace-dopant(Zn 0.0038)
Al28Ca24O66-MP-mp-532016.cif,Al28Ca24O66,0.195,V45,1,1,"A:huge-coefficient(max 66, 118 atoms)"
Ce0.985La0.015Pt3Si1-MP-mp-1207119-synth_doped.cif,Ce0.985La0.015Pt3Si1,0.15,V45,1,1,A:trace-dopant(La 0.0030)
Pr0.96La0.04Ir2Zn20-MP-mp-79.cif,Pr0.96La0.04Ir2Zn20,0.07,new,1,1,A:trace-dopant(La 0.0017)
Pb0.996Te1Tl0.004-MP-mp-19717-synth_doped.cif,Pb0.996Te1Tl0.004,0.061,V45,1,1,A:trace-dopant(Tl 0.0020)
La1.85Sr0.15Cu0.982Fe0.018O4-MP-mp-1077929.cif,La1.85Sr0.15Cu0.982Fe0.018O4,0.05,new,1,1,A:trace-dopant(Fe 0.0026)
Al3Pd2U0.98Y0.02-MP-mp-4561-synth_doped.cif,Al3Pd2U0.98Y0.02,0.0,V45,1,1,A:trace-dopant(Y 0.0033)
As1Fe0.99Ni0.01Sm1O1-MP-mp-20349-synth_doped.cif,As1Fe0.99Ni0.01Sm1O1,0.0,V45,1,1,A:trace-dopant(Ni 0.0025)
B6Ce0.01Y0.99-MP-mp-2203-synth_doped.cif,B6Ce0.01Y0.99,0.0,V45,1,1,A:trace-dopant(Ce 0.0014)
B6Dy0.01Y0.99-MP-mp-2203-synth_doped.cif,B6Dy0.01Y0.99,0.0,V45,1,1,A:trace-dopant(Dy 0.0014)
B6Er0.01Y0.99-MP-mp-2203-synth_doped.cif,B6Er0.01Y0.99,0.0,V45,1,1,A:trace-dopant(Er 0.0014)
B6Eu0.01Y0.99-MP-mp-2203-synth_doped.cif,B6Eu0.01Y0.99,0.0,V45,1,1,A:trace-dopant(Eu 0.0014)
B6Ho0.01Y0.99-MP-mp-2203-synth_doped.cif,B6Ho0.01Y0.99,0.0,V45,1,1,A:trace-dopant(Ho 0.0014)
B6Pr0.01Y0.99-MP-mp-2203-synth_doped.cif,B6Pr0.01Y0.99,0.0,V45,1,1,A:trace-dopant(Pr 0.0014)
B6Sm0.01Y0.99-MP-mp-2203-synth_doped.cif,B6Sm0.01Y0.99,0.0,V45,1,1,A:trace-dopant(Sm 0.0014)
B6Tb0.01Y0.99-MP-mp-2203-synth_doped.cif,B6Tb0.01Y0.99,0.0,V45,1,1,A:trace-dopant(Tb 0.0014)
B6Tm0.01Y0.99-MP-mp-2203-synth_doped.cif,B6Tm0.01Y0.99,0.0,V45,1,1,A:trace-dopant(Tm 0.0014)
B6Y0.99Yb0.01-MP-mp-2203-synth_doped.cif,B6Y0.99Yb0.01,0.0,V45,1,1,A:trace-dopant(Yb 0.0014)
Ba0.004Cu1La1.996O4-MP-mp-1077929-synth_doped.cif,Ba0.004Cu1La1.996O4,0.0,V45,1,1,A:trace-dopant(Ba 0.0006)
Ba0.014Cu1La1.986O4-MP-mp-1077929-synth_doped.cif,Ba0.014Cu1La1.986O4,0.0,V45,1,1,A:trace-dopant(Ba 0.0020)
Ba0.016Cu1La1.984O4-MP-mp-1077929-synth_doped.cif,Ba0.016Cu1La1.984O4,0.0,V45,1,1,A:trace-dopant(Ba 0.0023)
Ba0.01Cu1La1.99O4-MP-mp-1077929-synth_doped.cif,Ba0.01Cu1La1.99O4,0.0,V45,1,1,A:trace-dopant(Ba 0.0014)
Ba0.024Cu1La1.976O4-MP-mp-1077929-synth_doped.cif,Ba0.024Cu1La1.976O4,0.0,V45,1,1,A:trace-dopant(Ba 0.0034)
Ba0.02Cu1La1.98O4-MP-mp-1077929-synth_doped.cif,Ba0.02Cu1La1.98O4,0.0,V45,1,1,A:trace-dopant(Ba 0.0029)
Ba0.03Cu1La1.97O4-MP-mp-1077929-synth_doped.cif,Ba0.03Cu1La1.97O4,0.0,V45,1,1,A:trace-dopant(Ba 0.0043)
Ba2Ca0.03Cu3Y0.97O6-MP-mp-22215-synth_doped.cif,Ba2Ca0.03Cu3Y0.97O6,0.0,V45,1,1,A:trace-dopant(Ca 0.0025)
C1Mg1Mn0.01Ni2.99-MP-mp-10700-synth_doped.cif,C1Mg1Mn0.01Ni2.99,0.0,V45,1,1,A:trace-dopant(Mn 0.0020)
Ca0.01Nd0.99Ni1O3-MP-mp-22106-synth_doped.cif,Ca0.01Nd0.99Ni1O3,0.0,V45,1,1,A:trace-dopant(Ca 0.0020)
Ca0.02Nd0.98Ni1O3-MP-mp-22106-synth_doped.cif,Ca0.02Nd0.98Ni1O3,0.0,V45,1,1,A:trace-dopant(Ca 0.0040)
Ce0.002La0.998Pt1Si1-MP-mp-1206485-synth_doped.cif,Ce0.002La0.998Pt1Si1,0.0,V45,1,1,A:trace-dopant(Ce 0.0007)
Ce0.01Cu1Nd1.99O4-MP-mp-4158-synth_doped.cif,Ce0.01Cu1Nd1.99O4,0.0,V45,1,1,A:trace-dopant(Ce 0.0014)
Ce0.025Cu1Nd1.975O4-MP-mp-4158-synth_doped.cif,Ce0.025Cu1Nd1.975O4,0.0,V45,1,1,A:trace-dopant(Ce 0.0036)
Co20Zr80-MP-mp-1207434.cif,Co20Zr80,0.0,V45,1,1,"A:huge-coefficient(max 80, 100 atoms)"
Cu0.975La2Li0.025O4-MP-mp-1077929-synth_doped.cif,Cu0.975La2Li0.025O4,0.0,V45,1,1,A:trace-dopant(Li 0.0036)
Cu0.97La2Li0.03O4-MP-mp-1077929-synth_doped.cif,Cu0.97La2Li0.03O4,0.0,V45,1,1,A:trace-dopant(Li 0.0043)
Cu0.985La2Li0.015O4-MP-mp-1077929-synth_doped.cif,Cu0.985La2Li0.015O4,0.0,V45,1,1,A:trace-dopant(Li 0.0021)
Cu0.98La2Li0.02O4-MP-mp-1077929-synth_doped.cif,Cu0.98La2Li0.02O4,0.0,V45,1,1,A:trace-dopant(Li 0.0029)
Cu0.98La2Zn0.02O4-MP-mp-1077929-synth_doped.cif,Cu0.98La2Zn0.02O4,0.0,V45,1,1,A:trace-dopant(Zn 0.0029)
Cu0.995La2Li0.005O4-MP-mp-1077929-synth_doped.cif,Cu0.995La2Li0.005O4,0.0,V45,1,1,A:trace-dopant(Li 0.0007)
Cu0.99La2Li0.01O4-MP-mp-1077929-synth_doped.cif,Cu0.99La2Li0.01O4,0.0,V45,1,1,A:trace-dopant(Li 0.0014)
Cu0.99La2Zn0.01O4-MP-mp-1077929-synth_doped.cif,Cu0.99La2Zn0.01O4,0.0,V45,1,1,A:trace-dopant(Zn 0.0014)
Cu1Eu0.02La1.98O4-MP-mp-1077929-synth_doped.cif,Cu1Eu0.02La1.98O4,0.0,V45,1,1,A:trace-dopant(Eu 0.0029)
Cu1La1.975Sr0.025O4-MP-mp-1077929-synth_doped.cif,Cu1La1.975Sr0.025O4,0.0,V45,1,1,A:trace-dopant(Sr 0.0036)
Cu1La1.983Sr0.017O4-MP-mp-1077929-synth_doped.cif,Cu1La1.983Sr0.017O4,0.0,V45,1,1,A:trace-dopant(Sr 0.0024)
Cu1La1.98Na0.02O4-MP-mp-1077929-synth_doped.cif,Cu1La1.98Na0.02O4,0.0,V45,1,1,A:trace-dopant(Na 0.0029)
Cu1La1.98Sr0.02O4-MP-mp-1077929-synth_doped.cif,Cu1La1.98Sr0.02O4,0.0,V45,1,1,A:trace-dopant(Sr 0.0029)
Cu1La1.99Sr0.01O4-MP-mp-1077929-synth_doped.cif,Cu1La1.99Sr0.01O4,0.0,V45,1,1,A:trace-dopant(Sr 0.0014)
Fe1.995K0.8Se2Zn0.005-MP-mp-1070735-synth_doped.cif,Fe1.995K0.8Se2Zn0.005,0.0,V45,1,1,A:trace-dopant(Zn 0.0010)
Ir0.99Pd0.01Te2-MP-mp-569322-synth_doped.cif,Ir0.99Pd0.01Te2,0.0,V45,1,1,A:trace-dopant(Pd 0.0033)
K1Nb0.008Ta0.992O3-MP-mp-3614-synth_doped.cif,K1Nb0.008Ta0.992O3,0.0,V45,1,1,A:trace-dopant(Nb 0.0016)
K1Nb0.012Ta0.988O3-MP-mp-3614-synth_doped.cif,K1Nb0.012Ta0.988O3,0.0,V45,1,1,A:trace-dopant(Nb 0.0024)
K1Nb0.02Ta0.98O3-MP-mp-3614-synth_doped.cif,K1Nb0.02Ta0.98O3,0.0,V45,1,1,A:trace-dopant(Nb 0.0040)
Nd0.98Ni1Sr0.02O3-MP-mp-22106-synth_doped.cif,Nd0.98Ni1Sr0.02O3,0.0,V45,1,1,A:trace-dopant(Sr 0.0040)
Nd0.99Ni1Sr0.01O3-MP-mp-22106-synth_doped.cif,Nd0.99Ni1Sr0.01O3,0.0,V45,1,1,A:trace-dopant(Sr 0.0020)
Ru0.995Sr2Ti0.005O4-MP-mp-4596-synth_doped.cif,Ru0.995Sr2Ti0.005O4,0.0,V45,1,1,A:trace-dopant(Ti 0.0007)
Al0.996Co0.004-MP-mp-134.cif,Al0.996Co0.004,0.0,new,1,1,A:trace-dopant(Co 0.0040)
Al0.998Fe0.002-MP-mp-134.cif,Al0.998Fe0.002,0.0,new,1,1,A:trace-dopant(Fe 0.0020)
La1Fe0.99Co0.01As1O1-MP-mp-1281007.cif,La1Fe0.99Co0.01As1O1,0.0,new,1,1,A:trace-dopant(Co 0.0025)
La1Fe0.9924Mn0.0076As1F0.11O0.89-MP-mp-1281007.cif,La1Fe0.9924Mn0.0076As1F0.11O0.89,0.0,new,1,1,A:trace-dopant(Mn 0.0019)
Ba0.98La0.02Fe2As2-MP-mp-2903350.cif,Ba0.98La0.02Fe2As2,0.0,new,1,1,A:trace-dopant(La 0.0040)
Ba1Fe1.942Co0.048Cu0.01As2-MP-mp-2903350.cif,Ba1Fe1.942Co0.048Cu0.01As2,0.0,new,1,1,A:trace-dopant(Cu 0.0020)
Ba1Fe1.9846Cu0.0154As2-MP-mp-2903350.cif,Ba1Fe1.9846Cu0.0154As2,0.0,new,1,1,A:trace-dopant(Cu 0.0031)
Ba1Fe1.98Pt0.02As2-MP-mp-2903350.cif,Ba1Fe1.98Pt0.02As2,0.0,new,1,1,A:trace-dopant(Pt 0.0040)
Ba1Fe1.9866Ni0.0134As2-MP-mp-2903350.cif,Ba1Fe1.9866Ni0.0134As2,0.0,new,1,1,A:trace-dopant(Ni 0.0027)
La1.94Ba0.06Cu0.99Ga0.01O4-MP-mp-1077929.cif,La1.94Ba0.06Cu0.99Ga0.01O4,0.0,new,1,1,A:trace-dopant(Ga 0.0014)
La1.94Ba0.06Cu0.99Ni0.01O4-MP-mp-1077929.cif,La1.94Ba0.06Cu0.99Ni0.01O4,0.0,new,1,1,A:trace-dopant(Ni 0.0014)
La1.94Ba0.06Cu0.99Zn0.01O4-MP-mp-1077929.cif,La1.94Ba0.06Cu0.99Zn0.01O4,0.0,new,1,1,A:trace-dopant(Zn 0.0014)
La1.55Nd0.3Ca0.028Ba0.122Cu1O4-MP-mp-1223089.cif,La1.55Nd0.3Ca0.028Ba0.122Cu1O4,0.0,new,1,1,A:trace-dopant(Ca 0.0040)
La1.88Ba0.12Cu0.99Zn0.01O4-MP-mp-1077929.cif,La1.88Ba0.12Cu0.99Zn0.01O4,0.0,new,1,1,A:trace-dopant(Zn 0.0014)
La1.875Ba0.125Cu0.99Ni0.01O4-MP-mp-1077929.cif,La1.875Ba0.125Cu0.99Ni0.01O4,0.0,new,1,1,A:trace-dopant(Ni 0.0014)
La1.875Ba0.125Cu0.98Ni0.02O4-MP-mp-1077929.cif,La1.875Ba0.125Cu0.98Ni0.02O4,0.0,new,1,1,A:trace-dopant(Ni 0.0029)
La1.875Ba0.125Cu0.98Zn0.02O4-MP-mp-1077929.cif,La1.875Ba0.125Cu0.98Zn0.02O4,0.0,new,1,1,A:trace-dopant(Zn 0.0029)
La1.5Nd0.35Ca0.018Ba0.132Cu1O4-MP-mp-1223089.cif,La1.5Nd0.35Ca0.018Ba0.132Cu1O4,0.0,new,1,1,A:trace-dopant(Ca 0.0026)
La1.87Ba0.13Cu0.99Li0.01O4-MP-mp-1077929.cif,La1.87Ba0.13Cu0.99Li0.01O4,0.0,new,1,1,A:trace-dopant(Li 0.0014)
La1.87Ba0.13Cu0.98Li0.02O4-MP-mp-1077929.cif,La1.87Ba0.13Cu0.98Li0.02O4,0.0,new,1,1,A:trace-dopant(Li 0.0029)
La1.45Nd0.4Ca0.01Ba0.14Cu1O4-MP-mp-1223089.cif,La1.45Nd0.4Ca0.01Ba0.14Cu1O4,0.0,new,1,1,A:trace-dopant(Ca 0.0014)
La1.86Ba0.14Cu0.99Ga0.01O4-MP-mp-1077929.cif,La1.86Ba0.14Cu0.99Ga0.01O4,0.0,new,1,1,A:trace-dopant(Ga 0.0014)
La1.86Ba0.14Cu0.99Zn0.01O4-MP-mp-1077929.cif,La1.86Ba0.14Cu0.99Zn0.01O4,0.0,new,1,1,A:trace-dopant(Zn 0.0014)
La1.7Ba0.3Cu0.99Ga0.01O4-MP-mp-1077929.cif,La1.7Ba0.3Cu0.99Ga0.01O4,0.0,new,1,1,A:trace-dopant(Ga 0.0014)
La1.7Ba0.3Cu0.99Ni0.01O4-MP-mp-1077929.cif,La1.7Ba0.3Cu0.99Ni0.01O4,0.0,new,1,1,A:trace-dopant(Ni 0.0014)
La3Ca0.1Cd0.9Ba3Cu7O16.217-MP-mp-1228470.cif,La3Ca0.1Cd0.9Ba3Cu7O16.217,0.0,new,1,1,A:trace-dopant(Ca 0.0033)
Ba1.6Sr0.4Yb0.95Ca0.05Cu3O6-MP-mp-1218417.cif,Ba1.6Sr0.4Yb0.95Ca0.05Cu3O6,0.0,new,1,1,A:trace-dopant(Ca 0.0042)
Gd1Ba2Cu3.96Fe0.04O8-MP-mp-1214720.cif,Gd1Ba2Cu3.96Fe0.04O8,0.0,new,1,1,A:trace-dopant(Fe 0.0027)
Y0.95Ca0.05Ba2Fe3O8.08-MP-mp-1194618.cif,Y0.95Ca0.05Ba2Fe3O8.08,0.0,new,1,1,A:trace-dopant(Ca 0.0036)
Y1Ba2Cu2.94Zn0.06O6.91-MP-mp-20674.cif,Y1Ba2Cu2.94Zn0.06O6.91,0.0,new,1,1,A:trace-dopant(Zn 0.0046)
Eu1Ba2Cu2.955Zn0.045O6.92-MP-mp-622211.cif,Eu1Ba2Cu2.955Zn0.045O6.92,0.0,new,1,1,A:trace-dopant(Zn 0.0035)
Y1Ba2Cu2.94Zr0.06O6.82-MP-mp-20674.cif,Y1Ba2Cu2.94Zr0.06O6.82,0.0,new,1,1,A:trace-dopant(Zr 0.0047)
Y1Ba2Cu2.94Zn0.06O6.42-MP-mp-1228903.cif,Y1Ba2Cu2.94Zn0.06O6.42,0.0,new,1,1,A:trace-dopant(Zn 0.0048)
Y1Ba2Cu2.94Zn0.06O6.38-MP-mp-1229067.cif,Y1Ba2Cu2.94Zn0.06O6.38,0.0,new,1,1,A:trace-dopant(Zn 0.0048)
Y1Ba2Cu2.94Zn0.06O6.33-MP-mp-1229067.cif,Y1Ba2Cu2.94Zn0.06O6.33,0.0,new,1,1,A:trace-dopant(Zn 0.0049)
Y0.95Ca0.05Ba2Cu3O6.06-MP-mp-1229067.cif,Y0.95Ca0.05Ba2Cu3O6.06,0.0,new,1,1,A:trace-dopant(Ca 0.0041)
Y1Ba2Cu2.94Zn0.06O6.03-MP-mp-1229067.cif,Y1Ba2Cu2.94Zn0.06O6.03,0.0,new,1,1,A:trace-dopant(Zn 0.0050)
Y1Ba2Cu2.94Zn0.06O6.53-MP-mp-1228425.cif,Y1Ba2Cu2.94Zn0.06O6.53,0.0,new,1,1,A:trace-dopant(Zn 0.0048)
Y1Ba2Cu2.95Fe0.05O6.52-MP-mp-1228425.cif,Y1Ba2Cu2.95Fe0.05O6.52,0.0,new,1,1,A:trace-dopant(Fe 0.0040)
Y1Ba2Cu2.94Zn0.06O6.48-MP-mp-20897.cif,Y1Ba2Cu2.94Zn0.06O6.48,0.0,new,1,1,A:trace-dopant(Zn 0.0048)
Bi7.5Pb92.5-MP-mp-20483.cif,Bi7.5Pb92.5,0.0,new,1,1,"A:huge-coefficient(max 92, 100 atoms)"
Pr1.29La0.7Ce0.01Cu1O4-MP-mp-1077929.cif,Pr1.29La0.7Ce0.01Cu1O4,0.0,new,1,1,A:trace-dopant(Ce 0.0014)
Nd1.85Ce0.15Cu0.99Co0.01O4-MP-mp-4158.cif,Nd1.85Ce0.15Cu0.99Co0.01O4,0.0,new,1,1,A:trace-dopant(Co 0.0014)
Nd1.85Ce0.15Cu0.98Co0.02O4-MP-mp-4158.cif,Nd1.85Ce0.15Cu0.98Co0.02O4,0.0,new,1,1,A:trace-dopant(Co 0.0029)
Nd1.85Ce0.15Cu0.99Ni0.01O4-MP-mp-4158.cif,Nd1.85Ce0.15Cu0.99Ni0.01O4,0.0,new,1,1,A:trace-dopant(Ni 0.0014)
Nd1.85Ce0.15Cu0.98Ni0.02O4-MP-mp-4158.cif,Nd1.85Ce0.15Cu0.98Ni0.02O4,0.0,new,1,1,A:trace-dopant(Ni 0.0029)
Y9Co6.95Pd0.05-MP-mp-112.cif,Y9Co6.95Pd0.05,0.0,new,1,1,A:trace-dopant(Pd 0.0031)
La1.983Sr0.017Cu0.75Zn0.25O4-MP-mp-1077929.cif,La1.983Sr0.017Cu0.75Zn0.25O4,0.0,new,1,1,A:trace-dopant(Sr 0.0024)
La1.983Sr0.017Cu0.8Zn0.2O4-MP-mp-1077929.cif,La1.983Sr0.017Cu0.8Zn0.2O4,0.0,new,1,1,A:trace-dopant(Sr 0.0024)
La1.983Sr0.017Cu0.85Zn0.15O4-MP-mp-1077929.cif,La1.983Sr0.017Cu0.85Zn0.15O4,0.0,new,1,1,A:trace-dopant(Sr 0.0024)
La1.983Sr0.017Cu0.9Zn0.1O4-MP-mp-1077929.cif,La1.983Sr0.017Cu0.9Zn0.1O4,0.0,new,1,1,A:trace-dopant(Sr 0.0024)
La1.983Sr0.017Cu0.95Zn0.05O4-MP-mp-1077929.cif,La1.983Sr0.017Cu0.95Zn0.05O4,0.0,new,1,1,A:trace-dopant(Sr 0.0024)
La1.85Sr0.15Cu0.973Fe0.027O4-MP-mp-1077929.cif,La1.85Sr0.15Cu0.973Fe0.027O4,0.0,new,1,1,A:trace-dopant(Fe 0.0039)
La1.8Sr0.2Cu0.975Ni0.025O4-MP-mp-1077929.cif,La1.8Sr0.2Cu0.975Ni0.025O4,0.0,new,1,1,A:trace-dopant(Ni 0.0036)
La1.86Sr0.14Cu0.97Ni0.03O4-MP-mp-1077929.cif,La1.86Sr0.14Cu0.97Ni0.03O4,0.0,new,1,1,A:trace-dopant(Ni 0.0043)
La1.82Sr0.18Cu0.975Ni0.025O4-MP-mp-1077929.cif,La1.82Sr0.18Cu0.975Ni0.025O4,0.0,new,1,1,A:trace-dopant(Ni 0.0036)
La1.78Sr0.22Cu0.985Ni0.015O4-MP-mp-1077929.cif,La1.78Sr0.22Cu0.985Ni0.015O4,0.0,new,1,1,A:trace-dopant(Ni 0.0021)
La1.79Sr0.21Cu0.99Ni0.01O4-MP-mp-1077929.cif,La1.79Sr0.21Cu0.99Ni0.01O4,0.0,new,1,1,A:trace-dopant(Ni 0.0014)
La1.8Sr0.2Cu0.985Ni0.015O4-MP-mp-1077929.cif,La1.8Sr0.2Cu0.985Ni0.015O4,0.0,new,1,1,A:trace-dopant(Ni 0.0021)
La1.84Sr0.16Cu0.99Ni0.01O4-MP-mp-1077929.cif,La1.84Sr0.16Cu0.99Ni0.01O4,0.0,new,1,1,A:trace-dopant(Ni 0.0014)
La1.86Sr0.14Cu0.99Ni0.01O4-MP-mp-1077929.cif,La1.86Sr0.14Cu0.99Ni0.01O4,0.0,new,1,1,A:trace-dopant(Ni 0.0014)
La1.86Sr0.14Cu0.99Zn0.01O4-MP-mp-1077929.cif,La1.86Sr0.14Cu0.99Zn0.01O4,0.0,new,1,1,A:trace-dopant(Zn 0.0014)
La1.86Sr0.14Cu0.985Zn0.015O4-MP-mp-1077929.cif,La1.86Sr0.14Cu0.985Zn0.015O4,0.0,new,1,1,A:trace-dopant(Zn 0.0021)
La1.82Sr0.18Cu0.99Ni0.01O4-MP-mp-1077929.cif,La1.82Sr0.18Cu0.99Ni0.01O4,0.0,new,1,1,A:trace-dopant(Ni 0.0014)
La1.82Sr0.18Cu0.985Zn0.015O4-MP-mp-1077929.cif,La1.82Sr0.18Cu0.985Zn0.015O4,0.0,new,1,1,A:trace-dopant(Zn 0.0021)
La1.99Sr0.01Cu0.988Zn0.012O4-MP-mp-1077929.cif,La1.99Sr0.01Cu0.988Zn0.012O4,0.0,new,1,1,A:trace-dopant(Sr 0.0014)
La1.795Sr0.205Cu0.995Ni0.005O4-MP-mp-1077929.cif,La1.795Sr0.205Cu0.995Ni0.005O4,0.0,new,1,1,A:trace-dopant(Ni 0.0007)
La1.8Sr0.2Cu0.995Ni0.005O4-MP-mp-1077929.cif,La1.8Sr0.2Cu0.995Ni0.005O4,0.0,new,1,1,A:trace-dopant(Ni 0.0007)
La1.84Sr0.16Cu0.995Zn0.005O4-MP-mp-1077929.cif,La1.84Sr0.16Cu0.995Zn0.005O4,0.0,new,1,1,A:trace-dopant(Zn 0.0007)
La1.86Sr0.14Cu0.995Ni0.005O4-MP-mp-1077929.cif,La1.86Sr0.14Cu0.995Ni0.005O4,0.0,new,1,1,A:trace-dopant(Ni 0.0007)
La1.86Sr0.14Cu0.994Zn0.006O4-MP-mp-1077929.cif,La1.86Sr0.14Cu0.994Zn0.006O4,0.0,new,1,1,A:trace-dopant(Zn 0.0009)
La1.92Sr0.08Cu0.994Zn0.006O4-MP-mp-1077929.cif,La1.92Sr0.08Cu0.994Zn0.006O4,0.0,new,1,1,A:trace-dopant(Zn 0.0009)
La1.99Sr0.01Cu0.996Zn0.004O4-MP-mp-1077929.cif,La1.99Sr0.01Cu0.996Zn0.004O4,0.0,new,1,1,A:trace-dopant(Zn 0.0006)
La1.84Sr0.16Cu0.9975Zn0.0025O4-MP-mp-1077929.cif,La1.84Sr0.16Cu0.9975Zn0.0025O4,0.0,new,1,1,A:trace-dopant(Zn 0.0004)
La1.86Sr0.14Cu0.9975Zn0.0025O4-MP-mp-1077929.cif,La1.86Sr0.14Cu0.9975Zn0.0025O4,0.0,new,1,1,A:trace-dopant(Zn 0.0004)
La1.83Sr0.17Cu0.98Ga0.02O4-MP-mp-1077929.cif,La1.83Sr0.17Cu0.98Ga0.02O4,0.0,new,1,1,A:trace-dopant(Ga 0.0029)
La1.7Sr0.3Cu0.98Zn0.02O4-MP-mp-1077929.cif,La1.7Sr0.3Cu0.98Zn0.02O4,0.0,new,1,1,A:trace-dopant(Zn 0.0029)
La1.84Sr0.16Cu0.98Ni0.02O4-MP-mp-1077929.cif,La1.84Sr0.16Cu0.98Ni0.02O4,0.0,new,1,1,A:trace-dopant(Ni 0.0029)
La1.86Sr0.14Cu0.98Ni0.02O4-MP-mp-1077929.cif,La1.86Sr0.14Cu0.98Ni0.02O4,0.0,new,1,1,A:trace-dopant(Ni 0.0029)
La1.87Sr0.13Cu0.98Zn0.02O4-MP-mp-1077929.cif,La1.87Sr0.13Cu0.98Zn0.02O4,0.0,new,1,1,A:trace-dopant(Zn 0.0029)
La1.885Sr0.115Cu0.98Zn0.02O4-MP-mp-1077929.cif,La1.885Sr0.115Cu0.98Zn0.02O4,0.0,new,1,1,A:trace-dopant(Zn 0.0029)
La1.82Sr0.18Cu0.98Ni0.02O4-MP-mp-1077929.cif,La1.82Sr0.18Cu0.98Ni0.02O4,0.0,new,1,1,A:trace-dopant(Ni 0.0029)
La1.9Sr0.1Cu0.98Ni0.02O4-MP-mp-1077929.cif,La1.9Sr0.1Cu0.98Ni0.02O4,0.0,new,1,1,A:trace-dopant(Ni 0.0029)
La1.92Sr0.08Cu0.98Ni0.02O4-MP-mp-1077929.cif,La1.92Sr0.08Cu0.98Ni0.02O4,0.0,new,1,1,A:trace-dopant(Ni 0.0029)
La0.9Sr0.1Cu1.98Ni0.02O4-MP-mp-9416.cif,La0.9Sr0.1Cu1.98Ni0.02O4,0.0,new,1,1,A:trace-dopant(Ni 0.0029)
V75Ge5Sn20-MP-mp-1105285.cif,V75Ge5Sn20,0.0,new,1,1,"A:huge-coefficient(max 75, 100 atoms)"
V75Ge12.5Sn12.5-MP-mp-1105285.cif,V75Ge12.5Sn12.5,0.0,new,1,1,"A:huge-coefficient(max 75, 100 atoms)"
Hg0.0045Tl0.9955-MP-mp-82.cif,Hg0.0045Tl0.9955,0.0,new,1,1,A:trace-dopant(Hg 0.0045)
Mn0.002Ti0.499Zr0.499-MP-mp-1215200.cif,Mn0.002Ti0.499Zr0.499,0.0,new,1,1,A:trace-dopant(Mn 0.0020)
Nb1N-MP-mp-2634.cif,Nb1N,0.0,new,1,1,E:literature-IQR-6.8K(n=3)
Zr32.2V64.3Nb3.53-MP-mp-146.cif,Zr32.2V64.3Nb3.53,0.0,new,1,1,"A:huge-coefficient(max 64, 100 atoms)"
Ni28U72-MP-mp-44.cif,Ni28U72,0.0,new,1,1,"A:huge-coefficient(max 72, 100 atoms)"
La3.3Gd0.1Ca0.2Ba3.4Cu7O16.449-MP-icsd-64631.cif,La3.3Gd0.1Ca0.2Ba3.4Cu7O16.449,0.0,new,1,1,A:trace-dopant(Gd 0.0033)
Pr0.86LaCe0.14Cu0.99Zn0.01O4-MP-icsd-41494.cif,Pr0.86LaCe0.14Cu0.99Zn0.01O4,0.0,new,1,1,A:trace-dopant(Zn 0.0014)
Pr0.86LaCe0.14Cu0.98Zn0.02O4-MP-icsd-41494.cif,Pr0.86LaCe0.14Cu0.98Zn0.02O4,0.0,new,1,1,A:trace-dopant(Zn 0.0029)
Pr0.86LaCe0.14Cu0.99Ni0.01O4-MP-icsd-41494.cif,Pr0.86LaCe0.14Cu0.99Ni0.01O4,0.0,new,1,1,A:trace-dopant(Ni 0.0014)
Pr0.86LaCe0.14Cu0.98Ni0.02O4-MP-icsd-41494.cif,Pr0.86LaCe0.14Cu0.98Ni0.02O4,0.0,new,1,1,A:trace-dopant(Ni 0.0029)
La1.875Sr0.125Cu0.99Zn0.01O4-MP-icsd-41494.cif,La1.875Sr0.125Cu0.99Zn0.01O4,0.0,new,1,1,A:trace-dopant(Zn 0.0014)
Pr0.98Ca0.02Ba2Cu4O8-MP-mp-6779.cif,Pr0.98Ca0.02Ba2Cu4O8,0.0,new,1,1,A:trace-dopant(Ca 0.0013)
Pr0.95Ca0.05Ba2Cu4O8-MP-mp-6779.cif,Pr0.95Ca0.05Ba2Cu4O8,0.0,new,1,1,A:trace-dopant(Ca 0.0033)
